{"mean":{"confidence_interval":{"confidence_level":0.95,"lower_bound":449043.81057166576,"upper_bound":461649.66467552906},"point_estimate":455141.8832495234,"standard_error":3223.164212572419},"median":{"confidence_interval":{"confidence_level":0.95,"lower_bound":446241.2292684598,"upper_bound":456257.53233830846},"point_estimate":450224.64215686277,"standard_error":2807.968998785599},"median_abs_dev":{"confidence_interval":{"confidence_level":0.95,"lower_bound":17225.364808114104,"upper_bound":31215.70278313252},"point_estimate":24951.434464798884,"standard_error":3634.1071743471803},"slope":{"confidence_interval":{"confidence_level":0.95,"lower_bound":445110.2206485928,"upper_bound":456323.91631603317},"point_estimate":450685.5399014827,"standard_error":2858.9853918405424},"std_dev":{"confidence_interval":{"confidence_level":0.95,"lower_bound":25085.202102668776,"upper_bound":38939.28673102337},"point_estimate":32338.770728913612,"standard_error":3542.7378676396584}}