{"mean":{"confidence_interval":{"confidence_level":0.95,"lower_bound":2735886.135875,"upper_bound":2848842.870125},"point_estimate":2790189.265,"standard_error":28863.138859677372},"median":{"confidence_interval":{"confidence_level":0.95,"lower_bound":2678974.5,"upper_bound":2839077.5},"point_estimate":2764563.625,"standard_error":43127.186521347256},"median_abs_dev":{"confidence_interval":{"confidence_level":0.95,"lower_bound":204601.58550884583,"upper_bound":311075.6006691787},"point_estimate":260071.57165780663,"standard_error":26999.021170175427},"slope":null,"std_dev":{"confidence_interval":{"confidence_level":0.95,"lower_bound":223665.5290481012,"upper_bound":360968.03887094016},"point_estimate":293153.4497703611,"standard_error":35563.48743610406}}