{"mean":{"confidence_interval":{"confidence_level":0.95,"lower_bound":2761086.2708125,"upper_bound":2840667.1449375},"point_estimate":2796517.6725,"standard_error":20413.358716811697},"median":{"confidence_interval":{"confidence_level":0.95,"lower_bound":2750658.0,"upper_bound":2804620.625},"point_estimate":2780070.5,"standard_error":15695.338413746684},"median_abs_dev":{"confidence_interval":{"confidence_level":0.95,"lower_bound":98889.60356935859,"upper_bound":157526.6178533435},"point_estimate":130431.73268437386,"standard_error":15335.064858146297},"slope":null,"std_dev":{"confidence_interval":{"confidence_level":0.95,"lower_bound":112525.05495815775,"upper_bound":304912.9631766347},"point_estimate":205322.15033392856,"standard_error":57305.65934196067}}