{"mean":{"confidence_interval":{"confidence_level":0.95,"lower_bound":1879590.9558125,"upper_bound":2122677.55225},"point_estimate":1983944.8925,"standard_error":62696.819642682225},"median":{"confidence_interval":{"confidence_level":0.95,"lower_bound":1862011.0,"upper_bound":1899386.75},"point_estimate":1878948.875,"standard_error":8819.798223972075},"median_abs_dev":{"confidence_interval":{"confidence_level":0.95,"lower_bound":69869.00635957718,"upper_bound":130879.10722643137},"point_estimate":104265.88172391057,"standard_error":15679.937267364377},"slope":null,"std_dev":{"confidence_interval":{"confidence_level":0.95,"lower_bound":156105.43759942488,"upper_bound":954653.8728623901},"point_estimate":631370.9330869161,"standard_error":202788.00366263522}}