{"mean":{"confidence_interval":{"confidence_level":0.95,"lower_bound":3261935.633375,"upper_bound":3588439.69825},"point_estimate":3417166.6,"standard_error":83285.05237858547},"median":{"confidence_interval":{"confidence_level":0.95,"lower_bound":3034375.75,"upper_bound":3145914.75},"point_estimate":3084651.5,"standard_error":27425.446830699853},"median_abs_dev":{"confidence_interval":{"confidence_level":0.95,"lower_bound":173576.79112214598,"upper_bound":333904.1237220168},"point_estimate":262275.08586868644,"standard_error":43315.46394527016},"slope":null,"std_dev":{"confidence_interval":{"confidence_level":0.95,"lower_bound":609002.5291712177,"upper_bound":1034141.2761399939},"point_estimate":835478.3269575896,"standard_error":108324.7883764072}}