{"mean":{"confidence_interval":{"confidence_level":0.95,"lower_bound":17075725.135333344,"upper_bound":17980728.126500003},"point_estimate":17524719.029999994,"standard_error":230824.71405969604},"median":{"confidence_interval":{"confidence_level":0.95,"lower_bound":16424552.333333334,"upper_bound":18336255.5},"point_estimate":16796722.5,"standard_error":457998.6147034311},"median_abs_dev":{"confidence_interval":{"confidence_level":0.95,"lower_bound":2144254.1957318787,"upper_bound":3301272.744190693},"point_estimate":2788885.204887391,"standard_error":308186.0036909444},"slope":null,"std_dev":{"confidence_interval":{"confidence_level":0.95,"lower_bound":2081106.5126076248,"upper_bound":2528679.00859173},"point_estimate":2319675.6484117964,"standard_error":114337.60615087519}}