{"mean":{"confidence_interval":{"confidence_level":0.95,"lower_bound":58616153.3515,"upper_bound":60317707.572749995},"point_estimate":59450313.73,"standard_error":434807.3710212679},"median":{"confidence_interval":{"confidence_level":0.95,"lower_bound":57254741.0,"upper_bound":59630817.0},"point_estimate":58539504.5,"standard_error":529310.4516891052},"median_abs_dev":{"confidence_interval":{"confidence_level":0.95,"lower_bound":2936089.8381739855,"upper_bound":5481826.670578122},"point_estimate":4317379.307851195,"standard_error":647300.1370706079},"slope":null,"std_dev":{"confidence_interval":{"confidence_level":0.95,"lower_bound":3739219.503589331,"upper_bound":4930972.102900658},"point_estimate":4370759.287645746,"standard_error":304331.7148402703}}