{"mean":{"confidence_interval":{"confidence_level":0.95,"lower_bound":102985876.34575,"upper_bound":110089996.72425},"point_estimate":105599875.93,"standard_error":2007116.832864637},"median":{"confidence_interval":{"confidence_level":0.95,"lower_bound":101901639.5,"upper_bound":103993759.0},"point_estimate":103378524.0,"standard_error":600443.8918358935},"median_abs_dev":{"confidence_interval":{"confidence_level":0.95,"lower_bound":2916664.072018862,"upper_bound":5595585.083958507},"point_estimate":4171898.444133997,"standard_error":658162.3102672093},"slope":null,"std_dev":{"confidence_interval":{"confidence_level":0.95,"lower_bound":3494822.0773122697,"upper_bound":34049417.953954786},"point_estimate":20154466.722878244,"standard_error":10537981.681265056}}