{"mean":{"confidence_interval":{"confidence_level":0.95,"lower_bound":44309812.594000004,"upper_bound":45453848.486250006},"point_estimate":44879159.975,"standard_error":292025.96136825316},"median":{"confidence_interval":{"confidence_level":0.95,"lower_bound":43846367.0,"upper_bound":45460634.5},"point_estimate":44788635.75,"standard_error":450440.3635569231},"median_abs_dev":{"confidence_interval":{"confidence_level":0.95,"lower_bound":2315888.9878347516,"upper_bound":3790469.152008217},"point_estimate":3030961.039839685,"standard_error":365308.2684945777},"slope":null,"std_dev":{"confidence_interval":{"confidence_level":0.95,"lower_bound":2573165.791950888,"upper_bound":3254238.818641683},"point_estimate":2936563.9553859592,"standard_error":173928.4207457713}}