{"mean":{"confidence_interval":{"confidence_level":0.95,"lower_bound":15814517.601249998,"upper_bound":16311767.864125},"point_estimate":16050054.705,"standard_error":127210.57019958374},"median":{"confidence_interval":{"confidence_level":0.95,"lower_bound":15493098.75,"upper_bound":15602650.25},"point_estimate":15546062.0,"standard_error":27402.06932410061},"median_abs_dev":{"confidence_interval":{"confidence_level":0.95,"lower_bound":140515.08043035865,"upper_bound":311461.2666204572},"point_estimate":213219.003264606,"standard_error":44613.87480086167},"slope":null,"std_dev":{"confidence_interval":{"confidence_level":0.95,"lower_bound":944364.1381864289,"upper_bound":1558182.7690277419},"point_estimate":1277425.6597312363,"standard_error":156647.34727226943}}