{"mean":{"confidence_interval":{"confidence_level":0.95,"lower_bound":17377478.80991666,"upper_bound":17666130.838499997},"point_estimate":17518763.89333333,"standard_error":73593.41001603569},"median":{"confidence_interval":{"confidence_level":0.95,"lower_bound":17241584.995833337,"upper_bound":17550000.666666668},"point_estimate":17372533.5,"standard_error":81403.1094802518},"median_abs_dev":{"confidence_interval":{"confidence_level":0.95,"lower_bound":436773.7051457148,"upper_bound":777872.7629899979},"point_estimate":564499.9399781227,"standard_error":87065.89962778451},"slope":null,"std_dev":{"confidence_interval":{"confidence_level":0.95,"lower_bound":599188.3545554489,"upper_bound":866303.3355111295},"point_estimate":738774.9636609922,"standard_error":68510.62490678497}}