{"mean":{"confidence_interval":{"confidence_level":0.95,"lower_bound":17360541.225333326,"upper_bound":18167840.617749996},"point_estimate":17751578.003333326,"standard_error":205825.8735272719},"median":{"confidence_interval":{"confidence_level":0.95,"lower_bound":16675464.5,"upper_bound":17541625.666666668},"point_estimate":17052136.0,"standard_error":218560.33061555517},"median_abs_dev":{"confidence_interval":{"confidence_level":0.95,"lower_bound":1072279.0643632393,"upper_bound":2169615.0566816325},"point_estimate":1404188.4733706703,"standard_error":273980.62209310196},"slope":null,"std_dev":{"confidence_interval":{"confidence_level":0.95,"lower_bound":1731315.513520766,"upper_bound":2386293.0835994114},"point_estimate":2077381.9988923678,"standard_error":167906.13385658228}}