{"mean":{"confidence_interval":{"confidence_level":0.95,"lower_bound":10833268.722949995,"upper_bound":10963101.501000002},"point_estimate":10896290.133999998,"standard_error":33174.23798283704},"median":{"confidence_interval":{"confidence_level":0.95,"lower_bound":10794223.6,"upper_bound":10929442.5},"point_estimate":10873538.9,"standard_error":33106.21020176},"median_abs_dev":{"confidence_interval":{"confidence_level":0.95,"lower_bound":222137.50927627113,"upper_bound":355402.49051034614},"point_estimate":295709.16081011243,"standard_error":33903.19034697628},"slope":null,"std_dev":{"confidence_interval":{"confidence_level":0.95,"lower_bound":258957.81324369376,"upper_bound":420659.374169186},"point_estimate":334983.22200292384,"standard_error":42786.11117903391}}