{"mean":{"confidence_interval":{"confidence_level":0.95,"lower_bound":12616515.048550004,"upper_bound":13101996.635349995},"point_estimate":12854956.224000001,"standard_error":124208.62016644675},"median":{"confidence_interval":{"confidence_level":0.95,"lower_bound":12519586.8,"upper_bound":13077585.0},"point_estimate":12812434.3,"standard_error":181620.14510666078},"median_abs_dev":{"confidence_interval":{"confidence_level":0.95,"lower_bound":983898.1170523156,"upper_bound":1571191.8455457678},"point_estimate":1314486.4800631986,"standard_error":151252.65300751297},"slope":null,"std_dev":{"confidence_interval":{"confidence_level":0.95,"lower_bound":1057830.8732385782,"upper_bound":1425189.1428111445},"point_estimate":1249633.197542255,"standard_error":94278.18124049931}}