{"mean":{"confidence_interval":{"confidence_level":0.95,"lower_bound":13137456.391625,"upper_bound":13608168.930125},"point_estimate":13360760.9925,"standard_error":119763.62525289002},"median":{"confidence_interval":{"confidence_level":0.95,"lower_bound":12950836.0,"upper_bound":13269811.0},"point_estimate":13146773.625,"standard_error":90476.15020051971},"median_abs_dev":{"confidence_interval":{"confidence_level":0.95,"lower_bound":577658.0147445202,"upper_bound":972253.2950140536},"point_estimate":779181.1574667692,"standard_error":101307.57381644231},"slope":null,"std_dev":{"confidence_interval":{"confidence_level":0.95,"lower_bound":872150.3823595804,"upper_bound":1492737.8234358642},"point_estimate":1202033.9572895204,"standard_error":158560.92917234657}}