{"mean":{"confidence_interval":{"confidence_level":0.95,"lower_bound":11573761.156450002,"upper_bound":11959498.998249996},"point_estimate":11763625.117999995,"standard_error":98545.1115710135},"median":{"confidence_interval":{"confidence_level":0.95,"lower_bound":11410039.4,"upper_bound":11835104.8},"point_estimate":11614120.9,"standard_error":107690.41823715986},"median_abs_dev":{"confidence_interval":{"confidence_level":0.95,"lower_bound":661153.7457221741,"upper_bound":1175416.1117641916},"point_estimate":920877.3882311593,"standard_error":134834.6092623443},"slope":null,"std_dev":{"confidence_interval":{"confidence_level":0.95,"lower_bound":845655.2368074527,"upper_bound":1114242.5504377473},"point_estimate":988795.4174445854,"standard_error":68847.88097681418}}