{"mean":{"confidence_interval":{"confidence_level":0.95,"lower_bound":13187531.459125,"upper_bound":13460509.9835},"point_estimate":13318928.0825,"standard_error":69610.5969313632},"median":{"confidence_interval":{"confidence_level":0.95,"lower_bound":13052186.5,"upper_bound":13304659.0},"point_estimate":13154140.75,"standard_error":64269.42633967197},"median_abs_dev":{"confidence_interval":{"confidence_level":0.95,"lower_bound":429822.5969441235,"upper_bound":689917.890201509},"point_estimate":540354.6874567866,"standard_error":68567.0550312808},"slope":null,"std_dev":{"confidence_interval":{"confidence_level":0.95,"lower_bound":540781.9903373545,"upper_bound":862180.0073801859},"point_estimate":701157.9513150404,"standard_error":82904.85741011756}}