{"mean":{"confidence_interval":{"confidence_level":0.95,"lower_bound":11801320.19595,"upper_bound":11958629.703050004},"point_estimate":11879326.545999995,"standard_error":40121.777076291495},"median":{"confidence_interval":{"confidence_level":0.95,"lower_bound":11689901.2,"upper_bound":11954726.399999999},"point_estimate":11820303.8,"standard_error":64843.677513988296},"median_abs_dev":{"confidence_interval":{"confidence_level":0.95,"lower_bound":257324.79575157192,"upper_bound":475893.8351511955},"point_estimate":342546.2730985891,"standard_error":53047.31242939732},"slope":null,"std_dev":{"confidence_interval":{"confidence_level":0.95,"lower_bound":343904.3933803738,"upper_bound":458536.0238418195},"point_estimate":404031.2557270745,"standard_error":29334.450523789554}}