{"mean":{"confidence_interval":{"confidence_level":0.95,"lower_bound":10630784.579300001,"upper_bound":10780884.768400004},"point_estimate":10704318.664,"standard_error":38347.19110385191},"median":{"confidence_interval":{"confidence_level":0.95,"lower_bound":10557549.0,"upper_bound":10696720.0},"point_estimate":10603699.2,"standard_error":36654.69956016477},"median_abs_dev":{"confidence_interval":{"confidence_level":0.95,"lower_bound":238759.67888116726,"upper_bound":448415.77201902703},"point_estimate":331304.0140181766,"standard_error":51322.041410192374},"slope":null,"std_dev":{"confidence_interval":{"confidence_level":0.95,"lower_bound":320254.26256419107,"upper_bound":446556.59391461225},"point_estimate":385608.98541305284,"standard_error":32385.186563579293}}