{"mean":{"confidence_interval":{"confidence_level":0.95,"lower_bound":12621754.1914375,"upper_bound":12804606.046687499},"point_estimate":12709035.6175,"standard_error":46775.732093614075},"median":{"confidence_interval":{"confidence_level":0.95,"lower_bound":12558390.5,"upper_bound":12712667.25},"point_estimate":12653904.0,"standard_error":34663.134630097375},"median_abs_dev":{"confidence_interval":{"confidence_level":0.95,"lower_bound":292854.6369507909,"upper_bound":477514.87289741635},"point_estimate":412279.5474305749,"standard_error":48274.349958782346},"slope":null,"std_dev":{"confidence_interval":{"confidence_level":0.95,"lower_bound":341568.17995968094,"upper_bound":595472.317156064},"point_estimate":471315.6067222648,"standard_error":65329.14295636216}}