{"mean":{"confidence_interval":{"confidence_level":0.95,"lower_bound":10145101.780124994,"upper_bound":10293362.865166668},"point_estimate":10214466.968333334,"standard_error":37736.23496647657},"median":{"confidence_interval":{"confidence_level":0.95,"lower_bound":10157514.75,"upper_bound":10268957.833333334},"point_estimate":10222390.666666668,"standard_error":29635.848467643344},"median_abs_dev":{"confidence_interval":{"confidence_level":0.95,"lower_bound":146630.86709678356,"upper_bound":283563.0593657498},"point_estimate":212706.14722370918,"standard_error":35434.74333020401},"slope":null,"std_dev":{"confidence_interval":{"confidence_level":0.95,"lower_bound":248193.35542475464,"upper_bound":515154.55535141245},"point_estimate":380274.169169445,"standard_error":70446.18698400067}}