{"mean":{"confidence_interval":{"confidence_level":0.95,"lower_bound":11580625.164400002,"upper_bound":11727481.301450005},"point_estimate":11653569.142000003,"standard_error":37407.42913734026},"median":{"confidence_interval":{"confidence_level":0.95,"lower_bound":11562627.2,"upper_bound":11697869.0},"point_estimate":11666428.4,"standard_error":35785.708849872906},"median_abs_dev":{"confidence_interval":{"confidence_level":0.95,"lower_bound":248738.9110440024,"upper_bound":464860.32614707947},"point_estimate":403791.1436712747,"standard_error":60576.883997094745},"slope":null,"std_dev":{"confidence_interval":{"confidence_level":0.95,"lower_bound":317510.4218625915,"upper_bound":431440.93049014115},"point_estimate":376526.04800683726,"standard_error":29085.368469575864}}