{"mean":{"confidence_interval":{"confidence_level":0.95,"lower_bound":14465886.3096875,"upper_bound":14898792.8714375},"point_estimate":14672706.0575,"standard_error":110622.12248616939},"median":{"confidence_interval":{"confidence_level":0.95,"lower_bound":14200146.5,"upper_bound":14533836.375},"point_estimate":14375497.75,"standard_error":91830.56381934718},"median_abs_dev":{"confidence_interval":{"confidence_level":0.95,"lower_bound":471395.8121560514,"upper_bound":856879.3109748501},"point_estimate":668879.4259250164,"standard_error":98684.84945037858},"slope":null,"std_dev":{"confidence_interval":{"confidence_level":0.95,"lower_bound":836810.2795298126,"upper_bound":1365436.9769480282},"point_estimate":1113818.810150286,"standard_error":135127.68041090688}}