{"mean":{"confidence_interval":{"confidence_level":0.95,"lower_bound":485.3424052470575,"upper_bound":490.64596765161815},"point_estimate":488.11038806710457,"standard_error":1.350385193447808},"median":{"confidence_interval":{"confidence_level":0.95,"lower_bound":486.8041768201445,"upper_bound":490.80664903536433},"point_estimate":488.99918023948715,"standard_error":0.9835008413131141},"median_abs_dev":{"confidence_interval":{"confidence_level":0.95,"lower_bound":5.188393875940627,"upper_bound":8.126513432855491},"point_estimate":6.9347263109553605,"standard_error":0.7599286192064749},"slope":{"confidence_interval":{"confidence_level":0.95,"lower_bound":484.3451913752861,"upper_bound":490.7254381662851},"point_estimate":487.83949471225026,"standard_error":1.6348384266770106},"std_dev":{"confidence_interval":{"confidence_level":0.95,"lower_bound":9.126865674573441,"upper_bound":17.179703729589715},"point_estimate":13.467613618309336,"standard_error":2.054028970358524}}