{"mean":{"confidence_interval":{"confidence_level":0.95,"lower_bound":10240713.886100005,"upper_bound":10407574.6717},"point_estimate":10315029.566000003,"standard_error":42772.88426847034},"median":{"confidence_interval":{"confidence_level":0.95,"lower_bound":10205730.8,"upper_bound":10288551.8},"point_estimate":10242311.2,"standard_error":23194.791186699265},"median_abs_dev":{"confidence_interval":{"confidence_level":0.95,"lower_bound":127683.28885317015,"upper_bound":207863.18498969052},"point_estimate":173066.11882746083,"standard_error":20311.674716297784},"slope":null,"std_dev":{"confidence_interval":{"confidence_level":0.95,"lower_bound":179459.22854096146,"upper_bound":623178.4844866389},"point_estimate":432096.36108011793,"standard_error":111954.01027847899}}