{"mean":{"confidence_interval":{"confidence_level":0.95,"lower_bound":12065472.351375,"upper_bound":12374412.2264375},"point_estimate":12218001.1125,"standard_error":78680.72735578129},"median":{"confidence_interval":{"confidence_level":0.95,"lower_bound":11941553.5,"upper_bound":12311015.5},"point_estimate":12131778.625,"standard_error":108653.0286695232},"median_abs_dev":{"confidence_interval":{"confidence_level":0.95,"lower_bound":519079.3778344989,"upper_bound":882870.5579896643},"point_estimate":690263.7066453695,"standard_error":92886.54169583613},"slope":null,"std_dev":{"confidence_interval":{"confidence_level":0.95,"lower_bound":652071.1078397654,"upper_bound":915169.5832444945},"point_estimate":789766.3408024776,"standard_error":67254.83416315731}}