{"mean":{"confidence_interval":{"confidence_level":0.95,"lower_bound":10457914.365849998,"upper_bound":10712570.410699999},"point_estimate":10576497.177999998,"standard_error":64779.68485797802},"median":{"confidence_interval":{"confidence_level":0.95,"lower_bound":10425081.4,"upper_bound":10624477.2},"point_estimate":10549651.2,"standard_error":52319.35206646951},"median_abs_dev":{"confidence_interval":{"confidence_level":0.95,"lower_bound":308909.1931557633,"upper_bound":549320.117757617},"point_estimate":448121.4759242532,"standard_error":63300.76138925439},"slope":null,"std_dev":{"confidence_interval":{"confidence_level":0.95,"lower_bound":408357.4707811863,"upper_bound":892853.7511576074},"point_estimate":648232.6291118873,"standard_error":129222.73926014132}}