{"mean":{"confidence_interval":{"confidence_level":0.95,"lower_bound":10053645.592499997,"upper_bound":10264240.72985},"point_estimate":10159292.518,"standard_error":53768.082414569544},"median":{"confidence_interval":{"confidence_level":0.95,"lower_bound":10072015.1,"upper_bound":10341647.0},"point_estimate":10243106.3,"standard_error":65773.64249126194},"median_abs_dev":{"confidence_interval":{"confidence_level":0.95,"lower_bound":363447.2151080232,"upper_bound":678917.5098938068},"point_estimate":505540.2007448676,"standard_error":87011.00018325324},"slope":null,"std_dev":{"confidence_interval":{"confidence_level":0.95,"lower_bound":470245.40731207083,"upper_bound":604419.1153191555},"point_estimate":541108.6560604884,"standard_error":34286.65250746825}}