{"mean":{"confidence_interval":{"confidence_level":0.95,"lower_bound":9471017.986541666,"upper_bound":9681213.27083333},"point_estimate":9572181.426666664,"standard_error":53601.098812684046},"median":{"confidence_interval":{"confidence_level":0.95,"lower_bound":9314419.333333334,"upper_bound":9554355.666666666},"point_estimate":9448279.416666666,"standard_error":66330.51832551965},"median_abs_dev":{"confidence_interval":{"confidence_level":0.95,"lower_bound":304480.5681943889,"upper_bound":511651.9226163626},"point_estimate":411723.32534045074,"standard_error":55291.54693094126},"slope":null,"std_dev":{"confidence_interval":{"confidence_level":0.95,"lower_bound":423074.1568471592,"upper_bound":648839.7329688935},"point_estimate":539174.4759053171,"standard_error":57941.000134174516}}