{"mean":{"confidence_interval":{"confidence_level":0.95,"lower_bound":9911145.578000003,"upper_bound":10098580.528000003},"point_estimate":9989079.232,"standard_error":48684.84081687216},"median":{"confidence_interval":{"confidence_level":0.95,"lower_bound":9855519.6,"upper_bound":9943842.600000001},"point_estimate":9895560.6,"standard_error":20181.541619309413},"median_abs_dev":{"confidence_interval":{"confidence_level":0.95,"lower_bound":148826.64707779774,"upper_bound":249953.30868244197},"point_estimate":199069.43976581097,"standard_error":26043.59220385343},"slope":null,"std_dev":{"confidence_interval":{"confidence_level":0.95,"lower_bound":195775.374464119,"upper_bound":784312.9755158568},"point_estimate":492394.67412836826,"standard_error":188523.75591508864}}