{"mean":{"confidence_interval":{"confidence_level":0.95,"lower_bound":13829790.8919375,"upper_bound":14138575.7065625},"point_estimate":13982782.0875,"standard_error":78760.91012888658},"median":{"confidence_interval":{"confidence_level":0.95,"lower_bound":13789116.0,"upper_bound":14105658.25},"point_estimate":13918545.75,"standard_error":94685.2769233249},"median_abs_dev":{"confidence_interval":{"confidence_level":0.95,"lower_bound":484903.0392162502,"upper_bound":872164.6387159824},"point_estimate":629407.7961757779,"standard_error":98486.60479910792},"slope":null,"std_dev":{"confidence_interval":{"confidence_level":0.95,"lower_bound":678195.403840299,"upper_bound":890370.609412546},"point_estimate":791095.997375078,"standard_error":54173.29074868996}}