{"mean":{"confidence_interval":{"confidence_level":0.95,"lower_bound":9721265.838499999,"upper_bound":9801698.416500002},"point_estimate":9760995.423999997,"standard_error":20519.950139527788},"median":{"confidence_interval":{"confidence_level":0.95,"lower_bound":9701024.0,"upper_bound":9758644.4},"point_estimate":9719824.2,"standard_error":14959.735150708122},"median_abs_dev":{"confidence_interval":{"confidence_level":0.95,"lower_bound":94175.7881480472,"upper_bound":198299.08081948812},"point_estimate":134042.90144026306,"standard_error":27352.860780616254},"slope":null,"std_dev":{"confidence_interval":{"confidence_level":0.95,"lower_bound":173257.2793945344,"upper_bound":232960.49950107717},"point_estimate":205359.7675329401,"standard_error":15326.292299249286}}