{"mean":{"confidence_interval":{"confidence_level":0.95,"lower_bound":11747252.762750002,"upper_bound":11994132.091699999},"point_estimate":11861837.008000001,"standard_error":62864.99580488623},"median":{"confidence_interval":{"confidence_level":0.95,"lower_bound":11664641.0,"upper_bound":11953782.7},"point_estimate":11823072.0,"standard_error":67778.85316675315},"median_abs_dev":{"confidence_interval":{"confidence_level":0.95,"lower_bound":384262.336817979,"upper_bound":615993.8987839224},"point_estimate":513115.69357037655,"standard_error":62035.65813724054},"slope":null,"std_dev":{"confidence_interval":{"confidence_level":0.95,"lower_bound":425199.07375708583,"upper_bound":881178.2389764729},"point_estimate":632419.8883982996,"standard_error":135290.8040186937}}