{"mean":{"confidence_interval":{"confidence_level":0.95,"lower_bound":13025148.302375,"upper_bound":13422801.421625},"point_estimate":13220509.17,"standard_error":101477.90525663953},"median":{"confidence_interval":{"confidence_level":0.95,"lower_bound":12710867.25,"upper_bound":13364688.937499983},"point_estimate":12997967.0,"standard_error":169380.73838815943},"median_abs_dev":{"confidence_interval":{"confidence_level":0.95,"lower_bound":749375.1436546821,"upper_bound":1277926.1206872761},"point_estimate":1043675.5101710558,"standard_error":142871.48441757564},"slope":null,"std_dev":{"confidence_interval":{"confidence_level":0.95,"lower_bound":874280.5136847454,"upper_bound":1159629.0530145322},"point_estimate":1023742.8309961532,"standard_error":73128.85043671525}}