{"mean":{"confidence_interval":{"confidence_level":0.95,"lower_bound":533.5773394859026,"upper_bound":545.545724572515},"point_estimate":539.4842443211414,"standard_error":3.04354141260395},"median":{"confidence_interval":{"confidence_level":0.95,"lower_bound":529.8331946307965,"upper_bound":545.0347997924994},"point_estimate":538.29955577783,"standard_error":3.970818864945083},"median_abs_dev":{"confidence_interval":{"confidence_level":0.95,"lower_bound":25.0895766447345,"upper_bound":41.30533606859399},"point_estimate":33.63281345424368,"standard_error":4.193175904087923},"slope":{"confidence_interval":{"confidence_level":0.95,"lower_bound":517.5571688604618,"upper_bound":526.8420860880515},"point_estimate":521.9164208075384,"standard_error":2.379862256818746},"std_dev":{"confidence_interval":{"confidence_level":0.95,"lower_bound":26.622557621620995,"upper_bound":34.14805978911736},"point_estimate":30.671431651717793,"standard_error":1.923498612704155}}