{"mean":{"confidence_interval":{"confidence_level":0.95,"lower_bound":476.3184651736933,"upper_bound":480.66733419708606},"point_estimate":478.6280727100946,"standard_error":1.1044391570950516},"median":{"confidence_interval":{"confidence_level":0.95,"lower_bound":476.5684005114057,"upper_bound":478.60146594212057},"point_estimate":477.81564809711045,"standard_error":0.5209844061212593},"median_abs_dev":{"confidence_interval":{"confidence_level":0.95,"lower_bound":3.4858320725468475,"upper_bound":6.3045602609166},"point_estimate":4.565401586071268,"standard_error":0.7055766938900866},"slope":{"confidence_interval":{"confidence_level":0.95,"lower_bound":476.8017835805738,"upper_bound":478.5886814622442},"point_estimate":477.6713680839122,"standard_error":0.45665331942847137},"std_dev":{"confidence_interval":{"confidence_level":0.95,"lower_bound":6.446936314467846,"upper_bound":16.0057793757809},"point_estimate":11.077289112320925,"standard_error":2.623516479219628}}