{"mean":{"confidence_interval":{"confidence_level":0.95,"lower_bound":1117254.7158915699,"upper_bound":1148683.1679921395},"point_estimate":1132083.7312892268,"standard_error":8029.063180508063},"median":{"confidence_interval":{"confidence_level":0.95,"lower_bound":1103782.4683544303,"upper_bound":1124331.0},"point_estimate":1111728.592834496,"standard_error":4325.932270477519},"median_abs_dev":{"confidence_interval":{"confidence_level":0.95,"lower_bound":37271.77519401154,"upper_bound":62071.15329964858},"point_estimate":49232.10758573804,"standard_error":6704.769564356265},"slope":{"confidence_interval":{"confidence_level":0.95,"lower_bound":1112130.1603575682,"upper_bound":1136213.8737922343},"point_estimate":1123635.626753362,"standard_error":6151.647875799645},"std_dev":{"confidence_interval":{"confidence_level":0.95,"lower_bound":57031.39833224438,"upper_bound":104687.92309123023},"point_estimate":80743.47312867948,"standard_error":12438.475907848984}}