{"mean":{"confidence_interval":{"confidence_level":0.95,"lower_bound":858152.8296064455,"upper_bound":864138.5142643002},"point_estimate":860751.8717465859,"standard_error":1534.860631208218},"median":{"confidence_interval":{"confidence_level":0.95,"lower_bound":856788.5714285715,"upper_bound":859471.8263888889},"point_estimate":858368.1319444445,"standard_error":620.9983696634387},"median_abs_dev":{"confidence_interval":{"confidence_level":0.95,"lower_bound":3956.1303790556467,"upper_bound":6334.353832997335},"point_estimate":5030.84523047632,"standard_error":603.7381775026697},"slope":{"confidence_interval":{"confidence_level":0.95,"lower_bound":858703.2242139223,"upper_bound":871142.7268832191},"point_estimate":863850.8766041081,"standard_error":3292.8801379216507},"std_dev":{"confidence_interval":{"confidence_level":0.95,"lower_bound":6977.310646660134,"upper_bound":23538.346987114328},"point_estimate":15453.43980164245,"standard_error":4667.318689591715}}