{"mean":{"confidence_interval":{"confidence_level":0.95,"lower_bound":8985783.686041664,"upper_bound":9170937.464875},"point_estimate":9074383.416666668,"standard_error":47238.250000853324},"median":{"confidence_interval":{"confidence_level":0.95,"lower_bound":8991265.25,"upper_bound":9145465.75},"point_estimate":9061261.0,"standard_error":42099.6155847223},"median_abs_dev":{"confidence_interval":{"confidence_level":0.95,"lower_bound":225355.8137491336,"upper_bound":386881.8685814738},"point_estimate":302653.01662683394,"standard_error":42330.349683101726},"slope":null,"std_dev":{"confidence_interval":{"confidence_level":0.95,"lower_bound":316669.4111847392,"upper_bound":630947.3336184428},"point_estimate":475737.0437362215,"standard_error":82050.7779137949}}