{"mean":{"confidence_interval":{"confidence_level":0.95,"lower_bound":3142144.55221875,"upper_bound":3231449.14890625},"point_estimate":3186148.98375,"standard_error":22821.639216336822},"median":{"confidence_interval":{"confidence_level":0.95,"lower_bound":3095301.03125,"upper_bound":3247955.25},"point_estimate":3172575.03125,"standard_error":39066.08617936493},"median_abs_dev":{"confidence_interval":{"confidence_level":0.95,"lower_bound":179985.41290462017,"upper_bound":291684.21693407},"point_estimate":248320.20627893507,"standard_error":30078.234988271677},"slope":null,"std_dev":{"confidence_interval":{"confidence_level":0.95,"lower_bound":194460.1555749597,"upper_bound":264082.56963238836},"point_estimate":229413.99957874898,"standard_error":17892.27168101176}}