{"mean":{"confidence_interval":{"confidence_level":0.95,"lower_bound":2431993.219380953,"upper_bound":2449487.9065476195},"point_estimate":2440679.723809524,"standard_error":4482.090722238695},"median":{"confidence_interval":{"confidence_level":0.95,"lower_bound":2431103.523809524,"upper_bound":2452370.619047619},"point_estimate":2439570.0476190476,"standard_error":5464.045353617626},"median_abs_dev":{"confidence_interval":{"confidence_level":0.95,"lower_bound":32537.10372235097,"upper_bound":56149.23800315156},"point_estimate":42802.06114011173,"standard_error":5679.971378674521},"slope":null,"std_dev":{"confidence_interval":{"confidence_level":0.95,"lower_bound":38436.10906666368,"upper_bound":51519.33534254438},"point_estimate":45123.53780429538,"standard_error":3338.2117840443407}}