{"mean":{"confidence_interval":{"confidence_level":0.95,"lower_bound":2523334.128499999,"upper_bound":2543085.8836624995},"point_estimate":2533043.7704999996,"standard_error":5039.229107351127},"median":{"confidence_interval":{"confidence_level":0.95,"lower_bound":2516451.55,"upper_bound":2538475.55},"point_estimate":2524957.125,"standard_error":6351.526230230257},"median_abs_dev":{"confidence_interval":{"confidence_level":0.95,"lower_bound":32189.321068525867,"upper_bound":53228.82316499962},"point_estimate":42419.890991896325,"standard_error":5266.152638408042},"slope":null,"std_dev":{"confidence_interval":{"confidence_level":0.95,"lower_bound":40921.790785311576,"upper_bound":60475.25367275879},"point_estimate":50900.141000560354,"standard_error":5012.81114167595}}