{"mean":{"confidence_interval":{"confidence_level":0.95,"lower_bound":3201858.2734218747,"upper_bound":3298629.9765468747},"point_estimate":3247842.388125,"standard_error":24717.495117366656},"median":{"confidence_interval":{"confidence_level":0.95,"lower_bound":3165236.6875,"upper_bound":3255068.59375},"point_estimate":3226628.09375,"standard_error":23998.319008351293},"median_abs_dev":{"confidence_interval":{"confidence_level":0.95,"lower_bound":164379.33392543346,"upper_bound":257070.41866108775},"point_estimate":215089.85910639167,"standard_error":23690.08244067538},"slope":null,"std_dev":{"confidence_interval":{"confidence_level":0.95,"lower_bound":183076.04489937052,"upper_bound":322256.0926656805},"point_estimate":249189.84194518888,"standard_error":37135.98579267942}}