{"mean":{"confidence_interval":{"confidence_level":0.95,"lower_bound":3308823.960890625,"upper_bound":3375716.6065312503},"point_estimate":3341666.175625,"standard_error":17044.504653886142},"median":{"confidence_interval":{"confidence_level":0.95,"lower_bound":3293759.0,"upper_bound":3368691.21875},"point_estimate":3343344.03125,"standard_error":19801.00343706099},"median_abs_dev":{"confidence_interval":{"confidence_level":0.95,"lower_bound":139648.13009575015,"upper_bound":215146.56855538487},"point_estimate":184516.65540542454,"standard_error":18270.998631846644},"slope":null,"std_dev":{"confidence_interval":{"confidence_level":0.95,"lower_bound":141007.95624954716,"upper_bound":206695.73047542153},"point_estimate":171572.15529671637,"standard_error":17259.50613241543}}