{"mean":{"confidence_interval":{"confidence_level":0.95,"lower_bound":3230868.529609375,"upper_bound":3306775.369375},"point_estimate":3268584.12625,"standard_error":19389.940808471398},"median":{"confidence_interval":{"confidence_level":0.95,"lower_bound":3205405.40625,"upper_bound":3321191.5},"point_estimate":3256671.4375,"standard_error":39677.858194419794},"median_abs_dev":{"confidence_interval":{"confidence_level":0.95,"lower_bound":138933.79489593208,"upper_bound":226672.764063254},"point_estimate":163000.00630617142,"standard_error":22552.659583800498},"slope":null,"std_dev":{"confidence_interval":{"confidence_level":0.95,"lower_bound":162980.68915510603,"upper_bound":226038.20818638103},"point_estimate":194998.19502987966,"standard_error":16115.940162997911}}