{"mean":{"confidence_interval":{"confidence_level":0.95,"lower_bound":2431208.7528181826,"upper_bound":2474456.4955113633},"point_estimate":2451665.8354545454,"standard_error":10990.585249110232},"median":{"confidence_interval":{"confidence_level":0.95,"lower_bound":2420690.272727273,"upper_bound":2448855.3181818184},"point_estimate":2441650.2045454546,"standard_error":7168.095250321586},"median_abs_dev":{"confidence_interval":{"confidence_level":0.95,"lower_bound":60373.76221906049,"upper_bound":104157.870946283},"point_estimate":79679.47147177014,"standard_error":11210.914860661202},"slope":null,"std_dev":{"confidence_interval":{"confidence_level":0.95,"lower_bound":77584.44007125623,"upper_bound":142220.62010640316},"point_estimate":110898.85277018386,"standard_error":16662.494513419}}