{"mean":{"confidence_interval":{"confidence_level":0.95,"lower_bound":3046656.9619705896,"upper_bound":3125630.420999999},"point_estimate":3085035.41117647,"standard_error":20147.31038405358},"median":{"confidence_interval":{"confidence_level":0.95,"lower_bound":3014837.588235294,"upper_bound":3118467.0588235296},"point_estimate":3053052.3529411764,"standard_error":27320.48227337385},"median_abs_dev":{"confidence_interval":{"confidence_level":0.95,"lower_bound":133098.31955467968,"upper_bound":214838.07329542047},"point_estimate":164293.96723614028,"standard_error":21243.49145757133},"slope":null,"std_dev":{"confidence_interval":{"confidence_level":0.95,"lower_bound":163172.546134412,"upper_bound":238599.11763397584},"point_estimate":202137.53167793812,"standard_error":19317.755539223333}}