{"mean":{"confidence_interval":{"confidence_level":0.95,"lower_bound":2384992.5200000005,"upper_bound":2403905.9480795455},"point_estimate":2394252.7190909083,"standard_error":4822.6813297833},"median":{"confidence_interval":{"confidence_level":0.95,"lower_bound":2381101.5454545454,"upper_bound":2401528.9545454546},"point_estimate":2390094.7954545454,"standard_error":5191.524379150391},"median_abs_dev":{"confidence_interval":{"confidence_level":0.95,"lower_bound":32455.66341470582,"upper_bound":54128.680479932504},"point_estimate":43224.76419169801,"standard_error":5451.577900994711},"slope":null,"std_dev":{"confidence_interval":{"confidence_level":0.95,"lower_bound":39229.22941416634,"upper_bound":57540.695685918545},"point_estimate":48268.96514070492,"standard_error":4722.320893043074}}