{"mean":{"confidence_interval":{"confidence_level":0.95,"lower_bound":2264378.061565217,"upper_bound":2298189.5771521744},"point_estimate":2280009.6760869576,"standard_error":8607.581382736622},"median":{"confidence_interval":{"confidence_level":0.95,"lower_bound":2251202.9782608696,"upper_bound":2271196.717391304},"point_estimate":2256792.1739130435,"standard_error":5628.578215370713},"median_abs_dev":{"confidence_interval":{"confidence_level":0.95,"lower_bound":40559.35855818833,"upper_bound":74943.23699992627},"point_estimate":51630.64163119873,"standard_error":8855.071364475923},"slope":null,"std_dev":{"confidence_interval":{"confidence_level":0.95,"lower_bound":57021.984581112985,"upper_bound":119199.526838066},"point_estimate":86384.33426677792,"standard_error":17555.515998819905}}