{"mean":{"confidence_interval":{"confidence_level":0.95,"lower_bound":20824001.625583336,"upper_bound":21367476.788583323},"point_estimate":21085709.04333333,"standard_error":138675.2899887297},"median":{"confidence_interval":{"confidence_level":0.95,"lower_bound":20371166.833333332,"upper_bound":20987055.5},"point_estimate":20532498.5,"standard_error":166790.04063722733},"median_abs_dev":{"confidence_interval":{"confidence_level":0.95,"lower_bound":675702.1039038906,"upper_bound":1353770.9686307586},"point_estimate":904569.0850406885,"standard_error":169937.4109455229},"slope":null,"std_dev":{"confidence_interval":{"confidence_level":0.95,"lower_bound":1085015.3774734861,"upper_bound":1676608.4884648265},"point_estimate":1393717.8645845882,"standard_error":152009.9640659054}}