{"mean":{"confidence_interval":{"confidence_level":0.95,"lower_bound":2171758.4731363626,"upper_bound":2301980.2192045455},"point_estimate":2236917.1781818178,"standard_error":33301.5909470811},"median":{"confidence_interval":{"confidence_level":0.95,"lower_bound":2179080.4545454546,"upper_bound":2280356.5227272725},"point_estimate":2222991.9772727275,"standard_error":27889.638807879117},"median_abs_dev":{"confidence_interval":{"confidence_level":0.95,"lower_bound":202777.08534544214,"upper_bound":394127.33465284144},"point_estimate":302804.19689687813,"standard_error":46380.74966884449},"slope":null,"std_dev":{"confidence_interval":{"confidence_level":0.95,"lower_bound":282754.2040810145,"upper_bound":382138.1318391054},"point_estimate":335004.72042342526,"standard_error":25211.698865411123}}