{"mean":{"confidence_interval":{"confidence_level":0.95,"lower_bound":2763649.78532353,"upper_bound":2956796.984735294},"point_estimate":2859398.408235295,"standard_error":49444.20550019211},"median":{"confidence_interval":{"confidence_level":0.95,"lower_bound":2661076.5882352944,"upper_bound":2891706.0},"point_estimate":2731194.2352941176,"standard_error":64545.11737740655},"median_abs_dev":{"confidence_interval":{"confidence_level":0.95,"lower_bound":325011.75289547566,"upper_bound":616761.6762620558},"point_estimate":446423.9338390968,"standard_error":70722.1475495204},"slope":null,"std_dev":{"confidence_interval":{"confidence_level":0.95,"lower_bound":425403.15577708755,"upper_bound":561249.9429083167},"point_estimate":496997.184802001,"standard_error":34755.936704138825}}