{"mean":{"confidence_interval":{"confidence_level":0.95,"lower_bound":183403.01415858205,"upper_bound":191095.43574727597},"point_estimate":186999.28512404434,"standard_error":1976.294217810683},"median":{"confidence_interval":{"confidence_level":0.95,"lower_bound":178369.74165448343,"upper_bound":182184.3},"point_estimate":179538.53842988287,"standard_error":948.7613813087069},"median_abs_dev":{"confidence_interval":{"confidence_level":0.95,"lower_bound":4441.094082339013,"upper_bound":10396.851506462755},"point_estimate":7524.831001824202,"standard_error":1730.4081066456122},"slope":{"confidence_interval":{"confidence_level":0.95,"lower_bound":185481.97618002642,"upper_bound":197353.50960274198},"point_estimate":190934.08841190088,"standard_error":3050.575629761432},"std_dev":{"confidence_interval":{"confidence_level":0.95,"lower_bound":13621.557232419476,"upper_bound":25413.315361350073},"point_estimate":19921.791901179586,"standard_error":3023.315867163113}}