{"mean":{"confidence_interval":{"confidence_level":0.95,"lower_bound":157746.33670020397,"upper_bound":167002.82388900293},"point_estimate":161756.5705767329,"standard_error":2378.98386203955},"median":{"confidence_interval":{"confidence_level":0.95,"lower_bound":153861.63775510204,"upper_bound":159590.74102564104},"point_estimate":156775.23522593896,"standard_error":1495.329937223771},"median_abs_dev":{"confidence_interval":{"confidence_level":0.95,"lower_bound":7002.81396530925,"upper_bound":13009.309129223766},"point_estimate":9586.01650912461,"standard_error":1440.5173053109334},"slope":{"confidence_interval":{"confidence_level":0.95,"lower_bound":156210.3547214134,"upper_bound":160206.27402462417},"point_estimate":158130.73325156397,"standard_error":1021.6100536643202},"std_dev":{"confidence_interval":{"confidence_level":0.95,"lower_bound":10814.070622151508,"upper_bound":36373.04114196144},"point_estimate":23884.67094129693,"standard_error":7251.8744850015}}