{"mean":{"confidence_interval":{"confidence_level":0.95,"lower_bound":1091159.5663945351,"upper_bound":1127745.3700861912},"point_estimate":1109054.531232208,"standard_error":9372.989361961045},"median":{"confidence_interval":{"confidence_level":0.95,"lower_bound":1075032.2686567164,"upper_bound":1114724.1607142857},"point_estimate":1102142.3595238095,"standard_error":9619.040491374402},"median_abs_dev":{"confidence_interval":{"confidence_level":0.95,"lower_bound":65036.04256165256,"upper_bound":104158.92224444592},"point_estimate":84624.45926824053,"standard_error":10140.926436579686},"slope":{"confidence_interval":{"confidence_level":0.95,"lower_bound":1102724.4225824424,"upper_bound":1144212.286731341},"point_estimate":1122620.6883552535,"standard_error":10583.029085309956},"std_dev":{"confidence_interval":{"confidence_level":0.95,"lower_bound":75951.62652007183,"upper_bound":112271.16707689116},"point_estimate":94258.94716078822,"standard_error":9348.889153394257}}