{"mean":{"confidence_interval":{"confidence_level":0.95,"lower_bound":1027160.8953610633,"upper_bound":1047728.7691384221},"point_estimate":1037337.7112939131,"standard_error":5251.402494010187},"median":{"confidence_interval":{"confidence_level":0.95,"lower_bound":1021496.4666666667,"upper_bound":1040768.373015873},"point_estimate":1034502.4352941177,"standard_error":4861.96769050281},"median_abs_dev":{"confidence_interval":{"confidence_level":0.95,"lower_bound":36047.78556198464,"upper_bound":55614.91094287055},"point_estimate":45896.060321028795,"standard_error":4961.563082939538},"slope":{"confidence_interval":{"confidence_level":0.95,"lower_bound":1033174.5000717787,"upper_bound":1059577.7057558016},"point_estimate":1046049.6621516182,"standard_error":6740.741135120754},"std_dev":{"confidence_interval":{"confidence_level":0.95,"lower_bound":42778.23295502626,"upper_bound":61917.1090187686},"point_estimate":52710.138665236096,"standard_error":4887.638936668991}}