{"mean":{"confidence_interval":{"confidence_level":0.95,"lower_bound":2060729.6718522732,"upper_bound":2260664.4735681834},"point_estimate":2159963.085454545,"standard_error":51101.66611372744},"median":{"confidence_interval":{"confidence_level":0.95,"lower_bound":1993142.1818181819,"upper_bound":2322414.3636363638},"point_estimate":2132996.1818181816,"standard_error":99497.31142918841},"median_abs_dev":{"confidence_interval":{"confidence_level":0.95,"lower_bound":427216.3041244854,"upper_bound":720101.6384762089},"point_estimate":563078.0255170031,"standard_error":73464.73991761029},"slope":null,"std_dev":{"confidence_interval":{"confidence_level":0.95,"lower_bound":454654.2966543038,"upper_bound":564164.719114172},"point_estimate":513136.14561904425,"standard_error":28015.904254009485}}