{"mean":{"confidence_interval":{"confidence_level":0.95,"lower_bound":1911928.2464799997,"upper_bound":2030726.004429999},"point_estimate":1961153.5783999998,"standard_error":30767.347648092527},"median":{"confidence_interval":{"confidence_level":0.95,"lower_bound":1861897.54,"upper_bound":1947481.56},"point_estimate":1920362.22,"standard_error":23355.412797582354},"median_abs_dev":{"confidence_interval":{"confidence_level":0.95,"lower_bound":108441.5726587772,"upper_bound":182913.42924463755},"point_estimate":138503.1255490781,"standard_error":18297.024872338297},"slope":null,"std_dev":{"confidence_interval":{"confidence_level":0.95,"lower_bound":131107.0962657106,"upper_bound":489059.3524302093},"point_estimate":309484.2025595417,"standard_error":114657.51441422108}}