{"mean":{"confidence_interval":{"confidence_level":0.95,"lower_bound":2738650.874819444,"upper_bound":2891345.3684444437},"point_estimate":2814815.1627777787,"standard_error":38829.77299895827},"median":{"confidence_interval":{"confidence_level":0.95,"lower_bound":2752019.722222222,"upper_bound":2890951.388888889},"point_estimate":2807442.0555555555,"standard_error":34767.99668889794},"median_abs_dev":{"confidence_interval":{"confidence_level":0.95,"lower_bound":265862.1335466702,"upper_bound":411756.18963986635},"point_estimate":335828.20902119076,"standard_error":36372.74260581957},"slope":null,"std_dev":{"confidence_interval":{"confidence_level":0.95,"lower_bound":316423.0614021806,"upper_bound":459326.6444668738},"point_estimate":390124.65826676186,"standard_error":36583.74980877077}}