{"mean":{"confidence_interval":{"confidence_level":0.95,"lower_bound":163459.52306325457,"upper_bound":173173.71713799055},"point_estimate":167908.1081025318,"standard_error":2484.1752140993085},"median":{"confidence_interval":{"confidence_level":0.95,"lower_bound":158747.22951127822,"upper_bound":166229.42582417582},"point_estimate":162296.26218487395,"standard_error":1896.2939733315968},"median_abs_dev":{"confidence_interval":{"confidence_level":0.95,"lower_bound":12611.906500908635,"upper_bound":20808.767209300862},"point_estimate":17078.63225976219,"standard_error":2091.250921572553},"slope":{"confidence_interval":{"confidence_level":0.95,"lower_bound":166162.88542493814,"upper_bound":175210.17981225194},"point_estimate":170386.90405412822,"standard_error":2303.7138672278547},"std_dev":{"confidence_interval":{"confidence_level":0.95,"lower_bound":15618.222536505249,"upper_bound":35224.686212390676},"point_estimate":24966.87928210955,"standard_error":5519.839171219976}}