{"mean":{"confidence_interval":{"confidence_level":0.95,"lower_bound":4146.625731213786,"upper_bound":4253.112866248979},"point_estimate":4199.258652994081,"standard_error":27.143429987412127},"median":{"confidence_interval":{"confidence_level":0.95,"lower_bound":4135.363426895685,"upper_bound":4256.982528364882},"point_estimate":4212.944262948922,"standard_error":32.52784147393581},"median_abs_dev":{"confidence_interval":{"confidence_level":0.95,"lower_bound":177.26733724685306,"upper_bound":283.21098916235155},"point_estimate":243.97571599319232,"standard_error":27.072044034858177},"slope":{"confidence_interval":{"confidence_level":0.95,"lower_bound":4141.578426860029,"upper_bound":4247.578102013582},"point_estimate":4196.115945986923,"standard_error":27.061205570843562},"std_dev":{"confidence_interval":{"confidence_level":0.95,"lower_bound":217.3586765019697,"upper_bound":324.4266340482603},"point_estimate":272.75346180279314,"standard_error":27.403203591990444}}