{"mean":{"confidence_interval":{"confidence_level":0.95,"lower_bound":77857.74257739507,"upper_bound":79904.32679771744},"point_estimate":78729.9137890207,"standard_error":527.8093615038358},"median":{"confidence_interval":{"confidence_level":0.95,"lower_bound":77640.9826007326,"upper_bound":77845.4668918298},"point_estimate":77770.94392620232,"standard_error":55.42460524541341},"median_abs_dev":{"confidence_interval":{"confidence_level":0.95,"lower_bound":349.6145880238655,"upper_bound":606.2559530487113},"point_estimate":467.1008092728906,"standard_error":64.65975509444534},"slope":{"confidence_interval":{"confidence_level":0.95,"lower_bound":77817.75236985688,"upper_bound":78885.03175412878},"point_estimate":78276.7371529254,"standard_error":275.25040202940147},"std_dev":{"confidence_interval":{"confidence_level":0.95,"lower_bound":1378.8796882487156,"upper_bound":8042.826681185537},"point_estimate":5296.524913574016,"standard_error":1698.3713367521261}}