{"mean":{"confidence_interval":{"confidence_level":0.95,"lower_bound":79313.0061606028,"upper_bound":80321.48699934626},"point_estimate":79699.14915881323,"standard_error":272.2024977006529},"median":{"confidence_interval":{"confidence_level":0.95,"lower_bound":79292.81358695653,"upper_bound":79674.65921288014},"point_estimate":79522.83137487245,"standard_error":103.95476916207559},"median_abs_dev":{"confidence_interval":{"confidence_level":0.95,"lower_bound":514.496957109478,"upper_bound":930.9055649386371},"point_estimate":721.9960756045292,"standard_error":107.54158608537814},"slope":{"confidence_interval":{"confidence_level":0.95,"lower_bound":79451.76114602249,"upper_bound":79760.78844310864},"point_estimate":79608.04477225449,"standard_error":78.72554546470612},"std_dev":{"confidence_interval":{"confidence_level":0.95,"lower_bound":727.3859175232183,"upper_bound":4565.2554330278645},"point_estimate":2736.0809084895222,"standard_error":1304.4955072922987}}