{"mean":{"confidence_interval":{"confidence_level":0.95,"lower_bound":2404190.7999124997,"upper_bound":2455636.1385374996},"point_estimate":2428203.0469999993,"standard_error":13126.157518401182},"median":{"confidence_interval":{"confidence_level":0.95,"lower_bound":2383409.25,"upper_bound":2418089.3},"point_estimate":2401061.75,"standard_error":9837.517734523804},"median_abs_dev":{"confidence_interval":{"confidence_level":0.95,"lower_bound":61023.9622499829,"upper_bound":96584.12354528917},"point_estimate":78850.07809013115,"standard_error":8866.545353769066},"slope":null,"std_dev":{"confidence_interval":{"confidence_level":0.95,"lower_bound":85717.13341483517,"upper_bound":170912.5124932582},"point_estimate":131760.47325600707,"standard_error":21771.749634267206}}