{"mean":{"confidence_interval":{"confidence_level":0.95,"lower_bound":2483810.8509772723,"upper_bound":2565611.5631022723},"point_estimate":2523668.0990909096,"standard_error":20934.65270414418},"median":{"confidence_interval":{"confidence_level":0.95,"lower_bound":2438585.272727273,"upper_bound":2544616.6363636362},"point_estimate":2470866.3636363638,"standard_error":23226.094738801457},"median_abs_dev":{"confidence_interval":{"confidence_level":0.95,"lower_bound":129474.24266500917,"upper_bound":216020.6791739573},"point_estimate":161993.55679222106,"standard_error":21964.02729978953},"slope":null,"std_dev":{"confidence_interval":{"confidence_level":0.95,"lower_bound":170644.6239372335,"upper_bound":247790.45209480647},"point_estimate":210658.96871834534,"standard_error":19772.6543724418}}