{"mean":{"confidence_interval":{"confidence_level":0.95,"lower_bound":2589129.1346052634,"upper_bound":2655049.4188684206},"point_estimate":2621589.9747368423,"standard_error":16882.19756278589},"median":{"confidence_interval":{"confidence_level":0.95,"lower_bound":2577939.052631579,"upper_bound":2678648.6315789474},"point_estimate":2610075.578947368,"standard_error":26603.41797011757},"median_abs_dev":{"confidence_interval":{"confidence_level":0.95,"lower_bound":123050.76477856991,"upper_bound":188538.92231065975},"point_estimate":160115.41297843575,"standard_error":16270.124382111184},"slope":null,"std_dev":{"confidence_interval":{"confidence_level":0.95,"lower_bound":136305.3774682071,"upper_bound":206400.5627440487},"point_estimate":169213.42007983432,"standard_error":18323.643306726404}}