{"mean":{"confidence_interval":{"confidence_level":0.95,"lower_bound":2883918.157558824,"upper_bound":2991159.4491911763},"point_estimate":2935991.918235295,"standard_error":27399.771561507998},"median":{"confidence_interval":{"confidence_level":0.95,"lower_bound":2801600.147058823,"upper_bound":2938751.117647059},"point_estimate":2870312.4117647056,"standard_error":41007.3042405376},"median_abs_dev":{"confidence_interval":{"confidence_level":0.95,"lower_bound":184314.3431924719,"upper_bound":338335.24439334834},"point_estimate":255588.6799035701,"standard_error":41263.409533905855},"slope":null,"std_dev":{"confidence_interval":{"confidence_level":0.95,"lower_bound":226979.71283194458,"upper_bound":330024.05973090365},"point_estimate":276920.0586868622,"standard_error":26741.276340672757}}