{"mean":{"confidence_interval":{"confidence_level":0.95,"lower_bound":14400323.29775,"upper_bound":14780437.0530625},"point_estimate":14576656.045,"standard_error":96760.52284267277},"median":{"confidence_interval":{"confidence_level":0.95,"lower_bound":14279007.25,"upper_bound":14600361.25},"point_estimate":14446584.375,"standard_error":75555.55807073374},"median_abs_dev":{"confidence_interval":{"confidence_level":0.95,"lower_bound":507018.6123736203,"upper_bound":804747.8480797445},"point_estimate":670662.6230433583,"standard_error":77838.10068373597},"slope":null,"std_dev":{"confidence_interval":{"confidence_level":0.95,"lower_bound":624413.3046814263,"upper_bound":1292924.337268319},"point_estimate":968441.0598271606,"standard_error":173562.70240415534}}