{"mean":{"confidence_interval":{"confidence_level":0.95,"lower_bound":10705705.548950002,"upper_bound":10815404.858599996},"point_estimate":10759855.432,"standard_error":27965.014220984438},"median":{"confidence_interval":{"confidence_level":0.95,"lower_bound":10689578.6,"upper_bound":10820859.6},"point_estimate":10770479.3,"standard_error":36093.31160725154},"median_abs_dev":{"confidence_interval":{"confidence_level":0.95,"lower_bound":180119.35839924327,"upper_bound":312744.089954182},"point_estimate":232087.8307396168,"standard_error":35128.87048937993},"slope":null,"std_dev":{"confidence_interval":{"confidence_level":0.95,"lower_bound":234745.17238333425,"upper_bound":323707.67106613703},"point_estimate":281347.4690894284,"standard_error":22716.85193535442}}