{"mean":{"confidence_interval":{"confidence_level":0.95,"lower_bound":13786790.3330625,"upper_bound":14057174.131187499},"point_estimate":13919554.485,"standard_error":68963.66335814969},"median":{"confidence_interval":{"confidence_level":0.95,"lower_bound":13770874.0,"upper_bound":14049225.5},"point_estimate":13893124.875,"standard_error":58835.30231798135},"median_abs_dev":{"confidence_interval":{"confidence_level":0.95,"lower_bound":507386.11184209585,"upper_bound":836413.4082756937},"point_estimate":694879.5963384211,"standard_error":81220.85724446834},"slope":null,"std_dev":{"confidence_interval":{"confidence_level":0.95,"lower_bound":572713.9220682303,"upper_bound":816484.5732667762},"point_estimate":693129.5366965136,"standard_error":62583.368419632825}}