{"mean":{"confidence_interval":{"confidence_level":0.95,"lower_bound":131390.5755764219,"upper_bound":135859.62967140746},"point_estimate":133474.8671966649,"standard_error":1138.212809546695},"median":{"confidence_interval":{"confidence_level":0.95,"lower_bound":129531.65178571429,"upper_bound":132893.94642857142},"point_estimate":131269.57490079364,"standard_error":815.511763049897},"median_abs_dev":{"confidence_interval":{"confidence_level":0.95,"lower_bound":4656.715436930527,"upper_bound":8321.769240200943},"point_estimate":6292.959199762665,"standard_error":935.1758134394369},"slope":{"confidence_interval":{"confidence_level":0.95,"lower_bound":132763.51062587978,"upper_bound":138632.6666696367},"point_estimate":135349.39734335747,"standard_error":1517.8707569793416},"std_dev":{"confidence_interval":{"confidence_level":0.95,"lower_bound":7378.657604478535,"upper_bound":15254.812747318181},"point_estimate":11467.176526830775,"standard_error":2038.278321256741}}