{"mean":{"confidence_interval":{"confidence_level":0.95,"lower_bound":79374.39162573233,"upper_bound":80396.1933365063},"point_estimate":79804.43313991334,"standard_error":267.319588760869},"median":{"confidence_interval":{"confidence_level":0.95,"lower_bound":79309.42637362637,"upper_bound":79494.89268755936},"point_estimate":79384.09795422229,"standard_error":43.89571610155903},"median_abs_dev":{"confidence_interval":{"confidence_level":0.95,"lower_bound":279.3916818584613,"upper_bound":485.3409859746038},"point_estimate":376.0433822334639,"standard_error":52.977506925549875},"slope":{"confidence_interval":{"confidence_level":0.95,"lower_bound":79399.20283546297,"upper_bound":81173.5184834524},"point_estimate":80050.03732889247,"standard_error":491.39251097158},"std_dev":{"confidence_interval":{"confidence_level":0.95,"lower_bound":577.3446672670887,"upper_bound":4126.467218874497},"point_estimate":2690.420746825454,"standard_error":961.0362162703941}}