{"mean":{"confidence_interval":{"confidence_level":0.95,"lower_bound":91432.03300145257,"upper_bound":93038.63294020682},"point_estimate":92160.64138974322,"standard_error":410.3366317978505},"median":{"confidence_interval":{"confidence_level":0.95,"lower_bound":91238.30415120593,"upper_bound":92362.35037878787},"point_estimate":92057.96221453053,"standard_error":307.2849869073078},"median_abs_dev":{"confidence_interval":{"confidence_level":0.95,"lower_bound":1851.2833659476748,"upper_bound":2935.0387721350694},"point_estimate":2337.6255132557203,"standard_error":247.73127622460302},"slope":{"confidence_interval":{"confidence_level":0.95,"lower_bound":91957.58801957974,"upper_bound":93494.66735801905},"point_estimate":92651.47327189436,"standard_error":393.8868844436725},"std_dev":{"confidence_interval":{"confidence_level":0.95,"lower_bound":2274.8212654748827,"upper_bound":5994.082678662555},"point_estimate":4119.778275822693,"standard_error":1033.6672076912625}}