{"mean":{"confidence_interval":{"confidence_level":0.95,"lower_bound":85108097.331,"upper_bound":87119596.674},"point_estimate":86103792.56,"standard_error":512067.2114104158},"median":{"confidence_interval":{"confidence_level":0.95,"lower_bound":84758533.0,"upper_bound":86718828.0},"point_estimate":85840471.5,"standard_error":484525.34541564295},"median_abs_dev":{"confidence_interval":{"confidence_level":0.95,"lower_bound":2882593.924623728,"upper_bound":4811072.496986389},"point_estimate":3761309.431323409,"standard_error":491928.7925679151},"slope":null,"std_dev":{"confidence_interval":{"confidence_level":0.95,"lower_bound":4235170.943602616,"upper_bound":6001059.048279072},"point_estimate":5154863.035568881,"standard_error":451393.73601877125}}