{"mean":{"confidence_interval":{"confidence_level":0.95,"lower_bound":73864131.73825,"upper_bound":75350968.9215},"point_estimate":74602162.15,"standard_error":379477.9070912727},"median":{"confidence_interval":{"confidence_level":0.95,"lower_bound":73357222.0,"upper_bound":75460098.0},"point_estimate":74174105.0,"standard_error":540027.7827831418},"median_abs_dev":{"confidence_interval":{"confidence_level":0.95,"lower_bound":3670162.7246490866,"upper_bound":5223838.707858324},"point_estimate":4595133.293420076,"standard_error":386728.73828813},"slope":null,"std_dev":{"confidence_interval":{"confidence_level":0.95,"lower_bound":3329376.8698068135,"upper_bound":4272796.058696114},"point_estimate":3815067.6894000415,"standard_error":241410.87127077417}}