{"mean":{"confidence_interval":{"confidence_level":0.95,"lower_bound":76301847.88175,"upper_bound":77593311.0795},"point_estimate":76931579.17,"standard_error":329600.20621179644},"median":{"confidence_interval":{"confidence_level":0.95,"lower_bound":75457466.5,"upper_bound":77292329.0},"point_estimate":76429022.5,"standard_error":498305.8889873706},"median_abs_dev":{"confidence_interval":{"confidence_level":0.95,"lower_bound":2371278.5522013903,"upper_bound":3657094.106258598},"point_estimate":3069011.5975141525,"standard_error":328134.62248186936},"slope":null,"std_dev":{"confidence_interval":{"confidence_level":0.95,"lower_bound":2661939.1228934205,"upper_bound":3956932.969947315},"point_estimate":3322501.3248884548,"standard_error":333098.3327295842}}