{"mean":{"confidence_interval":{"confidence_level":0.95,"lower_bound":78045426.37225,"upper_bound":79343071.60450001},"point_estimate":78680103.52,"standard_error":331848.55709121324},"median":{"confidence_interval":{"confidence_level":0.95,"lower_bound":77587991.5,"upper_bound":78905003.0},"point_estimate":78007189.0,"standard_error":334062.88941586704},"median_abs_dev":{"confidence_interval":{"confidence_level":0.95,"lower_bound":2119957.841563225,"upper_bound":3970749.657905102},"point_estimate":2822215.781995654,"standard_error":465886.4589623565},"slope":null,"std_dev":{"confidence_interval":{"confidence_level":0.95,"lower_bound":2734730.704757412,"upper_bound":3872927.3885236694},"point_estimate":3334876.4714435297,"standard_error":291156.5183952907}}