{"mean":{"confidence_interval":{"confidence_level":0.95,"lower_bound":95294702.73674999,"upper_bound":97653826.475},"point_estimate":96448644.4,"standard_error":601700.1101092339},"median":{"confidence_interval":{"confidence_level":0.95,"lower_bound":93734293.0,"upper_bound":95817519.5},"point_estimate":94476902.0,"standard_error":554446.0219655132},"median_abs_dev":{"confidence_interval":{"confidence_level":0.95,"lower_bound":3752359.7165822983,"upper_bound":6699450.4280284755},"point_estimate":5066924.033144116,"standard_error":748642.5362966423},"slope":null,"std_dev":{"confidence_interval":{"confidence_level":0.95,"lower_bound":5151294.438733857,"upper_bound":6928305.3046618495},"point_estimate":6082360.793611518,"standard_error":454451.1516477887}}