{"mean":{"confidence_interval":{"confidence_level":0.95,"lower_bound":119989.92858205973,"upper_bound":134367.24985406164},"point_estimate":125762.65837629946,"standard_error":3778.253399577341},"median":{"confidence_interval":{"confidence_level":0.95,"lower_bound":117308.93831168831,"upper_bound":121079.0441617743},"point_estimate":119686.92659863946,"standard_error":971.7653002364843},"median_abs_dev":{"confidence_interval":{"confidence_level":0.95,"lower_bound":5218.627589959539,"upper_bound":9089.440286888886},"point_estimate":7214.858524471552,"standard_error":990.1559436365312},"slope":{"confidence_interval":{"confidence_level":0.95,"lower_bound":119592.43241539857,"upper_bound":123016.89237200543},"point_estimate":121269.74719500095,"standard_error":874.9316508470047},"std_dev":{"confidence_interval":{"confidence_level":0.95,"lower_bound":9944.477050306454,"upper_bound":61663.40491686857},"point_estimate":37938.46715262136,"standard_error":15494.369905659423}}