{"mean":{"confidence_interval":{"confidence_level":0.95,"lower_bound":78458.30910851758,"upper_bound":80904.976965847},"point_estimate":79699.65141819208,"standard_error":621.9664990212083},"median":{"confidence_interval":{"confidence_level":0.95,"lower_bound":79298.69660397075,"upper_bound":80685.83463364994},"point_estimate":79958.54044416358,"standard_error":392.8223809888384},"median_abs_dev":{"confidence_interval":{"confidence_level":0.95,"lower_bound":2424.415745863696,"upper_bound":4633.786779875565},"point_estimate":3534.7891123492827,"standard_error":564.9362712305768},"slope":{"confidence_interval":{"confidence_level":0.95,"lower_bound":78870.34367658262,"upper_bound":82065.8947444313},"point_estimate":80593.52711501,"standard_error":815.536008756281},"std_dev":{"confidence_interval":{"confidence_level":0.95,"lower_bound":4580.858297338437,"upper_bound":7691.4458507205045},"point_estimate":6237.085177206687,"standard_error":794.6032516533967}}