{"mean":{"confidence_interval":{"confidence_level":0.95,"lower_bound":95898.38038179345,"upper_bound":98597.31216772493},"point_estimate":97142.55881675208,"standard_error":690.305649479748},"median":{"confidence_interval":{"confidence_level":0.95,"lower_bound":95154.17307692308,"upper_bound":97386.53888888888},"point_estimate":96375.23282213995,"standard_error":551.9591857621438},"median_abs_dev":{"confidence_interval":{"confidence_level":0.95,"lower_bound":2745.30302283102,"upper_bound":4762.8415717078415},"point_estimate":3652.306933908596,"standard_error":489.78367459736336},"slope":{"confidence_interval":{"confidence_level":0.95,"lower_bound":96316.73266376981,"upper_bound":98184.02322496937},"point_estimate":97202.7264397813,"standard_error":476.627977081394},"std_dev":{"confidence_interval":{"confidence_level":0.95,"lower_bound":4010.344095368829,"upper_bound":9671.296851355411},"point_estimate":6911.471398219546,"standard_error":1495.4377097477009}}