{"mean":{"confidence_interval":{"confidence_level":0.95,"lower_bound":82059.83821285634,"upper_bound":82948.73601173052},"point_estimate":82489.65457588738,"standard_error":227.5612842272965},"median":{"confidence_interval":{"confidence_level":0.95,"lower_bound":81501.84935897436,"upper_bound":82619.95277777778},"point_estimate":81955.10027472526,"standard_error":269.17012874387177},"median_abs_dev":{"confidence_interval":{"confidence_level":0.95,"lower_bound":1422.6272207689608,"upper_bound":2309.676117045888},"point_estimate":1808.1054737943384,"standard_error":229.95816770631617},"slope":{"confidence_interval":{"confidence_level":0.95,"lower_bound":81696.14349641454,"upper_bound":82340.59831333742},"point_estimate":82019.99313211172,"standard_error":164.96410530342436},"std_dev":{"confidence_interval":{"confidence_level":0.95,"lower_bound":1841.0854115571503,"upper_bound":2662.494813557594},"point_estimate":2283.7400393124276,"standard_error":210.01425700989788}}