{"mean":{"confidence_interval":{"confidence_level":0.95,"lower_bound":28897.482432124216,"upper_bound":30283.279195691928},"point_estimate":29551.579156722888,"standard_error":353.9331569713378},"median":{"confidence_interval":{"confidence_level":0.95,"lower_bound":28048.634522661523,"upper_bound":28710.356225441326},"point_estimate":28426.713910378046,"standard_error":159.72624887094264},"median_abs_dev":{"confidence_interval":{"confidence_level":0.95,"lower_bound":1075.9891768091798,"upper_bound":2133.921622203556},"point_estimate":1559.6197797698476,"standard_error":270.5828419220646},"slope":{"confidence_interval":{"confidence_level":0.95,"lower_bound":27783.639854725392,"upper_bound":28449.759346447558},"point_estimate":28097.7969160024,"standard_error":169.83608522914668},"std_dev":{"confidence_interval":{"confidence_level":0.95,"lower_bound":2491.5714274738534,"upper_bound":4507.02671974996},"point_estimate":3560.434104789706,"standard_error":516.9228928715538}}