{"mean":{"confidence_interval":{"confidence_level":0.95,"lower_bound":1593577.2668464489,"upper_bound":1654555.4246815331},"point_estimate":1622412.3301776128,"standard_error":15551.36799596385},"median":{"confidence_interval":{"confidence_level":0.95,"lower_bound":1560923.0470588235,"upper_bound":1630853.7142857143},"point_estimate":1596245.366748439,"standard_error":14788.305983769744},"median_abs_dev":{"confidence_interval":{"confidence_level":0.95,"lower_bound":95614.8649129328,"upper_bound":146135.8129767689},"point_estimate":120731.3991565089,"standard_error":12955.270514395992},"slope":{"confidence_interval":{"confidence_level":0.95,"lower_bound":1595865.9727201404,"upper_bound":1647679.9930154812},"point_estimate":1621966.4635377568,"standard_error":13252.562603468426},"std_dev":{"confidence_interval":{"confidence_level":0.95,"lower_bound":109696.87920635846,"upper_bound":200637.1633877976},"point_estimate":155676.20069024604,"standard_error":23606.64532909824}}