{"mean":{"confidence_interval":{"confidence_level":0.95,"lower_bound":706638.4419018193,"upper_bound":711846.7014242979},"point_estimate":709073.9007143491,"standard_error":1327.5664746215098},"median":{"confidence_interval":{"confidence_level":0.95,"lower_bound":703368.42,"upper_bound":707159.8161764706},"point_estimate":705947.1471674877,"standard_error":930.1691572814664},"median_abs_dev":{"confidence_interval":{"confidence_level":0.95,"lower_bound":5068.975197685955,"upper_bound":10083.550122591541},"point_estimate":7474.42077178533,"standard_error":1266.437866104138},"slope":{"confidence_interval":{"confidence_level":0.95,"lower_bound":704984.6459002197,"upper_bound":712828.418357884},"point_estimate":708296.5925003694,"standard_error":2025.782756556508},"std_dev":{"confidence_interval":{"confidence_level":0.95,"lower_bound":8979.814363611138,"upper_bound":17699.378534691998},"point_estimate":13370.770429489612,"standard_error":2272.3070996502543}}