{"mean":{"confidence_interval":{"confidence_level":0.95,"lower_bound":687632.1882624237,"upper_bound":701579.7788837439},"point_estimate":693953.5437403454,"standard_error":3573.010218426844},"median":{"confidence_interval":{"confidence_level":0.95,"lower_bound":681214.3963997943,"upper_bound":689286.5220588236},"point_estimate":685477.0112701796,"standard_error":2120.4619521863665},"median_abs_dev":{"confidence_interval":{"confidence_level":0.95,"lower_bound":12690.600672798013,"upper_bound":23799.042248879556},"point_estimate":17675.448972222686,"standard_error":2915.092235617984},"slope":{"confidence_interval":{"confidence_level":0.95,"lower_bound":682936.8563544372,"upper_bound":692370.6647055586},"point_estimate":687367.6428919758,"standard_error":2412.9886851518245},"std_dev":{"confidence_interval":{"confidence_level":0.95,"lower_bound":19142.246199849073,"upper_bound":51198.4560370977},"point_estimate":35950.28176141133,"standard_error":8396.03657916604}}