{"mean":{"confidence_interval":{"confidence_level":0.95,"lower_bound":3702030.554285714,"upper_bound":3784340.676839285},"point_estimate":3734187.012857142,"standard_error":22056.782721217183},"median":{"confidence_interval":{"confidence_level":0.95,"lower_bound":3712415.8214285714,"upper_bound":3735130.4285714286},"point_estimate":3725048.1071428573,"standard_error":5677.205130591712},"median_abs_dev":{"confidence_interval":{"confidence_level":0.95,"lower_bound":41815.09080763354,"upper_bound":79960.74668041327},"point_estimate":58706.40525775272,"standard_error":9666.27560132541},"slope":null,"std_dev":{"confidence_interval":{"confidence_level":0.95,"lower_bound":65105.98738313257,"upper_bound":366068.6523471459},"point_estimate":221347.27922357325,"standard_error":101031.9456985203}}