{"mean":{"confidence_interval":{"confidence_level":0.95,"lower_bound":4755281.951431816,"upper_bound":4938296.586363636},"point_estimate":4830457.834545456,"standard_error":47569.542361784646},"median":{"confidence_interval":{"confidence_level":0.95,"lower_bound":4722658.636363637,"upper_bound":4802099.590909092},"point_estimate":4759181.409090908,"standard_error":23401.809453830145},"median_abs_dev":{"confidence_interval":{"confidence_level":0.95,"lower_bound":161974.1819062015,"upper_bound":262137.35570067746},"point_estimate":207388.98212720192,"standard_error":26532.874702635967},"slope":null,"std_dev":{"confidence_interval":{"confidence_level":0.95,"lower_bound":190426.16976894255,"upper_bound":765155.1045623597},"point_estimate":478294.37193053303,"standard_error":186180.5901174771}}