{"mean":{"confidence_interval":{"confidence_level":0.95,"lower_bound":3655505.653783335,"upper_bound":3749959.4576333337},"point_estimate":3696800.675999999,"standard_error":24294.023243620108},"median":{"confidence_interval":{"confidence_level":0.95,"lower_bound":3629488.933333333,"upper_bound":3679236.6},"point_estimate":3655319.533333333,"standard_error":13275.427644350526},"median_abs_dev":{"confidence_interval":{"confidence_level":0.95,"lower_bound":75950.08783161636,"upper_bound":124273.95137369628},"point_estimate":102933.95097255707,"standard_error":12879.563781988178},"slope":null,"std_dev":{"confidence_interval":{"confidence_level":0.95,"lower_bound":99664.59162399224,"upper_bound":363688.51890141336},"point_estimate":243969.70911932897,"standard_error":70775.21764361438}}