{"mean":{"confidence_interval":{"confidence_level":0.95,"lower_bound":3699900.361633332,"upper_bound":3820157.6965666665},"point_estimate":3760122.8666666676,"standard_error":30748.445873450557},"median":{"confidence_interval":{"confidence_level":0.95,"lower_bound":3625716.6,"upper_bound":3878047.2},"point_estimate":3718170.8,"standard_error":52528.815944138245},"median_abs_dev":{"confidence_interval":{"confidence_level":0.95,"lower_bound":320722.5003260378,"upper_bound":484983.2108098268},"point_estimate":444460.4423892496,"standard_error":41442.067640300374},"slope":null,"std_dev":{"confidence_interval":{"confidence_level":0.95,"lower_bound":282570.8060869879,"upper_bound":332863.2444646349},"point_estimate":309793.7625448826,"standard_error":12821.263029692924}}