{"mean":{"confidence_interval":{"confidence_level":0.95,"lower_bound":4534531.802295454,"upper_bound":4740036.180749999},"point_estimate":4630652.424545458,"standard_error":52416.93586206628},"median":{"confidence_interval":{"confidence_level":0.95,"lower_bound":4454349.636363637,"upper_bound":4559427.590909091},"point_estimate":4500127.0,"standard_error":29926.00436639066},"median_abs_dev":{"confidence_interval":{"confidence_level":0.95,"lower_bound":201607.1471737132,"upper_bound":358487.0127992194},"point_estimate":270548.3475240796,"standard_error":40495.37347975481},"slope":null,"std_dev":{"confidence_interval":{"confidence_level":0.95,"lower_bound":344315.82537777716,"upper_bound":683983.1204054774},"point_estimate":527761.2912391364,"standard_error":86822.24176249979}}