{"mean":{"confidence_interval":{"confidence_level":0.95,"lower_bound":4686871.930636363,"upper_bound":4806787.606886363},"point_estimate":4745459.867272725,"standard_error":30636.221605337658},"median":{"confidence_interval":{"confidence_level":0.95,"lower_bound":4660700.2727272725,"upper_bound":4789255.363636363},"point_estimate":4744338.363636363,"standard_error":36119.56670196046},"median_abs_dev":{"confidence_interval":{"confidence_level":0.95,"lower_bound":221328.18490700243,"upper_bound":352555.33247725555},"point_estimate":276202.2425237022,"standard_error":33431.25835568499},"slope":null,"std_dev":{"confidence_interval":{"confidence_level":0.95,"lower_bound":248053.9746104522,"upper_bound":365260.0397554128},"point_estimate":308184.895703102,"standard_error":29983.654506285315}}