{"mean":{"confidence_interval":{"confidence_level":0.95,"lower_bound":3526845.9951499985,"upper_bound":3617847.6519000004},"point_estimate":3565605.2166666673,"standard_error":23638.446369525267},"median":{"confidence_interval":{"confidence_level":0.95,"lower_bound":3526046.5,"upper_bound":3561556.8666666667},"point_estimate":3547536.7333333334,"standard_error":7986.965721369741},"median_abs_dev":{"confidence_interval":{"confidence_level":0.95,"lower_bound":56566.60295674216,"upper_bound":90909.22504603866},"point_estimate":75489.98763978454,"standard_error":8650.72868341605},"slope":null,"std_dev":{"confidence_interval":{"confidence_level":0.95,"lower_bound":71588.26720406735,"upper_bound":366086.60179357143},"point_estimate":237974.383465117,"standard_error":80211.48497267422}}