{"mean":{"confidence_interval":{"confidence_level":0.95,"lower_bound":3666683.0181250013,"upper_bound":3774807.3108392856},"point_estimate":3713500.0335714305,"standard_error":27985.29712893981},"median":{"confidence_interval":{"confidence_level":0.95,"lower_bound":3646818.2142857146,"upper_bound":3725279.9642857146},"point_estimate":3685425.8571428573,"standard_error":18328.365159604477},"median_abs_dev":{"confidence_interval":{"confidence_level":0.95,"lower_bound":89623.9375076067,"upper_bound":154923.06639956587},"point_estimate":123449.2163083385,"standard_error":16233.413994022003},"slope":null,"std_dev":{"confidence_interval":{"confidence_level":0.95,"lower_bound":97965.39238559477,"upper_bound":419708.9827989284},"point_estimate":280650.9999670745,"standard_error":87750.39387842192}}