{"mean":{"confidence_interval":{"confidence_level":0.95,"lower_bound":10640519.774100002,"upper_bound":10885061.66735},"point_estimate":10759493.012000002,"standard_error":62384.70316927407},"median":{"confidence_interval":{"confidence_level":0.95,"lower_bound":10494610.8,"upper_bound":10771912.2},"point_estimate":10618701.2,"standard_error":60372.24382815886},"median_abs_dev":{"confidence_interval":{"confidence_level":0.95,"lower_bound":393602.56839215866,"upper_bound":666550.557886361},"point_estimate":512389.07132327586,"standard_error":66256.51755857603},"slope":null,"std_dev":{"confidence_interval":{"confidence_level":0.95,"lower_bound":495833.6455447739,"upper_bound":751316.239964317},"point_estimate":624670.0938277441,"standard_error":65672.67409009021}}