{"mean":{"confidence_interval":{"confidence_level":0.95,"lower_bound":8764695.317333333,"upper_bound":8964051.196208335},"point_estimate":8860320.766666668,"standard_error":50914.20977095642},"median":{"confidence_interval":{"confidence_level":0.95,"lower_bound":8692160.5,"upper_bound":8897374.666666668},"point_estimate":8801625.166666668,"standard_error":56983.44836072293},"median_abs_dev":{"confidence_interval":{"confidence_level":0.95,"lower_bound":330630.04878014233,"upper_bound":537327.7125105257},"point_estimate":411367.5013467679,"standard_error":54979.646350353316},"slope":null,"std_dev":{"confidence_interval":{"confidence_level":0.95,"lower_bound":385678.4185823456,"upper_bound":641642.2134220569},"point_estimate":512228.8895040659,"standard_error":66406.60775498896}}