{"mean":{"confidence_interval":{"confidence_level":0.95,"lower_bound":10876369.058849998,"upper_bound":11273818.1109},"point_estimate":11070397.656,"standard_error":101166.94391289532},"median":{"confidence_interval":{"confidence_level":0.95,"lower_bound":10496360.8,"upper_bound":11109249.0},"point_estimate":10886635.9,"standard_error":130564.9894169688},"median_abs_dev":{"confidence_interval":{"confidence_level":0.95,"lower_bound":674547.5538843864,"upper_bound":1244883.1556189063},"point_estimate":934954.8232412344,"standard_error":140684.0024711938},"slope":null,"std_dev":{"confidence_interval":{"confidence_level":0.95,"lower_bound":865415.8848276485,"upper_bound":1135457.9716435072},"point_estimate":1011351.9748136629,"standard_error":69033.9743577767}}