{"mean":{"confidence_interval":{"confidence_level":0.95,"lower_bound":7703726.472714287,"upper_bound":7927068.197857146},"point_estimate":7805540.75142857,"standard_error":57266.966389240755},"median":{"confidence_interval":{"confidence_level":0.95,"lower_bound":7605545.857142857,"upper_bound":7680690.142857143},"point_estimate":7654775.357142857,"standard_error":18834.750367057524},"median_abs_dev":{"confidence_interval":{"confidence_level":0.95,"lower_bound":106749.95150480971,"upper_bound":189713.06903191947},"point_estimate":144450.45673549175,"standard_error":21410.80351937485},"slope":null,"std_dev":{"confidence_interval":{"confidence_level":0.95,"lower_bound":320619.34857458813,"upper_bound":790586.2875786724},"point_estimate":577398.7065543409,"standard_error":120143.10827784402}}