{"mean":{"confidence_interval":{"confidence_level":0.95,"lower_bound":77900.12002269672,"upper_bound":78086.45649690744},"point_estimate":77994.59226640286,"standard_error":47.67591479692612},"median":{"confidence_interval":{"confidence_level":0.95,"lower_bound":77989.77242900469,"upper_bound":78157.0358974359},"point_estimate":78081.11919306184,"standard_error":47.77401542389654},"median_abs_dev":{"confidence_interval":{"confidence_level":0.95,"lower_bound":222.23793451602864,"upper_bound":394.6528093643125},"point_estimate":280.6951639660019,"standard_error":45.45657492433676},"slope":{"confidence_interval":{"confidence_level":0.95,"lower_bound":78040.72428829,"upper_bound":78187.15143131433},"point_estimate":78112.69636971275,"standard_error":37.339006037016674},"std_dev":{"confidence_interval":{"confidence_level":0.95,"lower_bound":382.2470837272321,"upper_bound":568.1126485501467},"point_estimate":479.3629667887377,"standard_error":47.51619734386131}}