{"mean":{"confidence_interval":{"confidence_level":0.95,"lower_bound":16760322.539833335,"upper_bound":17101651.843583334},"point_estimate":16921075.916666675,"standard_error":87250.38477907843},"median":{"confidence_interval":{"confidence_level":0.95,"lower_bound":16629471.166666668,"upper_bound":16859587.666666668},"point_estimate":16723891.333333334,"standard_error":60910.32257166204},"median_abs_dev":{"confidence_interval":{"confidence_level":0.95,"lower_bound":475368.4511405221,"upper_bound":733372.7595250292},"point_estimate":624844.7241067886,"standard_error":67433.3952590167},"slope":null,"std_dev":{"confidence_interval":{"confidence_level":0.95,"lower_bound":613919.0957035883,"upper_bound":1135322.3578296995},"point_estimate":876035.7651888924,"standard_error":135281.28119132132}}