{"mean":{"confidence_interval":{"confidence_level":0.95,"lower_bound":17772317.852666683,"upper_bound":17978134.00483333},"point_estimate":17874492.63,"standard_error":52289.65790724002},"median":{"confidence_interval":{"confidence_level":0.95,"lower_bound":17715487.333333332,"upper_bound":17970431.5},"point_estimate":17863245.0,"standard_error":59158.881551073566},"median_abs_dev":{"confidence_interval":{"confidence_level":0.95,"lower_bound":392412.83133327775,"upper_bound":645573.6956387758},"point_estimate":505536.93902492523,"standard_error":66806.60372242164},"slope":null,"std_dev":{"confidence_interval":{"confidence_level":0.95,"lower_bound":454243.0234864966,"upper_bound":590787.9050956187},"point_estimate":526185.691763423,"standard_error":34806.55668840906}}