{"mean":{"confidence_interval":{"confidence_level":0.95,"lower_bound":19867633.94125,"upper_bound":20673220.284999993},"point_estimate":20259317.8,"standard_error":205087.02069523666},"median":{"confidence_interval":{"confidence_level":0.95,"lower_bound":19373835.166666668,"upper_bound":19966472.833333336},"point_estimate":19654620.5,"standard_error":178894.5770514831},"median_abs_dev":{"confidence_interval":{"confidence_level":0.95,"lower_bound":989617.9383307686,"upper_bound":2017239.8559868354},"point_estimate":1452513.3253127346,"standard_error":281989.61207310314},"slope":null,"std_dev":{"confidence_interval":{"confidence_level":0.95,"lower_bound":1634034.4702924723,"upper_bound":2431740.5520128817},"point_estimate":2058276.9907291667,"standard_error":203928.63444193735}}