{"mean":{"confidence_interval":{"confidence_level":0.95,"lower_bound":16260613.271,"upper_bound":16499146.8754375},"point_estimate":16360248.03,"standard_error":61856.22142319118},"median":{"confidence_interval":{"confidence_level":0.95,"lower_bound":16227064.0,"upper_bound":16342946.625},"point_estimate":16274479.75,"standard_error":33248.13195623902},"median_abs_dev":{"confidence_interval":{"confidence_level":0.95,"lower_bound":159167.67069920897,"upper_bound":250353.3141553402},"point_estimate":193695.5708362162,"standard_error":23698.928045821638},"slope":null,"std_dev":{"confidence_interval":{"confidence_level":0.95,"lower_bound":180349.25554148806,"upper_bound":980341.7886544323},"point_estimate":620974.2838115415,"standard_error":220839.3393255699}}