{"mean":{"confidence_interval":{"confidence_level":0.95,"lower_bound":15258993.9493125,"upper_bound":15355458.517749999},"point_estimate":15305713.0775,"standard_error":24588.156095730174},"median":{"confidence_interval":{"confidence_level":0.95,"lower_bound":15237745.25,"upper_bound":15331533.875},"point_estimate":15289408.375,"standard_error":24448.458677059152},"median_abs_dev":{"confidence_interval":{"confidence_level":0.95,"lower_bound":134158.6183682084,"upper_bound":237738.98756241405},"point_estimate":185142.080938071,"standard_error":26060.735297318755},"slope":null,"std_dev":{"confidence_interval":{"confidence_level":0.95,"lower_bound":197775.13250511713,"upper_bound":291828.0818875289},"point_estimate":246997.537180959,"standard_error":24031.15911705425}}