{"mean":{"confidence_interval":{"confidence_level":0.95,"lower_bound":15268965.994875,"upper_bound":15459885.5536875},"point_estimate":15357551.28,"standard_error":48748.268404574985},"median":{"confidence_interval":{"confidence_level":0.95,"lower_bound":15148153.0,"upper_bound":15335816.875},"point_estimate":15231953.5,"standard_error":48477.010076198334},"median_abs_dev":{"confidence_interval":{"confidence_level":0.95,"lower_bound":250338.67348060012,"upper_bound":430105.7735390961},"point_estimate":328342.8912207484,"standard_error":45835.98646037468},"slope":null,"std_dev":{"confidence_interval":{"confidence_level":0.95,"lower_bound":308545.37307432835,"upper_bound":662887.2024037897},"point_estimate":490097.04435249325,"standard_error":93181.80777128153}}