{"mean":{"confidence_interval":{"confidence_level":0.95,"lower_bound":18482412.017,"upper_bound":18840363.992750004},"point_estimate":18657379.74666667,"standard_error":90888.2785414837},"median":{"confidence_interval":{"confidence_level":0.95,"lower_bound":18323531.666666664,"upper_bound":18683015.5},"point_estimate":18509898.5,"standard_error":103293.14923594618},"median_abs_dev":{"confidence_interval":{"confidence_level":0.95,"lower_bound":565315.8641636353,"upper_bound":946517.5215959558},"point_estimate":752519.0679401178,"standard_error":101272.54409109193},"slope":null,"std_dev":{"confidence_interval":{"confidence_level":0.95,"lower_bound":737099.5187107623,"upper_bound":1077898.7456401107},"point_estimate":914197.8992407254,"standard_error":87225.95605080787}}