{"mean":{"confidence_interval":{"confidence_level":0.95,"lower_bound":1259601.3729967033,"upper_bound":1287000.711541174},"point_estimate":1271593.3186500932,"standard_error":7063.202268159652},"median":{"confidence_interval":{"confidence_level":0.95,"lower_bound":1253892.6666666667,"upper_bound":1258173.5413586413},"point_estimate":1255724.066016334,"standard_error":1295.0449775217464},"median_abs_dev":{"confidence_interval":{"confidence_level":0.95,"lower_bound":7540.781972451321,"upper_bound":13119.054289852722},"point_estimate":10415.481027588306,"standard_error":1405.9347256008941},"slope":{"confidence_interval":{"confidence_level":0.95,"lower_bound":1254873.700226269,"upper_bound":1278338.2156077002},"point_estimate":1264883.3871907787,"standard_error":6023.442757026516},"std_dev":{"confidence_interval":{"confidence_level":0.95,"lower_bound":23300.988903783054,"upper_bound":104180.21237291743},"point_estimate":70897.15995081398,"standard_error":20141.354660923844}}