{"mean":{"confidence_interval":{"confidence_level":0.95,"lower_bound":1243910.0227344309,"upper_bound":1263604.0090503735},"point_estimate":1252707.155433405,"standard_error":5086.969296409091},"median":{"confidence_interval":{"confidence_level":0.95,"lower_bound":1237336.6525974027,"upper_bound":1241428.5294117648},"point_estimate":1238841.774637681,"standard_error":990.0069312749888},"median_abs_dev":{"confidence_interval":{"confidence_level":0.95,"lower_bound":5071.479287933233,"upper_bound":8211.167368190312},"point_estimate":6391.822608696664,"standard_error":796.614092234549},"slope":{"confidence_interval":{"confidence_level":0.95,"lower_bound":1238532.1406656315,"upper_bound":1261088.0017356763},"point_estimate":1248056.6756346978,"standard_error":5875.42961468749},"std_dev":{"confidence_interval":{"confidence_level":0.95,"lower_bound":23711.94798061552,"upper_bound":73828.2099166266},"point_estimate":51342.90934573604,"standard_error":12975.278653023823}}