{"mean":{"confidence_interval":{"confidence_level":0.95,"lower_bound":1244449.2229039297,"upper_bound":1272339.276858299},"point_estimate":1256460.2759217455,"standard_error":7200.047618738827},"median":{"confidence_interval":{"confidence_level":0.95,"lower_bound":1233834.5346638656,"upper_bound":1250918.7015384615},"point_estimate":1242610.4285714286,"standard_error":5252.63997634737},"median_abs_dev":{"confidence_interval":{"confidence_level":0.95,"lower_bound":19512.37722501469,"upper_bound":31972.005040075746},"point_estimate":24979.09698591611,"standard_error":3311.115920835438},"slope":{"confidence_interval":{"confidence_level":0.95,"lower_bound":1241729.1119043166,"upper_bound":1255608.5978903591},"point_estimate":1248628.235868184,"standard_error":3539.673376287048},"std_dev":{"confidence_interval":{"confidence_level":0.95,"lower_bound":24195.308955764936,"upper_bound":108765.87947508029},"point_estimate":72336.78243266346,"standard_error":22764.100968675502}}