{"mean":{"confidence_interval":{"confidence_level":0.95,"lower_bound":16327792.574000005,"upper_bound":16628637.448166667},"point_estimate":16466360.940000005,"standard_error":76937.47318132667},"median":{"confidence_interval":{"confidence_level":0.95,"lower_bound":16184806.0,"upper_bound":16452709.333333334},"point_estimate":16281140.5,"standard_error":62042.74606544308},"median_abs_dev":{"confidence_interval":{"confidence_level":0.95,"lower_bound":354098.49441349413,"upper_bound":611333.2963466635},"point_estimate":470360.77204942703,"standard_error":63457.13397885038},"slope":null,"std_dev":{"confidence_interval":{"confidence_level":0.95,"lower_bound":471301.4207240513,"upper_bound":1063032.6242617753},"point_estimate":774859.0571581556,"standard_error":156247.96554915243}}