{"mean":{"confidence_interval":{"confidence_level":0.95,"lower_bound":18324969.591916665,"upper_bound":18673180.715249993},"point_estimate":18491526.420000006,"standard_error":89018.70142045307},"median":{"confidence_interval":{"confidence_level":0.95,"lower_bound":18056742.833333336,"upper_bound":18422834.666666668},"point_estimate":18250656.0,"standard_error":89664.6322774518},"median_abs_dev":{"confidence_interval":{"confidence_level":0.95,"lower_bound":450420.0495034475,"upper_bound":824160.0283682356},"point_estimate":661606.5317541361,"standard_error":100588.05891371804},"slope":null,"std_dev":{"confidence_interval":{"confidence_level":0.95,"lower_bound":694044.8086326215,"upper_bound":1071093.902365384},"point_estimate":896048.603808524,"standard_error":96366.98518768624}}