{"mean":{"confidence_interval":{"confidence_level":0.95,"lower_bound":14629072.290000001,"upper_bound":14847311.872624999},"point_estimate":14724443.885,"standard_error":56043.433494076606},"median":{"confidence_interval":{"confidence_level":0.95,"lower_bound":14563514.625,"upper_bound":14693354.5},"point_estimate":14630965.875,"standard_error":33053.100929887856},"median_abs_dev":{"confidence_interval":{"confidence_level":0.95,"lower_bound":174557.42444286155,"upper_bound":307258.4431794468},"point_estimate":239945.09169012308,"standard_error":34612.55012027664},"slope":null,"std_dev":{"confidence_interval":{"confidence_level":0.95,"lower_bound":286407.1407173892,"upper_bound":852850.1297626634},"point_estimate":562432.1479061317,"standard_error":173603.79170345876}}