{"mean":{"confidence_interval":{"confidence_level":0.95,"lower_bound":19537765.148333333,"upper_bound":19871438.23966666},"point_estimate":19699012.166666664,"standard_error":85222.89889183184},"median":{"confidence_interval":{"confidence_level":0.95,"lower_bound":19380468.333333332,"upper_bound":19684270.166666664},"point_estimate":19560834.5,"standard_error":86932.11336576531},"median_abs_dev":{"confidence_interval":{"confidence_level":0.95,"lower_bound":460276.3741284599,"upper_bound":789347.5308112779},"point_estimate":635123.3426243076,"standard_error":81927.71714473066},"slope":null,"std_dev":{"confidence_interval":{"confidence_level":0.95,"lower_bound":661343.3215130742,"upper_bound":1061969.2420565316},"point_estimate":859188.2159936907,"standard_error":103935.079512046}}