{"mean":{"confidence_interval":{"confidence_level":0.95,"lower_bound":11997011.66655,"upper_bound":12150564.196800005},"point_estimate":12069871.068,"standard_error":39237.042717582706},"median":{"confidence_interval":{"confidence_level":0.95,"lower_bound":11995507.3,"upper_bound":12168914.8},"point_estimate":12099625.9,"standard_error":39609.51685525269},"median_abs_dev":{"confidence_interval":{"confidence_level":0.95,"lower_bound":214292.03499555588,"upper_bound":371860.6845581526},"point_estimate":290985.8938139661,"standard_error":39531.50847528154},"slope":null,"std_dev":{"confidence_interval":{"confidence_level":0.95,"lower_bound":267626.915703483,"upper_bound":525690.8835207337},"point_estimate":394871.6905141917,"standard_error":68323.9553356992}}