{"mean":{"confidence_interval":{"confidence_level":0.95,"lower_bound":14823566.6550625,"upper_bound":15112896.1573125},"point_estimate":14951638.1775,"standard_error":74511.6113214432},"median":{"confidence_interval":{"confidence_level":0.95,"lower_bound":14759307.25,"upper_bound":14922495.75},"point_estimate":14853107.75,"standard_error":44321.45056897489},"median_abs_dev":{"confidence_interval":{"confidence_level":0.95,"lower_bound":222928.9211422205,"upper_bound":351081.89766705036},"point_estimate":278156.14081174135,"standard_error":33416.59435490698},"slope":null,"std_dev":{"confidence_interval":{"confidence_level":0.95,"lower_bound":325720.5392731068,"upper_bound":1113008.2931210734},"point_estimate":748693.6746936134,"standard_error":207134.61257665663}}