{"mean":{"confidence_interval":{"confidence_level":0.95,"lower_bound":14668957.628187502,"upper_bound":14996419.4623125},"point_estimate":14816007.2675,"standard_error":83788.82676071812},"median":{"confidence_interval":{"confidence_level":0.95,"lower_bound":14582367.5,"upper_bound":14917061.25},"point_estimate":14728034.75,"standard_error":92629.99976120012},"median_abs_dev":{"confidence_interval":{"confidence_level":0.95,"lower_bound":437411.9381800113,"upper_bound":667923.8902419806},"point_estimate":573975.607059896,"standard_error":60669.53171272265},"slope":null,"std_dev":{"confidence_interval":{"confidence_level":0.95,"lower_bound":488855.34050486644,"upper_bound":1241804.4531733987},"point_estimate":840794.7645457635,"standard_error":232535.27337023994}}