{"mean":{"confidence_interval":{"confidence_level":0.95,"lower_bound":15484442.8245,"upper_bound":15607338.7275},"point_estimate":15544899.5825,"standard_error":31359.899013338047},"median":{"confidence_interval":{"confidence_level":0.95,"lower_bound":15425889.375,"upper_bound":15573065.625},"point_estimate":15506914.875,"standard_error":37792.43731774965},"median_abs_dev":{"confidence_interval":{"confidence_level":0.95,"lower_bound":213032.75164291263,"upper_bound":354047.28293940425},"point_estimate":284864.72036764026,"standard_error":34607.70234539759},"slope":null,"std_dev":{"confidence_interval":{"confidence_level":0.95,"lower_bound":263228.44540268247,"upper_bound":360532.9395990551},"point_estimate":314540.0490034291,"standard_error":24819.61200819698}}