{"mean":{"confidence_interval":{"confidence_level":0.95,"lower_bound":4277923.2444038475,"upper_bound":4402310.768403847},"point_estimate":4337116.516923077,"standard_error":31792.244805788134},"median":{"confidence_interval":{"confidence_level":0.95,"lower_bound":4210478.730769231,"upper_bound":4278170.769230769},"point_estimate":4236055.615384615,"standard_error":18481.51476656769},"median_abs_dev":{"confidence_interval":{"confidence_level":0.95,"lower_bound":126225.53953597104,"upper_bound":220124.92543046255},"point_estimate":177711.50370652895,"standard_error":23470.232280930264},"slope":null,"std_dev":{"confidence_interval":{"confidence_level":0.95,"lower_bound":233386.0605178539,"upper_bound":403184.19684643106},"point_estimate":320262.14897509053,"standard_error":43707.32718976717}}