{"mean":{"confidence_interval":{"confidence_level":0.95,"lower_bound":5299593.107249999,"upper_bound":5454931.0557},"point_estimate":5376590.665,"standard_error":39720.35991611633},"median":{"confidence_interval":{"confidence_level":0.95,"lower_bound":5282309.3,"upper_bound":5442650.35},"point_estimate":5376104.9,"standard_error":41495.532612983836},"median_abs_dev":{"confidence_interval":{"confidence_level":0.95,"lower_bound":310527.1878655412,"upper_bound":462900.5513718723},"point_estimate":394626.30367398233,"standard_error":38574.253937014604},"slope":null,"std_dev":{"confidence_interval":{"confidence_level":0.95,"lower_bound":335954.1699294783,"upper_bound":455619.8309454751},"point_estimate":397458.06811025925,"standard_error":30575.288963443643}}