{"mean":{"confidence_interval":{"confidence_level":0.95,"lower_bound":5311899.02315,"upper_bound":5400274.891575001},"point_estimate":5353413.154999998,"standard_error":22531.726103150344},"median":{"confidence_interval":{"confidence_level":0.95,"lower_bound":5290288.699999999,"upper_bound":5357897.3},"point_estimate":5321308.75,"standard_error":15371.652874438516},"median_abs_dev":{"confidence_interval":{"confidence_level":0.95,"lower_bound":118141.12716257655,"upper_bound":195347.59492188747},"point_estimate":144111.16373151526,"standard_error":20648.60757623754},"slope":null,"std_dev":{"confidence_interval":{"confidence_level":0.95,"lower_bound":153928.38038602148,"upper_bound":306257.86957909307},"point_estimate":225722.67078230935,"standard_error":42139.70662656998}}