{"mean":{"confidence_interval":{"confidence_level":0.95,"lower_bound":5171739.119275004,"upper_bound":5332566.480925},"point_estimate":5252495.283000002,"standard_error":41039.43613046559},"median":{"confidence_interval":{"confidence_level":0.95,"lower_bound":5179676.75,"upper_bound":5432636.3},"point_estimate":5308640.9,"standard_error":62409.23714276153},"median_abs_dev":{"confidence_interval":{"confidence_level":0.95,"lower_bound":316262.0735952266,"upper_bound":530322.822994888},"point_estimate":429248.1265193229,"standard_error":55974.91233536181},"slope":null,"std_dev":{"confidence_interval":{"confidence_level":0.95,"lower_bound":360137.59029480553,"upper_bound":458690.03311397496},"point_estimate":411801.3864694312,"standard_error":25209.323446968512}}