{"mean":{"confidence_interval":{"confidence_level":0.95,"lower_bound":5273030.744350002,"upper_bound":5381830.828050001},"point_estimate":5324681.718,"standard_error":27868.08309575599},"median":{"confidence_interval":{"confidence_level":0.95,"lower_bound":5215413.4,"upper_bound":5280053.2},"point_estimate":5255008.25,"standard_error":17261.065901262464},"median_abs_dev":{"confidence_interval":{"confidence_level":0.95,"lower_bound":114652.1839485174,"upper_bound":192744.2346176054},"point_estimate":149497.5976958871,"standard_error":20902.634581774102},"slope":null,"std_dev":{"confidence_interval":{"confidence_level":0.95,"lower_bound":202560.9302920258,"upper_bound":348397.5702058185},"point_estimate":280212.842085101,"standard_error":37298.5152024392}}