{"mean":{"confidence_interval":{"confidence_level":0.95,"lower_bound":14773413.84575,"upper_bound":14936463.580937501},"point_estimate":14853832.19,"standard_error":41611.951824258045},"median":{"confidence_interval":{"confidence_level":0.95,"lower_bound":14648279.375,"upper_bound":14941008.0},"point_estimate":14765068.375,"standard_error":67789.28258133508},"median_abs_dev":{"confidence_interval":{"confidence_level":0.95,"lower_bound":329067.3266328871,"upper_bound":531982.0747554302},"point_estimate":446527.4214975536,"standard_error":50412.11799342354},"slope":null,"std_dev":{"confidence_interval":{"confidence_level":0.95,"lower_bound":360503.6710637073,"upper_bound":470581.92996520957},"point_estimate":418759.0606188573,"standard_error":28097.75286293205}}