{"mean":{"confidence_interval":{"confidence_level":0.95,"lower_bound":16717847.820916662,"upper_bound":17365256.539083328},"point_estimate":17029943.49,"standard_error":165256.56660920265},"median":{"confidence_interval":{"confidence_level":0.95,"lower_bound":16552368.666666668,"upper_bound":17076376.333333332},"point_estimate":16853961.833333336,"standard_error":160505.34177728987},"median_abs_dev":{"confidence_interval":{"confidence_level":0.95,"lower_bound":969494.5100480353,"upper_bound":1830127.4676362413},"point_estimate":1328633.449012041,"standard_error":220046.93958374724},"slope":null,"std_dev":{"confidence_interval":{"confidence_level":0.95,"lower_bound":1256019.2363236377,"upper_bound":2053061.756703824},"point_estimate":1666997.1417613102,"standard_error":204292.60444092427}}