{"mean":{"confidence_interval":{"confidence_level":0.95,"lower_bound":17620397.463,"upper_bound":18004658.6805},"point_estimate":17807391.46,"standard_error":98058.4426733058},"median":{"confidence_interval":{"confidence_level":0.95,"lower_bound":17354806.0,"upper_bound":17938109.666666664},"point_estimate":17651783.0,"standard_error":184202.4874688159},"median_abs_dev":{"confidence_interval":{"confidence_level":0.95,"lower_bound":749357.4234962426,"upper_bound":1152242.5997436102},"point_estimate":926632.6436489811,"standard_error":101465.23922519396},"slope":null,"std_dev":{"confidence_interval":{"confidence_level":0.95,"lower_bound":790262.6316269791,"upper_bound":1175413.0980688205},"point_estimate":984573.8950038191,"standard_error":99318.6509481648}}