{"mean":{"confidence_interval":{"confidence_level":0.95,"lower_bound":23445316.045249995,"upper_bound":24129119.60566667},"point_estimate":23765575.673333336,"standard_error":174672.158304146},"median":{"confidence_interval":{"confidence_level":0.95,"lower_bound":23236931.666666668,"upper_bound":23992375.833333336},"point_estimate":23427710.0,"standard_error":218096.36429140306},"median_abs_dev":{"confidence_interval":{"confidence_level":0.95,"lower_bound":1030664.9541020365,"upper_bound":1622945.605286954},"point_estimate":1289637.8574043522,"standard_error":165802.18175534107},"slope":null,"std_dev":{"confidence_interval":{"confidence_level":0.95,"lower_bound":1137842.1629754184,"upper_bound":2336943.257739075},"point_estimate":1756581.8981240648,"standard_error":314358.41818255116}}