{"mean":{"confidence_interval":{"confidence_level":0.95,"lower_bound":22974120.06283333,"upper_bound":23560581.373249993},"point_estimate":23252890.50333334,"standard_error":148908.28687803893},"median":{"confidence_interval":{"confidence_level":0.95,"lower_bound":22678510.166666668,"upper_bound":23351820.5},"point_estimate":22849671.666666664,"standard_error":199293.908134647},"median_abs_dev":{"confidence_interval":{"confidence_level":0.95,"lower_bound":896833.6196780205,"upper_bound":1633140.2098059682},"point_estimate":1325185.662773246,"standard_error":188233.82005289113},"slope":null,"std_dev":{"confidence_interval":{"confidence_level":0.95,"lower_bound":1098839.6846615057,"upper_bound":1960275.576587342},"point_estimate":1491129.8463793527,"standard_error":237947.90847573703}}