{"mean":{"confidence_interval":{"confidence_level":0.95,"lower_bound":4868761.641840907,"upper_bound":5137510.2690681815},"point_estimate":4993695.069999998,"standard_error":68608.57637499165},"median":{"confidence_interval":{"confidence_level":0.95,"lower_bound":4687023.045454545,"upper_bound":4884593.045454545},"point_estimate":4800829.2727272725,"standard_error":50909.10456943154},"median_abs_dev":{"confidence_interval":{"confidence_level":0.95,"lower_bound":282477.1767502552,"upper_bound":495701.0338450023},"point_estimate":401301.4000572947,"standard_error":51080.61138248636},"slope":null,"std_dev":{"confidence_interval":{"confidence_level":0.95,"lower_bound":461783.14533477405,"upper_bound":917358.8841996805},"point_estimate":688611.0620189745,"standard_error":119999.88814233759}}