{"mean":{"confidence_interval":{"confidence_level":0.95,"lower_bound":4594298.460477273,"upper_bound":4684456.972704545},"point_estimate":4637952.699090909,"standard_error":22921.223737002405},"median":{"confidence_interval":{"confidence_level":0.95,"lower_bound":4544686.772727273,"upper_bound":4647603.681818182},"point_estimate":4602446.0,"standard_error":30703.00144119845},"median_abs_dev":{"confidence_interval":{"confidence_level":0.95,"lower_bound":140891.4754986763,"upper_bound":222837.50369088972},"point_estimate":187987.54408982687,"standard_error":21325.53793748324},"slope":null,"std_dev":{"confidence_interval":{"confidence_level":0.95,"lower_bound":186372.64519461355,"upper_bound":268850.57554670656},"point_estimate":230303.44047544582,"standard_error":21093.961599633392}}