{"mean":{"confidence_interval":{"confidence_level":0.95,"lower_bound":4041830.1648076917,"upper_bound":4166375.345057691},"point_estimate":4092944.9184615384,"standard_error":32248.969548175406},"median":{"confidence_interval":{"confidence_level":0.95,"lower_bound":4009970.0384615385,"upper_bound":4086913.346153846},"point_estimate":4042297.3846153845,"standard_error":17623.812704817647},"median_abs_dev":{"confidence_interval":{"confidence_level":0.95,"lower_bound":100736.68078848944,"upper_bound":177139.89156340712},"point_estimate":144275.9661232047,"standard_error":20255.205828739763},"slope":null,"std_dev":{"confidence_interval":{"confidence_level":0.95,"lower_bound":122950.7544672409,"upper_bound":518682.2609827612},"point_estimate":324311.3252348377,"standard_error":125117.28017673834}}