{"mean":{"confidence_interval":{"confidence_level":0.95,"lower_bound":3878648.716846155,"upper_bound":3977642.3053846164},"point_estimate":3920686.938461536,"standard_error":25669.926014911325},"median":{"confidence_interval":{"confidence_level":0.95,"lower_bound":3844643.6153846155,"upper_bound":3890663.1153846155},"point_estimate":3869359.153846154,"standard_error":12222.479675363067},"median_abs_dev":{"confidence_interval":{"confidence_level":0.95,"lower_bound":72590.43265741615,"upper_bound":138994.43323485547},"point_estimate":103554.47608461752,"standard_error":16452.446855217026},"slope":null,"std_dev":{"confidence_interval":{"confidence_level":0.95,"lower_bound":109677.8357580371,"upper_bound":404466.6148243271},"point_estimate":258531.2999232788,"standard_error":90834.84263202353}}