{"mean":{"confidence_interval":{"confidence_level":0.95,"lower_bound":4191536.1508750003,"upper_bound":4345586.871479162},"point_estimate":4251675.758333332,"standard_error":40755.546339388144},"median":{"confidence_interval":{"confidence_level":0.95,"lower_bound":4149468.5416666665,"upper_bound":4193902.2916666665},"point_estimate":4169293.7083333335,"standard_error":13112.490618184029},"median_abs_dev":{"confidence_interval":{"confidence_level":0.95,"lower_bound":50841.07274176535,"upper_bound":91075.74573308195},"point_estimate":69522.26329073275,"standard_error":10554.093588691356},"slope":null,"std_dev":{"confidence_interval":{"confidence_level":0.95,"lower_bound":115466.32528494032,"upper_bound":670338.9861927235},"point_estimate":408846.5327188139,"standard_error":179684.60765618618}}