{"mean":{"confidence_interval":{"confidence_level":0.95,"lower_bound":5145440.210700001,"upper_bound":5359318.955875002},"point_estimate":5244308.058000001,"standard_error":54908.46262989729},"median":{"confidence_interval":{"confidence_level":0.95,"lower_bound":5061749.4,"upper_bound":5211810.25},"point_estimate":5132299.85,"standard_error":39278.6874993018},"median_abs_dev":{"confidence_interval":{"confidence_level":0.95,"lower_bound":236461.20414197363,"upper_bound":381586.3921254873},"point_estimate":295802.71286845166,"standard_error":39210.97390334741},"slope":null,"std_dev":{"confidence_interval":{"confidence_level":0.95,"lower_bound":348888.13382899924,"upper_bound":727540.7655747032},"point_estimate":552538.5375334866,"standard_error":99682.11523358349}}