{"mean":{"confidence_interval":{"confidence_level":0.95,"lower_bound":3493897.150733335,"upper_bound":3586394.8066500006},"point_estimate":3533113.330666666,"standard_error":23878.08041428854},"median":{"confidence_interval":{"confidence_level":0.95,"lower_bound":3440561.1333333333,"upper_bound":3486673.866666666},"point_estimate":3469017.4333333336,"standard_error":11948.563078162544},"median_abs_dev":{"confidence_interval":{"confidence_level":0.95,"lower_bound":57326.4576822517,"upper_bound":117113.93248081199},"point_estimate":85164.39724802984,"standard_error":15056.464583779278},"slope":null,"std_dev":{"confidence_interval":{"confidence_level":0.95,"lower_bound":114571.39880135577,"upper_bound":372570.7001187895},"point_estimate":240148.83741380722,"standard_error":83713.66441046196}}