{"mean":{"confidence_interval":{"confidence_level":0.95,"lower_bound":4119665.834442306,"upper_bound":4238352.844673078},"point_estimate":4166887.702307693,"standard_error":31331.993429857976},"median":{"confidence_interval":{"confidence_level":0.95,"lower_bound":4094196.730769231,"upper_bound":4149360.230769231},"point_estimate":4119575.692307692,"standard_error":14978.957485435887},"median_abs_dev":{"confidence_interval":{"confidence_level":0.95,"lower_bound":68656.75278879108,"upper_bound":105538.77078246603},"point_estimate":84534.77125305386,"standard_error":9531.226370983773},"slope":null,"std_dev":{"confidence_interval":{"confidence_level":0.95,"lower_bound":92998.36226232906,"upper_bound":515827.5298744823},"point_estimate":316094.2099792229,"standard_error":134270.79866678469}}