{"mean":{"confidence_interval":{"confidence_level":0.95,"lower_bound":3636935.3291333327,"upper_bound":3705705.063833333},"point_estimate":3667760.0326666655,"standard_error":17649.066308678357},"median":{"confidence_interval":{"confidence_level":0.95,"lower_bound":3643581.7,"upper_bound":3674612.1333333333},"point_estimate":3657165.2333333334,"standard_error":8676.957583953745},"median_abs_dev":{"confidence_interval":{"confidence_level":0.95,"lower_bound":59996.5708148479,"upper_bound":114089.28027451085},"point_estimate":83001.97576642068,"standard_error":14068.123678628886},"slope":null,"std_dev":{"confidence_interval":{"confidence_level":0.95,"lower_bound":86852.08022234151,"upper_bound":257040.00037649905},"point_estimate":177199.91971178848,"standard_error":45545.141028869395}}