{"mean":{"confidence_interval":{"confidence_level":0.95,"lower_bound":3621980.531883334,"upper_bound":3721027.6430166685},"point_estimate":3662258.2060000007,"standard_error":25931.74184456391},"median":{"confidence_interval":{"confidence_level":0.95,"lower_bound":3618373.6666666665,"upper_bound":3669178.2666666666},"point_estimate":3656494.833333333,"standard_error":13087.344327609257},"median_abs_dev":{"confidence_interval":{"confidence_level":0.95,"lower_bound":75513.95633935912,"upper_bound":126159.7691202165},"point_estimate":98810.64276576012,"standard_error":13495.511775070192},"slope":null,"std_dev":{"confidence_interval":{"confidence_level":0.95,"lower_bound":95361.72586100995,"upper_bound":420769.84897669253},"point_estimate":260547.90562556306,"standard_error":106360.64211004354}}