{"mean":{"confidence_interval":{"confidence_level":0.95,"lower_bound":3697132.107660714,"upper_bound":3799330.7355178553},"point_estimate":3741753.071428571,"standard_error":26344.70304290266},"median":{"confidence_interval":{"confidence_level":0.95,"lower_bound":3643686.0,"upper_bound":3733844.714285714},"point_estimate":3692079.7142857146,"standard_error":26348.96374740316},"median_abs_dev":{"confidence_interval":{"confidence_level":0.95,"lower_bound":94279.22067620895,"upper_bound":150629.50982579167},"point_estimate":130244.92508769035,"standard_error":14288.701250967551},"slope":null,"std_dev":{"confidence_interval":{"confidence_level":0.95,"lower_bound":111999.53451747478,"upper_bound":400867.5908919466},"point_estimate":263369.15973961336,"standard_error":78427.10453424814}}