{"mean":{"confidence_interval":{"confidence_level":0.95,"lower_bound":4047280.32201923,"upper_bound":4102106.914519231},"point_estimate":4073653.306923075,"standard_error":13966.54763877786},"median":{"confidence_interval":{"confidence_level":0.95,"lower_bound":4023559.230769231,"upper_bound":4093210.076923077},"point_estimate":4046444.076923077,"standard_error":17718.373845739803},"median_abs_dev":{"confidence_interval":{"confidence_level":0.95,"lower_bound":100932.09886963519,"upper_bound":150845.02446811943},"point_estimate":132859.20502589308,"standard_error":12928.136015587808},"slope":null,"std_dev":{"confidence_interval":{"confidence_level":0.95,"lower_bound":106175.10693793755,"upper_bound":171757.51699970296},"point_estimate":139761.8890213983,"standard_error":16837.226368590327}}