{"mean":{"confidence_interval":{"confidence_level":0.95,"lower_bound":4884856.356000001,"upper_bound":5154656.736659091},"point_estimate":5006602.678181817,"standard_error":69069.96831077657},"median":{"confidence_interval":{"confidence_level":0.95,"lower_bound":4770274.181818182,"upper_bound":4911683.363636363},"point_estimate":4830128.818181818,"standard_error":38256.77516213888},"median_abs_dev":{"confidence_interval":{"confidence_level":0.95,"lower_bound":199659.11020988735,"upper_bound":372179.83441975934},"point_estimate":261827.29013345516,"standard_error":46528.063012881124},"slope":null,"std_dev":{"confidence_interval":{"confidence_level":0.95,"lower_bound":389377.09136788524,"upper_bound":997899.8512416643},"point_estimate":694824.424831438,"standard_error":164494.58549576317}}