{"mean":{"confidence_interval":{"confidence_level":0.95,"lower_bound":184806110.792,"upper_bound":188431447.70749998},"point_estimate":186483228.86,"standard_error":927163.8142423801},"median":{"confidence_interval":{"confidence_level":0.95,"lower_bound":183122694.0,"upper_bound":185348922.0},"point_estimate":184185551.0,"standard_error":469579.7764179132},"median_abs_dev":{"confidence_interval":{"confidence_level":0.95,"lower_bound":4537317.824846506,"upper_bound":6821390.532298609},"point_estimate":5768237.557393312,"standard_error":497271.35028956324},"slope":null,"std_dev":{"confidence_interval":{"confidence_level":0.95,"lower_bound":5890189.60788953,"upper_bound":12417608.638117613},"point_estimate":9333741.688683651,"standard_error":1671166.7329769456}}