{"mean":{"confidence_interval":{"confidence_level":0.95,"lower_bound":37609225.805875,"upper_bound":38927179.755375},"point_estimate":38213210.27,"standard_error":337975.5438677382},"median":{"confidence_interval":{"confidence_level":0.95,"lower_bound":37012573.25,"upper_bound":38018103.0},"point_estimate":37579503.5,"standard_error":235444.87720036617},"median_abs_dev":{"confidence_interval":{"confidence_level":0.95,"lower_bound":1709127.1649569273,"upper_bound":2811758.6337313056},"point_estimate":2325142.264920473,"standard_error":281267.4747872999},"slope":null,"std_dev":{"confidence_interval":{"confidence_level":0.95,"lower_bound":2135225.2137464103,"upper_bound":4818587.960807906},"point_estimate":3408227.3110707547,"standard_error":778679.1194715213}}