{"mean":{"confidence_interval":{"confidence_level":0.95,"lower_bound":134925.14817085132,"upper_bound":140141.35315863657},"point_estimate":137382.91994871668,"standard_error":1336.8099932138823},"median":{"confidence_interval":{"confidence_level":0.95,"lower_bound":133701.23011363635,"upper_bound":137093.18934643257},"point_estimate":135894.87410714285,"standard_error":774.7171084192653},"median_abs_dev":{"confidence_interval":{"confidence_level":0.95,"lower_bound":5923.6444305228515,"upper_bound":9478.024408117835},"point_estimate":7541.737388973471,"standard_error":861.5578551869534},"slope":{"confidence_interval":{"confidence_level":0.95,"lower_bound":136947.01643046492,"upper_bound":142107.10783803958},"point_estimate":139273.83112383625,"standard_error":1320.6922124890489},"std_dev":{"confidence_interval":{"confidence_level":0.95,"lower_bound":8839.197587874194,"upper_bound":17341.599681932807},"point_estimate":13433.403488320879,"standard_error":2171.3822657949404}}