{"mean":{"confidence_interval":{"confidence_level":0.95,"lower_bound":958765.3905004109,"upper_bound":1044351.9458908665},"point_estimate":1000306.6581000418,"standard_error":21844.760543415625},"median":{"confidence_interval":{"confidence_level":0.95,"lower_bound":875240.7470588235,"upper_bound":1061607.0},"point_estimate":942619.7733585858,"standard_error":53558.365324119426},"median_abs_dev":{"confidence_interval":{"confidence_level":0.95,"lower_bound":138741.7189708752,"upper_bound":271081.73915652843},"point_estimate":207435.68613437194,"standard_error":31065.60215992096},"slope":{"confidence_interval":{"confidence_level":0.95,"lower_bound":993811.3937824804,"upper_bound":1052707.8892299281},"point_estimate":1023855.1732141274,"standard_error":14982.822546928619},"std_dev":{"confidence_interval":{"confidence_level":0.95,"lower_bound":173922.0850681758,"upper_bound":260341.70002873646},"point_estimate":218694.60691539804,"standard_error":22220.794182051384}}