{"mean":{"confidence_interval":{"confidence_level":0.95,"lower_bound":971492.9147379039,"upper_bound":1056532.1880384292},"point_estimate":1012789.2021124271,"standard_error":21726.358623544445},"median":{"confidence_interval":{"confidence_level":0.95,"lower_bound":904181.75,"upper_bound":1072080.8214285714},"point_estimate":1043154.5897536394,"standard_error":43652.780650977234},"median_abs_dev":{"confidence_interval":{"confidence_level":0.95,"lower_bound":186670.48282885397,"upper_bound":268571.9362878967},"point_estimate":240053.91417007518,"standard_error":21544.511342793103},"slope":{"confidence_interval":{"confidence_level":0.95,"lower_bound":1024584.1199718665,"upper_bound":1073429.8319300364},"point_estimate":1049835.4667622284,"standard_error":12476.210996880922},"std_dev":{"confidence_interval":{"confidence_level":0.95,"lower_bound":176013.3452835904,"upper_bound":259170.2035895407},"point_estimate":217623.43006124222,"standard_error":21420.493258089147}}