{"mean":{"confidence_interval":{"confidence_level":0.95,"lower_bound":2291209.503797619,"upper_bound":2419921.3128690477},"point_estimate":2352512.3071428575,"standard_error":32883.522671477054},"median":{"confidence_interval":{"confidence_level":0.95,"lower_bound":2260097.5,"upper_bound":2353273.7857142854},"point_estimate":2302897.5476190476,"standard_error":25530.806353785898},"median_abs_dev":{"confidence_interval":{"confidence_level":0.95,"lower_bound":170132.05347955227,"upper_bound":296195.4465414802},"point_estimate":249747.74266609116,"standard_error":32531.14574358797},"slope":null,"std_dev":{"confidence_interval":{"confidence_level":0.95,"lower_bound":231767.53988351044,"upper_bound":427829.09566631843},"point_estimate":330758.0324219806,"standard_error":50965.71571429567}}