{"mean":{"confidence_interval":{"confidence_level":0.95,"lower_bound":1920216.5204500002,"upper_bound":1990821.7657999995},"point_estimate":1955039.269199999,"standard_error":17975.877947473076},"median":{"confidence_interval":{"confidence_level":0.95,"lower_bound":1914586.48,"upper_bound":1965814.76},"point_estimate":1944186.66,"standard_error":14090.947770983132},"median_abs_dev":{"confidence_interval":{"confidence_level":0.95,"lower_bound":115361.78594791883,"upper_bound":181064.98290145386},"point_estimate":150935.43797636023,"standard_error":17203.200366100482},"slope":null,"std_dev":{"confidence_interval":{"confidence_level":0.95,"lower_bound":144514.09692247407,"upper_bound":214639.38722865816},"point_estimate":180539.53177254726,"standard_error":17934.419203666806}}