{"mean":{"confidence_interval":{"confidence_level":0.95,"lower_bound":110565.97431346872,"upper_bound":113184.40717490885},"point_estimate":111841.91419915209,"standard_error":665.8715301505647},"median":{"confidence_interval":{"confidence_level":0.95,"lower_bound":110394.66802631579,"upper_bound":112569.03734567901},"point_estimate":111640.4582555781,"standard_error":583.2886339001432},"median_abs_dev":{"confidence_interval":{"confidence_level":0.95,"lower_bound":3579.4248495254965,"upper_bound":6542.588957179162},"point_estimate":4738.729266914348,"standard_error":772.7094939885211},"slope":{"confidence_interval":{"confidence_level":0.95,"lower_bound":112131.39703859846,"upper_bound":114666.42111004548},"point_estimate":113326.85339086744,"standard_error":648.2589488371349},"std_dev":{"confidence_interval":{"confidence_level":0.95,"lower_bound":5137.933305630951,"upper_bound":8349.423594186288},"point_estimate":6690.400533636729,"standard_error":837.2180540851574}}