{"mean":{"confidence_interval":{"confidence_level":0.95,"lower_bound":127365.34828392103,"upper_bound":128989.36992734112},"point_estimate":128199.65500088617,"standard_error":415.12708636635443},"median":{"confidence_interval":{"confidence_level":0.95,"lower_bound":127451.42548076923,"upper_bound":129596.31547619047},"point_estimate":128831.41203703705,"standard_error":566.4542076630439},"median_abs_dev":{"confidence_interval":{"confidence_level":0.95,"lower_bound":3169.2636925246466,"upper_bound":4609.651073600014},"point_estimate":4121.279988229708,"standard_error":364.7588575885175},"slope":{"confidence_interval":{"confidence_level":0.95,"lower_bound":127609.75246380236,"upper_bound":129342.89581608858},"point_estimate":128478.78615486922,"standard_error":441.7629501115588},"std_dev":{"confidence_interval":{"confidence_level":0.95,"lower_bound":3340.397374193904,"upper_bound":4981.862715634039},"point_estimate":4183.349761723626,"standard_error":419.9171722930127}}