{"mean":{"confidence_interval":{"confidence_level":0.95,"lower_bound":2814731.498649999,"upper_bound":2874444.56605},"point_estimate":2842938.041,"standard_error":15266.143194465956},"median":{"confidence_interval":{"confidence_level":0.95,"lower_bound":2768156.5,"upper_bound":2823796.8},"point_estimate":2798881.6500000004,"standard_error":14189.602708470444},"median_abs_dev":{"confidence_interval":{"confidence_level":0.95,"lower_bound":50238.12249809559,"upper_bound":99023.44528198229},"point_estimate":77992.54226535559,"standard_error":12252.296480542713},"slope":null,"std_dev":{"confidence_interval":{"confidence_level":0.95,"lower_bound":106098.74247799473,"upper_bound":200613.14422418436},"point_estimate":153582.17676910752,"standard_error":24594.376828218756}}