{"mean":{"confidence_interval":{"confidence_level":0.95,"lower_bound":2674043.524475002,"upper_bound":2706153.3169750026},"point_estimate":2688738.058000002,"standard_error":8218.965053503032},"median":{"confidence_interval":{"confidence_level":0.95,"lower_bound":2663864.8,"upper_bound":2688954.9},"point_estimate":2675384.9,"standard_error":5929.661168769504},"median_abs_dev":{"confidence_interval":{"confidence_level":0.95,"lower_bound":36331.11235499382,"upper_bound":58688.71995806694},"point_estimate":51698.33521217114,"standard_error":5590.756882138356},"slope":null,"std_dev":{"confidence_interval":{"confidence_level":0.95,"lower_bound":47062.22970983531,"upper_bound":116805.2298444245},"point_estimate":82454.68828278074,"standard_error":18463.564099000498}}