{"mean":{"confidence_interval":{"confidence_level":0.95,"lower_bound":2406930.753477273,"upper_bound":2442353.3101136363},"point_estimate":2425310.009090909,"standard_error":9035.394167639295},"median":{"confidence_interval":{"confidence_level":0.95,"lower_bound":2431877.6818181816,"upper_bound":2455973.409090909},"point_estimate":2442936.909090909,"standard_error":5622.603341928979},"median_abs_dev":{"confidence_interval":{"confidence_level":0.95,"lower_bound":41425.662819092955,"upper_bound":73544.97484295242},"point_estimate":53529.27204966545,"standard_error":8270.720447058093},"slope":null,"std_dev":{"confidence_interval":{"confidence_level":0.95,"lower_bound":72681.13572064985,"upper_bound":108290.01899540264},"point_estimate":90466.56155466275,"standard_error":9140.544126055554}}