{"mean":{"confidence_interval":{"confidence_level":0.95,"lower_bound":159584.31519094013,"upper_bound":167016.1779571747},"point_estimate":163198.8001126128,"standard_error":1895.4338966599094},"median":{"confidence_interval":{"confidence_level":0.95,"lower_bound":156270.4287749288,"upper_bound":161276.73611111112},"point_estimate":158784.5643274854,"standard_error":1264.2015948141582},"median_abs_dev":{"confidence_interval":{"confidence_level":0.95,"lower_bound":8209.894829596455,"upper_bound":15890.830209591904},"point_estimate":10497.118392776812,"standard_error":1992.485795954269},"slope":{"confidence_interval":{"confidence_level":0.95,"lower_bound":163522.64115385048,"upper_bound":173933.2936425363},"point_estimate":168538.84207083395,"standard_error":2664.0908813053506},"std_dev":{"confidence_interval":{"confidence_level":0.95,"lower_bound":15206.82093250354,"upper_bound":22313.9456574347},"point_estimate":19028.80608741469,"standard_error":1814.5597897401246}}