{"mean":{"confidence_interval":{"confidence_level":0.95,"lower_bound":121600.34824828901,"upper_bound":125680.70334357419},"point_estimate":123670.46509074427,"standard_error":1039.4862679698952},"median":{"confidence_interval":{"confidence_level":0.95,"lower_bound":123555.29128999257,"upper_bound":125399.9083118187},"point_estimate":124703.3140479876,"standard_error":559.1975332067019},"median_abs_dev":{"confidence_interval":{"confidence_level":0.95,"lower_bound":3564.7323459797217,"upper_bound":7785.34778575496},"point_estimate":5757.533546706236,"standard_error":1133.4500021564427},"slope":{"confidence_interval":{"confidence_level":0.95,"lower_bound":126914.84214669897,"upper_bound":130129.0975406086},"point_estimate":128420.07208290232,"standard_error":825.2089774550645},"std_dev":{"confidence_interval":{"confidence_level":0.95,"lower_bound":7004.44976418824,"upper_bound":13506.539872581785},"point_estimate":10443.719959316202,"standard_error":1666.3288604763459}}