{"mean":{"confidence_interval":{"confidence_level":0.95,"lower_bound":144969.91532735754,"upper_bound":158951.09026155542},"point_estimate":150418.7066606257,"standard_error":3704.7900237744516},"median":{"confidence_interval":{"confidence_level":0.95,"lower_bound":143784.45099554784,"upper_bound":147850.60555555555},"point_estimate":146200.0969348659,"standard_error":1088.3238945707694},"median_abs_dev":{"confidence_interval":{"confidence_level":0.95,"lower_bound":7508.941180593759,"upper_bound":12503.790440727447},"point_estimate":9836.655989714573,"standard_error":1264.8354897385684},"slope":{"confidence_interval":{"confidence_level":0.95,"lower_bound":147586.82467798115,"upper_bound":167911.59782182603},"point_estimate":154943.17024678588,"standard_error":5646.169576748945},"std_dev":{"confidence_interval":{"confidence_level":0.95,"lower_bound":10867.17090355102,"upper_bound":61145.22394703457},"point_estimate":37156.59500841678,"standard_error":16562.81339691908}}