{"mean":{"confidence_interval":{"confidence_level":0.95,"lower_bound":144731.75245600377,"upper_bound":151338.57026641056},"point_estimate":148024.31809286962,"standard_error":1684.193153642003},"median":{"confidence_interval":{"confidence_level":0.95,"lower_bound":146688.8028284998,"upper_bound":152431.85902839398},"point_estimate":149948.3426830901,"standard_error":1536.9634313318256},"median_abs_dev":{"confidence_interval":{"confidence_level":0.95,"lower_bound":10431.047444811913,"upper_bound":18421.378067538524},"point_estimate":15220.867809548246,"standard_error":2067.599680549972},"slope":{"confidence_interval":{"confidence_level":0.95,"lower_bound":150262.13378591856,"upper_bound":155860.67641741535},"point_estimate":153221.609700437,"standard_error":1425.6202754134563},"std_dev":{"confidence_interval":{"confidence_level":0.95,"lower_bound":13149.804309283061,"upper_bound":20895.414452177803},"point_estimate":16977.902384744135,"standard_error":1994.4414944298705}}