{"mean":{"confidence_interval":{"confidence_level":0.95,"lower_bound":145183.35328513992,"upper_bound":165690.78957293907},"point_estimate":152687.82809231186,"standard_error":5870.604989939176},"median":{"confidence_interval":{"confidence_level":0.95,"lower_bound":145683.67424242425,"upper_bound":150569.56282740558},"point_estimate":148710.50932655038,"standard_error":1286.9699586900476},"median_abs_dev":{"confidence_interval":{"confidence_level":0.95,"lower_bound":6769.041386975683,"upper_bound":11098.009489112237},"point_estimate":8621.298158144193,"standard_error":1145.7176448893003},"slope":{"confidence_interval":{"confidence_level":0.95,"lower_bound":148573.51747815663,"upper_bound":152592.30902998886},"point_estimate":150718.13050490123,"standard_error":1021.521784055027},"std_dev":{"confidence_interval":{"confidence_level":0.95,"lower_bound":9821.274213281391,"upper_bound":99853.00100087318},"point_estimate":58817.52886718895,"standard_error":31492.783336453107}}