{"mean":{"confidence_interval":{"confidence_level":0.95,"lower_bound":92303.74417035693,"upper_bound":98513.42326643236},"point_estimate":94728.81562532682,"standard_error":1645.5997326874112},"median":{"confidence_interval":{"confidence_level":0.95,"lower_bound":92442.6327966607,"upper_bound":94278.75272727273},"point_estimate":92970.45839285714,"standard_error":604.2178093624145},"median_abs_dev":{"confidence_interval":{"confidence_level":0.95,"lower_bound":2563.6051491792628,"upper_bound":4675.155939534334},"point_estimate":3497.598977925999,"standard_error":522.8218620850073},"slope":{"confidence_interval":{"confidence_level":0.95,"lower_bound":93985.4863535913,"upper_bound":95974.3316807369},"point_estimate":94894.60530338407,"standard_error":507.8229118841226},"std_dev":{"confidence_interval":{"confidence_level":0.95,"lower_bound":3452.0715065535064,"upper_bound":27353.75812468564},"point_estimate":16568.811942601104,"standard_error":7346.670849475488}}