{"mean":{"confidence_interval":{"confidence_level":0.95,"lower_bound":151879.32633799387,"upper_bound":158027.30656379316},"point_estimate":154850.05898047079,"standard_error":1562.8366094394257},"median":{"confidence_interval":{"confidence_level":0.95,"lower_bound":150634.3191007272,"upper_bound":156531.6164021164},"point_estimate":154348.4244743352,"standard_error":1731.5908651704656},"median_abs_dev":{"confidence_interval":{"confidence_level":0.95,"lower_bound":8775.003663560012,"upper_bound":14824.004407309934},"point_estimate":11802.684327873818,"standard_error":1525.8367108516638},"slope":{"confidence_interval":{"confidence_level":0.95,"lower_bound":154515.76560575416,"upper_bound":161979.54914404903},"point_estimate":157944.793675681,"standard_error":1906.4361694677023},"std_dev":{"confidence_interval":{"confidence_level":0.95,"lower_bound":11729.361217090003,"upper_bound":19579.945401789984},"point_estimate":15704.422229136952,"standard_error":2017.4006182292394}}