{"mean":{"confidence_interval":{"confidence_level":0.95,"lower_bound":144047.2065464667,"upper_bound":151828.17115985785},"point_estimate":147682.64638728372,"standard_error":1992.0675599619644},"median":{"confidence_interval":{"confidence_level":0.95,"lower_bound":141062.60256410256,"upper_bound":146816.92850202112},"point_estimate":143425.22040816327,"standard_error":1666.3935428046927},"median_abs_dev":{"confidence_interval":{"confidence_level":0.95,"lower_bound":8746.859883664703,"upper_bound":13752.452672292527},"point_estimate":10887.319426801027,"standard_error":1295.3252796497904},"slope":{"confidence_interval":{"confidence_level":0.95,"lower_bound":148701.32214081453,"upper_bound":155432.52011282023},"point_estimate":151858.32433032856,"standard_error":1713.8879378576512},"std_dev":{"confidence_interval":{"confidence_level":0.95,"lower_bound":12044.314071467057,"upper_bound":26591.35165604095},"point_estimate":19978.047704463654,"standard_error":3657.1962816441765}}