{"mean":{"confidence_interval":{"confidence_level":0.95,"lower_bound":111248.61473666909,"upper_bound":114967.05854790506},"point_estimate":112960.42863871963,"standard_error":953.357379218025},"median":{"confidence_interval":{"confidence_level":0.95,"lower_bound":109368.17351851851,"upper_bound":112087.7052880658},"point_estimate":110578.67124183007,"standard_error":817.3875924762478},"median_abs_dev":{"confidence_interval":{"confidence_level":0.95,"lower_bound":4040.7401487923066,"upper_bound":6888.909998881461},"point_estimate":5707.256152123033,"standard_error":747.0118895631945},"slope":{"confidence_interval":{"confidence_level":0.95,"lower_bound":109052.7445769322,"upper_bound":112173.35613185992},"point_estimate":110441.78820550712,"standard_error":801.5455005029838},"std_dev":{"confidence_interval":{"confidence_level":0.95,"lower_bound":5467.667873466397,"upper_bound":13059.201221128315},"point_estimate":9550.552522349979,"standard_error":1972.7267835727193}}