{"mean":{"confidence_interval":{"confidence_level":0.95,"lower_bound":115434.60225437324,"upper_bound":117754.76153265491},"point_estimate":116501.13011953952,"standard_error":591.8503179026961},"median":{"confidence_interval":{"confidence_level":0.95,"lower_bound":115002.59565334566,"upper_bound":116089.37152777778},"point_estimate":115616.132309116,"standard_error":336.16440836103965},"median_abs_dev":{"confidence_interval":{"confidence_level":0.95,"lower_bound":2066.816821617599,"upper_bound":4493.3521978147955},"point_estimate":3076.2006199282973,"standard_error":612.8134705427611},"slope":{"confidence_interval":{"confidence_level":0.95,"lower_bound":115381.44109223377,"upper_bound":118643.22895047317},"point_estimate":116740.18263862208,"standard_error":846.7187836192751},"std_dev":{"confidence_interval":{"confidence_level":0.95,"lower_bound":3690.4014315909817,"upper_bound":8383.450807857591},"point_estimate":5953.4620565355335,"standard_error":1306.890144409277}}