{"mean":{"confidence_interval":{"confidence_level":0.95,"lower_bound":126936.39115026647,"upper_bound":132688.09580294584},"point_estimate":129416.20330365647,"standard_error":1487.720214143353},"median":{"confidence_interval":{"confidence_level":0.95,"lower_bound":125127.36666666667,"upper_bound":126692.73387096774},"point_estimate":126236.9366694352,"standard_error":430.42226592505835},"median_abs_dev":{"confidence_interval":{"confidence_level":0.95,"lower_bound":2337.1192796738646,"upper_bound":4555.015940354136},"point_estimate":3512.1390009622824,"standard_error":562.3800207788732},"slope":{"confidence_interval":{"confidence_level":0.95,"lower_bound":127658.14245846358,"upper_bound":137383.36367758532},"point_estimate":131750.5071179991,"standard_error":2527.1660191223846},"std_dev":{"confidence_interval":{"confidence_level":0.95,"lower_bound":6292.0264107139765,"upper_bound":23009.582459310444},"point_estimate":14987.495981128104,"standard_error":4787.815808672312}}