{"mean":{"confidence_interval":{"confidence_level":0.95,"lower_bound":159305.9679446246,"upper_bound":166238.1953518783},"point_estimate":162425.66699520982,"standard_error":1777.0454479108037},"median":{"confidence_interval":{"confidence_level":0.95,"lower_bound":157037.38601823707,"upper_bound":160887.9615942029},"point_estimate":158635.42425595238,"standard_error":1022.3949024351111},"median_abs_dev":{"confidence_interval":{"confidence_level":0.95,"lower_bound":5628.607535066788,"upper_bound":9644.69067473909},"point_estimate":7083.485427778341,"standard_error":1027.272099547072},"slope":{"confidence_interval":{"confidence_level":0.95,"lower_bound":157974.18074531574,"upper_bound":163530.29907410574},"point_estimate":160442.45979860247,"standard_error":1424.557813893175},"std_dev":{"confidence_interval":{"confidence_level":0.95,"lower_bound":9639.582071624849,"upper_bound":25982.698093541687},"point_estimate":17866.486733569243,"standard_error":4505.521863870983}}