{"mean":{"confidence_interval":{"confidence_level":0.95,"lower_bound":393542.8497490165,"upper_bound":403930.7774465442},"point_estimate":398661.263234828,"standard_error":2657.4212835056373},"median":{"confidence_interval":{"confidence_level":0.95,"lower_bound":391869.1,"upper_bound":401585.6666666667},"point_estimate":395214.12055555556,"standard_error":2209.3584338957485},"median_abs_dev":{"confidence_interval":{"confidence_level":0.95,"lower_bound":16307.758234803732,"upper_bound":30393.044817268175},"point_estimate":24647.003418793705,"standard_error":3786.7270376749116},"slope":{"confidence_interval":{"confidence_level":0.95,"lower_bound":397396.4427180152,"upper_bound":409075.2967704667},"point_estimate":403039.6067129698,"standard_error":2967.877122369261},"std_dev":{"confidence_interval":{"confidence_level":0.95,"lower_bound":22244.9586269363,"upper_bound":30641.763409014668},"point_estimate":26584.069906965702,"standard_error":2139.6494266060445}}