{"mean":{"confidence_interval":{"confidence_level":0.95,"lower_bound":1910291.2457613642,"upper_bound":2056461.3011136365},"point_estimate":1981781.2604545448,"standard_error":37324.082382107015},"median":{"confidence_interval":{"confidence_level":0.95,"lower_bound":1809486.6818181819,"upper_bound":1968250.7272727273},"point_estimate":1879984.5681818181,"standard_error":45107.67638666081},"median_abs_dev":{"confidence_interval":{"confidence_level":0.95,"lower_bound":208713.58411732042,"upper_bound":421535.14950261865},"point_estimate":298882.85474831413,"standard_error":54795.37297311345},"slope":null,"std_dev":{"confidence_interval":{"confidence_level":0.95,"lower_bound":317124.1663045565,"upper_bound":424630.66115500405},"point_estimate":374529.1724261555,"standard_error":27423.56114555407}}