{"mean":{"confidence_interval":{"confidence_level":0.95,"lower_bound":119023.16072680267,"upper_bound":127777.99111276705},"point_estimate":123081.35186959403,"standard_error":2236.436552786429},"median":{"confidence_interval":{"confidence_level":0.95,"lower_bound":114584.25425170068,"upper_bound":125569.47619047618},"point_estimate":121274.00395218816,"standard_error":2520.8338221204085},"median_abs_dev":{"confidence_interval":{"confidence_level":0.95,"lower_bound":13604.298798007445,"upper_bound":20257.106425676346},"point_estimate":17771.779586368022,"standard_error":1734.8854562892318},"slope":{"confidence_interval":{"confidence_level":0.95,"lower_bound":120507.59931619099,"upper_bound":130026.91818641839},"point_estimate":125279.24602672634,"standard_error":2436.7690585743117},"std_dev":{"confidence_interval":{"confidence_level":0.95,"lower_bound":14340.710797438207,"upper_bound":30984.348620618333},"point_estimate":22480.7757261445,"standard_error":4436.648035409478}}