{"mean":{"confidence_interval":{"confidence_level":0.95,"lower_bound":124769.87114533677,"upper_bound":147773.59825983667},"point_estimate":133790.24691244878,"standard_error":6094.349895997639},"median":{"confidence_interval":{"confidence_level":0.95,"lower_bound":122031.09047619048,"upper_bound":126549.97857142857},"point_estimate":124660.87319832147,"standard_error":1170.9282196161676},"median_abs_dev":{"confidence_interval":{"confidence_level":0.95,"lower_bound":6767.0102587862975,"upper_bound":13220.540452508438},"point_estimate":9541.149301598996,"standard_error":1662.2470776861012},"slope":{"confidence_interval":{"confidence_level":0.95,"lower_bound":123626.69734950522,"upper_bound":131040.05226053759},"point_estimate":127397.24385230847,"standard_error":1880.7122204174148},"std_dev":{"confidence_interval":{"confidence_level":0.95,"lower_bound":16582.26938484214,"upper_bound":100812.75077173191},"point_estimate":61240.70143832923,"standard_error":27170.646325646765}}