{"mean":{"confidence_interval":{"confidence_level":0.95,"lower_bound":15444.286232400249,"upper_bound":15915.655773710145},"point_estimate":15670.008383713257,"standard_error":120.38499100382676},"median":{"confidence_interval":{"confidence_level":0.95,"lower_bound":15336.123904052936,"upper_bound":15814.60233100233},"point_estimate":15606.655512820513,"standard_error":111.03195552228411},"median_abs_dev":{"confidence_interval":{"confidence_level":0.95,"lower_bound":680.479315911147,"upper_bound":1234.02661039934},"point_estimate":947.7058385552755,"standard_error":145.82417183632344},"slope":{"confidence_interval":{"confidence_level":0.95,"lower_bound":15364.646076494995,"upper_bound":15685.999780111355},"point_estimate":15523.785552420684,"standard_error":81.62267376878131},"std_dev":{"confidence_interval":{"confidence_level":0.95,"lower_bound":880.7807430108907,"upper_bound":1556.281117060029},"point_estimate":1214.5902399861495,"standard_error":176.42191295090205}}