{"mean":{"confidence_interval":{"confidence_level":0.95,"lower_bound":84469.4804858095,"upper_bound":86983.01497806197},"point_estimate":85698.06854893366,"standard_error":641.2961694457273},"median":{"confidence_interval":{"confidence_level":0.95,"lower_bound":83397.1875,"upper_bound":85538.24053030302},"point_estimate":84565.09375,"standard_error":513.8869250463415},"median_abs_dev":{"confidence_interval":{"confidence_level":0.95,"lower_bound":3649.1718126006094,"upper_bound":7198.8585844792005},"point_estimate":5408.6192969465665,"standard_error":906.8771993887879},"slope":{"confidence_interval":{"confidence_level":0.95,"lower_bound":84783.08345531036,"upper_bound":87326.89631360154},"point_estimate":86047.46412959952,"standard_error":649.8020105445825},"std_dev":{"confidence_interval":{"confidence_level":0.95,"lower_bound":5183.599379667559,"upper_bound":7796.5191995047835},"point_estimate":6458.789139302783,"standard_error":679.2977926902092}}