{"mean":{"confidence_interval":{"confidence_level":0.95,"lower_bound":131888.44953204805,"upper_bound":136300.84299142304},"point_estimate":133929.19567566892,"standard_error":1126.2565698912522},"median":{"confidence_interval":{"confidence_level":0.95,"lower_bound":129686.59013310185,"upper_bound":134370.4761852502},"point_estimate":131636.59885428907,"standard_error":1236.4762188486657},"median_abs_dev":{"confidence_interval":{"confidence_level":0.95,"lower_bound":5878.016428357779,"upper_bound":9287.223762308991},"point_estimate":7527.363990231551,"standard_error":899.8151817307325},"slope":{"confidence_interval":{"confidence_level":0.95,"lower_bound":129507.10318782751,"upper_bound":133718.4748604413},"point_estimate":131485.36671161518,"standard_error":1080.5544053980384},"std_dev":{"confidence_interval":{"confidence_level":0.95,"lower_bound":7195.754000382983,"upper_bound":15755.186746622838},"point_estimate":11309.373744293873,"standard_error":2383.246930953149}}