{"mean":{"confidence_interval":{"confidence_level":0.95,"lower_bound":142177.170714973,"upper_bound":148069.50015681353},"point_estimate":144949.3134193018,"standard_error":1512.3570585095165},"median":{"confidence_interval":{"confidence_level":0.95,"lower_bound":138880.53269127876,"upper_bound":144074.80625327054},"point_estimate":142092.45982142858,"standard_error":1247.9617927817353},"median_abs_dev":{"confidence_interval":{"confidence_level":0.95,"lower_bound":6249.566664910103,"upper_bound":10540.735729148299},"point_estimate":7874.591926448049,"standard_error":1096.8150339457454},"slope":{"confidence_interval":{"confidence_level":0.95,"lower_bound":143316.75579983936,"upper_bound":149065.03171318222},"point_estimate":146013.4958947835,"standard_error":1471.6897970736404},"std_dev":{"confidence_interval":{"confidence_level":0.95,"lower_bound":10138.088047963342,"upper_bound":19694.977674320726},"point_estimate":15188.180861635765,"standard_error":2449.0825436771784}}