{"mean":{"confidence_interval":{"confidence_level":0.95,"lower_bound":107133.17596015068,"upper_bound":109324.13630518917},"point_estimate":108102.60113526271,"standard_error":562.786214556484},"median":{"confidence_interval":{"confidence_level":0.95,"lower_bound":106690.09879518072,"upper_bound":107862.30512820513},"point_estimate":107075.86085069444,"standard_error":276.26875691243595},"median_abs_dev":{"confidence_interval":{"confidence_level":0.95,"lower_bound":2115.0490347895056,"upper_bound":3589.950042669076},"point_estimate":3053.1877096499097,"standard_error":387.6679368080989},"slope":{"confidence_interval":{"confidence_level":0.95,"lower_bound":106796.38520910677,"upper_bound":110731.39245809279},"point_estimate":108279.72236086892,"standard_error":1066.9320674307178},"std_dev":{"confidence_interval":{"confidence_level":0.95,"lower_bound":2526.807259631921,"upper_bound":8321.619547045144},"point_estimate":5660.339247136878,"standard_error":1550.8206056078777}}