{"mean":{"confidence_interval":{"confidence_level":0.95,"lower_bound":1030133.3422427279,"upper_bound":1043159.0630468298},"point_estimate":1036100.3071534219,"standard_error":3339.378381958901},"median":{"confidence_interval":{"confidence_level":0.95,"lower_bound":1024962.2045454546,"upper_bound":1035815.3710526316},"point_estimate":1028563.9482789855,"standard_error":2732.1884791344605},"median_abs_dev":{"confidence_interval":{"confidence_level":0.95,"lower_bound":13093.492146908628,"upper_bound":21241.191705216606},"point_estimate":16123.037221071625,"standard_error":2073.7488731723574},"slope":{"confidence_interval":{"confidence_level":0.95,"lower_bound":1028979.2109792896,"upper_bound":1037613.492633571},"point_estimate":1033027.4185429289,"standard_error":2195.7959655774257},"std_dev":{"confidence_interval":{"confidence_level":0.95,"lower_bound":19315.36396053663,"upper_bound":46267.42998283545},"point_estimate":33676.148999952,"standard_error":6910.959877581079}}