{"mean":{"confidence_interval":{"confidence_level":0.95,"lower_bound":2121225.7650833344,"upper_bound":2237610.3923095237},"point_estimate":2176527.1238095243,"standard_error":29860.862806708876},"median":{"confidence_interval":{"confidence_level":0.95,"lower_bound":2047609.238095238,"upper_bound":2157466.333333333},"point_estimate":2088614.0,"standard_error":32376.25175627462},"median_abs_dev":{"confidence_interval":{"confidence_level":0.95,"lower_bound":144933.50192691604,"upper_bound":234494.36583689277},"point_estimate":183157.54144830353,"standard_error":22278.99929302191},"slope":null,"std_dev":{"confidence_interval":{"confidence_level":0.95,"lower_bound":213048.7286826697,"upper_bound":377199.82930419507},"point_estimate":300527.96292453527,"standard_error":42059.15998276547}}