{"mean":{"confidence_interval":{"confidence_level":0.95,"lower_bound":2016898.4141086955,"upper_bound":2095171.1345869575},"point_estimate":2054929.2682608704,"standard_error":20006.712192858613},"median":{"confidence_interval":{"confidence_level":0.95,"lower_bound":1981100.0434782607,"upper_bound":2053015.652173913},"point_estimate":2030922.0434782607,"standard_error":22117.76901302589},"median_abs_dev":{"confidence_interval":{"confidence_level":0.95,"lower_bound":116958.44427139856,"upper_bound":226810.01333853503},"point_estimate":167644.28295415372,"standard_error":29148.68414333828},"slope":null,"std_dev":{"confidence_interval":{"confidence_level":0.95,"lower_bound":163799.69168120122,"upper_bound":234438.709217201},"point_estimate":200788.3227186647,"standard_error":18036.2038309185}}