{"mean":{"confidence_interval":{"confidence_level":0.95,"lower_bound":1820235.6266730782,"upper_bound":1874743.4895000001},"point_estimate":1846772.427307693,"standard_error":13901.959553283163},"median":{"confidence_interval":{"confidence_level":0.95,"lower_bound":1804933.0,"upper_bound":1837072.673076923},"point_estimate":1813183.326923077,"standard_error":9512.258563737876},"median_abs_dev":{"confidence_interval":{"confidence_level":0.95,"lower_bound":64147.62454961352,"upper_bound":125541.03453273959},"point_estimate":88580.10230431202,"standard_error":16712.16456182648},"slope":null,"std_dev":{"confidence_interval":{"confidence_level":0.95,"lower_bound":112044.04634001592,"upper_bound":164453.5259712159},"point_estimate":139530.91189943082,"standard_error":13373.408877366246}}