{"mean":{"confidence_interval":{"confidence_level":0.95,"lower_bound":155546.465385271,"upper_bound":160974.92162577016},"point_estimate":158026.8572591221,"standard_error":1387.8227904501123},"median":{"confidence_interval":{"confidence_level":0.95,"lower_bound":153420.5925107501,"upper_bound":156151.00643544344},"point_estimate":155053.78354978355,"standard_error":789.9988137749563},"median_abs_dev":{"confidence_interval":{"confidence_level":0.95,"lower_bound":4669.8765016945845,"upper_bound":8828.400785933716},"point_estimate":7027.93675686555,"standard_error":1076.2804013598068},"slope":{"confidence_interval":{"confidence_level":0.95,"lower_bound":156428.12787064197,"upper_bound":163285.85078932828},"point_estimate":159470.0882974097,"standard_error":1762.4975874831412},"std_dev":{"confidence_interval":{"confidence_level":0.95,"lower_bound":7834.38548001717,"upper_bound":19556.223261545958},"point_estimate":13920.581325596275,"standard_error":3073.081981716236}}