{"mean":{"confidence_interval":{"confidence_level":0.95,"lower_bound":340839.2127220987,"upper_bound":348038.6720989828},"point_estimate":344324.8416461181,"standard_error":1840.908814303576},"median":{"confidence_interval":{"confidence_level":0.95,"lower_bound":337869.72524549917,"upper_bound":343242.3888888889},"point_estimate":340401.7108188806,"standard_error":1355.330662818542},"median_abs_dev":{"confidence_interval":{"confidence_level":0.95,"lower_bound":8549.687292900473,"upper_bound":16700.07879673755},"point_estimate":13304.740410734677,"standard_error":2086.7460122488765},"slope":{"confidence_interval":{"confidence_level":0.95,"lower_bound":342478.9451144886,"upper_bound":350074.66432558023},"point_estimate":346014.4672636816,"standard_error":1939.416576269529},"std_dev":{"confidence_interval":{"confidence_level":0.95,"lower_bound":14336.986361587853,"upper_bound":22203.310208034152},"point_estimate":18514.79909513101,"standard_error":2009.320969825051}}