{"mean":{"confidence_interval":{"confidence_level":0.95,"lower_bound":86730.71888300618,"upper_bound":90060.74460896471},"point_estimate":88413.1417223343,"standard_error":845.7983613493719},"median":{"confidence_interval":{"confidence_level":0.95,"lower_bound":88246.08141762452,"upper_bound":91283.15866666667},"point_estimate":89300.25263678312,"standard_error":719.7233262927332},"median_abs_dev":{"confidence_interval":{"confidence_level":0.95,"lower_bound":4115.677047936839,"upper_bound":6167.266263082041},"point_estimate":5503.165252235406,"standard_error":529.4495549450263},"slope":{"confidence_interval":{"confidence_level":0.95,"lower_bound":88087.25056890387,"upper_bound":91452.85996535212},"point_estimate":89948.24561637358,"standard_error":861.0172107759203},"std_dev":{"confidence_interval":{"confidence_level":0.95,"lower_bound":6306.465121967198,"upper_bound":10480.562166733664},"point_estimate":8517.562200009452,"standard_error":1066.2280132897465}}