{"mean":{"confidence_interval":{"confidence_level":0.95,"lower_bound":5268097.312675,"upper_bound":5454425.650575002},"point_estimate":5344601.971,"standard_error":48600.567776401345},"median":{"confidence_interval":{"confidence_level":0.95,"lower_bound":5236981.4,"upper_bound":5311742.3},"point_estimate":5268851.75,"standard_error":19069.334442481188},"median_abs_dev":{"confidence_interval":{"confidence_level":0.95,"lower_bound":115103.27981650842,"upper_bound":201443.52710366223},"point_estimate":158432.708827257,"standard_error":22328.942194201132},"slope":null,"std_dev":{"confidence_interval":{"confidence_level":0.95,"lower_bound":181600.7032007764,"upper_bound":780682.2819463576},"point_estimate":487494.5772530769,"standard_error":190624.7761989118}}