{"mean":{"confidence_interval":{"confidence_level":0.95,"lower_bound":15597993.327875,"upper_bound":15754904.781375},"point_estimate":15675769.545,"standard_error":39792.81456905078},"median":{"confidence_interval":{"confidence_level":0.95,"lower_bound":15552304.125,"upper_bound":15826483.5},"point_estimate":15706760.125,"standard_error":66894.0476545368},"median_abs_dev":{"confidence_interval":{"confidence_level":0.95,"lower_bound":302900.9196974337,"upper_bound":501444.9630975723},"point_estimate":390578.9169408381,"standard_error":52788.27279177057},"slope":null,"std_dev":{"confidence_interval":{"confidence_level":0.95,"lower_bound":339312.37543137255,"upper_bound":453373.6774996926},"point_estimate":397982.545444883,"standard_error":29031.979583365035}}