{"mean":{"confidence_interval":{"confidence_level":0.95,"lower_bound":3746528.268107142,"upper_bound":3857404.1790892873},"point_estimate":3789969.1964285728,"standard_error":29365.661897260852},"median":{"confidence_interval":{"confidence_level":0.95,"lower_bound":3722768.1428571427,"upper_bound":3773993.2142857146},"point_estimate":3745993.1428571427,"standard_error":12914.666650958481},"median_abs_dev":{"confidence_interval":{"confidence_level":0.95,"lower_bound":80007.55447958148,"upper_bound":127493.21953654289},"point_estimate":107891.02398455143,"standard_error":11858.362116253078},"slope":null,"std_dev":{"confidence_interval":{"confidence_level":0.95,"lower_bound":85772.53165200196,"upper_bound":483556.0691206806},"point_estimate":294287.3537320999,"standard_error":129804.79453398613}}