{"mean":{"confidence_interval":{"confidence_level":0.95,"lower_bound":4757853.913574998,"upper_bound":4934629.672200001},"point_estimate":4842335.874999999,"standard_error":45248.24423333959},"median":{"confidence_interval":{"confidence_level":0.95,"lower_bound":4662663.9,"upper_bound":4829021.0},"point_estimate":4755988.0,"standard_error":47830.217137997184},"median_abs_dev":{"confidence_interval":{"confidence_level":0.95,"lower_bound":248017.51310855887,"upper_bound":434256.3492304092},"point_estimate":324261.5900132056,"standard_error":49512.69488624197},"slope":null,"std_dev":{"confidence_interval":{"confidence_level":0.95,"lower_bound":337257.8578230071,"upper_bound":568332.7381195708},"point_estimate":456172.25158462144,"standard_error":59316.24167183528}}