{"mean":{"confidence_interval":{"confidence_level":0.95,"lower_bound":4922974.288624996,"upper_bound":5141520.058474998},"point_estimate":5023187.1219999995,"standard_error":55971.22211748015},"median":{"confidence_interval":{"confidence_level":0.95,"lower_bound":4832329.65,"upper_bound":4945556.2},"point_estimate":4879300.300000001,"standard_error":28561.491414046493},"median_abs_dev":{"confidence_interval":{"confidence_level":0.95,"lower_bound":213348.95315229878,"upper_bound":377460.7222604817},"point_estimate":279451.6366687428,"standard_error":43028.61839110548},"slope":null,"std_dev":{"confidence_interval":{"confidence_level":0.95,"lower_bound":344777.5242470928,"upper_bound":793754.4270205332},"point_estimate":565044.9859676023,"standard_error":123099.47821903149}}