{"mean":{"confidence_interval":{"confidence_level":0.95,"lower_bound":21484834.832250003,"upper_bound":22306157.364},"point_estimate":21867773.76666667,"standard_error":210526.21666128098},"median":{"confidence_interval":{"confidence_level":0.95,"lower_bound":21072101.333333332,"upper_bound":21773642.666666668},"point_estimate":21437951.333333332,"standard_error":189321.29451762137},"median_abs_dev":{"confidence_interval":{"confidence_level":0.95,"lower_bound":988683.1590473643,"upper_bound":1617090.0766909132},"point_estimate":1263553.7347674351,"standard_error":166736.7913093033},"slope":null,"std_dev":{"confidence_interval":{"confidence_level":0.95,"lower_bound":1373842.7279160202,"upper_bound":2736502.087995292},"point_estimate":2111013.4805263104,"standard_error":347021.53813784843}}