{"mean":{"confidence_interval":{"confidence_level":0.95,"lower_bound":3768715.83146154,"upper_bound":3815709.098500001},"point_estimate":3791623.636923075,"standard_error":11991.954230825326},"median":{"confidence_interval":{"confidence_level":0.95,"lower_bound":3743062.6153846155,"upper_bound":3796486.230769231},"point_estimate":3774418.9615384615,"standard_error":11957.283875947462},"median_abs_dev":{"confidence_interval":{"confidence_level":0.95,"lower_bound":88787.32416217106,"upper_bound":139739.039134521},"point_estimate":118763.04363768845,"standard_error":13441.10877742789},"slope":null,"std_dev":{"confidence_interval":{"confidence_level":0.95,"lower_bound":100208.91029004521,"upper_bound":139165.2751793984},"point_estimate":120872.39512927663,"standard_error":9943.024342878389}}