{"mean":{"confidence_interval":{"confidence_level":0.95,"lower_bound":28481.830447607757,"upper_bound":29545.97992931001},"point_estimate":28992.347445470892,"standard_error":272.3739868995474},"median":{"confidence_interval":{"confidence_level":0.95,"lower_bound":28150.22564102564,"upper_bound":28759.406448412698},"point_estimate":28462.112286490683,"standard_error":158.61795083377666},"median_abs_dev":{"confidence_interval":{"confidence_level":0.95,"lower_bound":1188.5792522213876,"upper_bound":2281.81251465068},"point_estimate":1534.0517575134118,"standard_error":278.6690364425542},"slope":{"confidence_interval":{"confidence_level":0.95,"lower_bound":27999.987045467667,"upper_bound":28577.39327330735},"point_estimate":28297.74324286981,"standard_error":146.84336113003016},"std_dev":{"confidence_interval":{"confidence_level":0.95,"lower_bound":2071.0212699316153,"upper_bound":3355.3748253916474},"point_estimate":2734.056706401397,"standard_error":329.07747059478305}}