{"mean":{"confidence_interval":{"confidence_level":0.95,"lower_bound":9587486.737208338,"upper_bound":9723256.00604167},"point_estimate":9651036.165000003,"standard_error":34717.2464596616},"median":{"confidence_interval":{"confidence_level":0.95,"lower_bound":9544849.166666666,"upper_bound":9658767.166666666},"point_estimate":9589957.916666668,"standard_error":26853.13246366985},"median_abs_dev":{"confidence_interval":{"confidence_level":0.95,"lower_bound":207949.59585815622,"upper_bound":335763.55118900584},"point_estimate":262509.76908951905,"standard_error":32063.355508044926},"slope":null,"std_dev":{"confidence_interval":{"confidence_level":0.95,"lower_bound":242182.76285264528,"upper_bound":472275.6199950889},"point_estimate":348538.815824039,"standard_error":65090.56905232184}}