{"mean":{"confidence_interval":{"confidence_level":0.95,"lower_bound":12337628.309699995,"upper_bound":12840168.7245},"point_estimate":12586806.427999998,"standard_error":127999.99339244525},"median":{"confidence_interval":{"confidence_level":0.95,"lower_bound":12119876.5,"upper_bound":12887592.0},"point_estimate":12373528.3,"standard_error":216501.95109966063},"median_abs_dev":{"confidence_interval":{"confidence_level":0.95,"lower_bound":1155368.3652681124,"upper_bound":1788962.3565995703},"point_estimate":1560521.5735352058,"standard_error":169584.11250971613},"slope":null,"std_dev":{"confidence_interval":{"confidence_level":0.95,"lower_bound":1137047.3236156642,"upper_bound":1419730.5404335693},"point_estimate":1286415.93218975,"standard_error":72222.2556372752}}