{"mean":{"confidence_interval":{"confidence_level":0.95,"lower_bound":11280376.017350003,"upper_bound":11582945.066599997},"point_estimate":11418472.146000002,"standard_error":77389.0006780431},"median":{"confidence_interval":{"confidence_level":0.95,"lower_bound":11231183.0,"upper_bound":11427545.6},"point_estimate":11354804.5,"standard_error":45212.21091702649},"median_abs_dev":{"confidence_interval":{"confidence_level":0.95,"lower_bound":324589.76351737947,"upper_bound":594485.8988022627},"point_estimate":483956.5103280547,"standard_error":70240.50498475936},"slope":null,"std_dev":{"confidence_interval":{"confidence_level":0.95,"lower_bound":415380.2078103339,"upper_bound":1091799.236971451},"point_estimate":778243.4546745708,"standard_error":174310.53960989538}}