{"mean":{"confidence_interval":{"confidence_level":0.95,"lower_bound":11641746.582299996,"upper_bound":11745037.67965},"point_estimate":11693008.4,"standard_error":26369.939998794387},"median":{"confidence_interval":{"confidence_level":0.95,"lower_bound":11601806.9475,"upper_bound":11721001.8},"point_estimate":11662771.5,"standard_error":29158.144048860213},"median_abs_dev":{"confidence_interval":{"confidence_level":0.95,"lower_bound":185562.95400559902,"upper_bound":312074.54409956984},"point_estimate":233658.9419317243,"standard_error":32031.526163790953},"slope":null,"std_dev":{"confidence_interval":{"confidence_level":0.95,"lower_bound":223750.866189398,"upper_bound":301549.37009755976},"point_estimate":264729.73967285006,"standard_error":19811.233176717342}}