{"mean":{"confidence_interval":{"confidence_level":0.95,"lower_bound":10877161.589149999,"upper_bound":11168755.007549996},"point_estimate":11006387.617999999,"standard_error":75225.15106549907},"median":{"confidence_interval":{"confidence_level":0.95,"lower_bound":10785583.6,"upper_bound":10960885.6},"point_estimate":10855534.399999999,"standard_error":41479.139339974696},"median_abs_dev":{"confidence_interval":{"confidence_level":0.95,"lower_bound":255498.52910399355,"upper_bound":403731.24663233757},"point_estimate":304158.49806010805,"standard_error":39073.29093621732},"slope":null,"std_dev":{"confidence_interval":{"confidence_level":0.95,"lower_bound":292855.37209716294,"upper_bound":1092685.5771025864},"point_estimate":756473.522104942,"standard_error":199026.56023139512}}