{"mean":{"confidence_interval":{"confidence_level":0.95,"lower_bound":12309084.956599995,"upper_bound":12561737.01005},"point_estimate":12430662.705999997,"standard_error":64535.75820167027},"median":{"confidence_interval":{"confidence_level":0.95,"lower_bound":12240633.5,"upper_bound":12399854.3},"point_estimate":12288086.7,"standard_error":43000.33838597624},"median_abs_dev":{"confidence_interval":{"confidence_level":0.95,"lower_bound":274803.90814125567,"upper_bound":535655.809230209},"point_estimate":377673.8107949509,"standard_error":69866.39468637468},"slope":null,"std_dev":{"confidence_interval":{"confidence_level":0.95,"lower_bound":480465.9203202112,"upper_bound":801086.6923687514},"point_estimate":648964.987004412,"standard_error":82166.33515729257}}