{"mean":{"confidence_interval":{"confidence_level":0.95,"lower_bound":13608125.8868125,"upper_bound":13775444.1725},"point_estimate":13691685.8225,"standard_error":42601.38203168583},"median":{"confidence_interval":{"confidence_level":0.95,"lower_bound":13573851.0,"upper_bound":13806954.5},"point_estimate":13707872.875,"standard_error":59837.60357674139},"median_abs_dev":{"confidence_interval":{"confidence_level":0.95,"lower_bound":378970.34447193146,"upper_bound":574655.9351228178},"point_estimate":467446.9071261585,"standard_error":47485.78455043875},"slope":null,"std_dev":{"confidence_interval":{"confidence_level":0.95,"lower_bound":368126.1121929093,"upper_bound":485537.44827928615},"point_estimate":427816.98772453924,"standard_error":29911.5257759945}}