{"mean":{"confidence_interval":{"confidence_level":0.95,"lower_bound":12021640.428100007,"upper_bound":12218639.128650006},"point_estimate":12102587.346000006,"standard_error":51371.38064083314},"median":{"confidence_interval":{"confidence_level":0.95,"lower_bound":11995758.0,"upper_bound":12081289.0},"point_estimate":12025808.4,"standard_error":20478.78603147557},"median_abs_dev":{"confidence_interval":{"confidence_level":0.95,"lower_bound":132249.54851210062,"upper_bound":221770.56578278707},"point_estimate":178522.3832505944,"standard_error":23669.625782477495},"slope":null,"std_dev":{"confidence_interval":{"confidence_level":0.95,"lower_bound":165362.19419165517,"upper_bound":829794.2019155927},"point_estimate":516115.4349692037,"standard_error":198650.39599320234}}