{"mean":{"confidence_interval":{"confidence_level":0.95,"lower_bound":10320863.61115,"upper_bound":10441959.664399996},"point_estimate":10380671.626,"standard_error":30937.430287664716},"median":{"confidence_interval":{"confidence_level":0.95,"lower_bound":10314508.2,"upper_bound":10433069.0},"point_estimate":10382408.8,"standard_error":35970.147042826306},"median_abs_dev":{"confidence_interval":{"confidence_level":0.95,"lower_bound":208409.52307998968,"upper_bound":367954.7749274991},"point_estimate":294416.77841305785,"standard_error":39948.631279983485},"slope":null,"std_dev":{"confidence_interval":{"confidence_level":0.95,"lower_bound":259980.65304166413,"upper_bound":361784.68885677186},"point_estimate":311820.1615523465,"standard_error":26031.746076510903}}