{"mean":{"confidence_interval":{"confidence_level":0.95,"lower_bound":12482327.371150007,"upper_bound":12840282.942},"point_estimate":12649458.764000008,"standard_error":91605.70001428516},"median":{"confidence_interval":{"confidence_level":0.95,"lower_bound":12339878.5,"upper_bound":12534072.3},"point_estimate":12413108.399999999,"standard_error":54891.02021809757},"median_abs_dev":{"confidence_interval":{"confidence_level":0.95,"lower_bound":295570.8342325671,"upper_bound":562632.0122712859},"point_estimate":392286.46439551975,"standard_error":70134.03995114916},"slope":null,"std_dev":{"confidence_interval":{"confidence_level":0.95,"lower_bound":595395.0206343741,"upper_bound":1219383.127072621},"point_estimate":920124.5018274683,"standard_error":161168.83243166568}}