{"mean":{"confidence_interval":{"confidence_level":0.95,"lower_bound":7624326.599821427,"upper_bound":7711180.937857142},"point_estimate":7666680.255714293,"standard_error":22124.609802046223},"median":{"confidence_interval":{"confidence_level":0.95,"lower_bound":7600474.928571429,"upper_bound":7700395.071428571},"point_estimate":7641938.714285715,"standard_error":30928.11154476128},"median_abs_dev":{"confidence_interval":{"confidence_level":0.95,"lower_bound":137286.85136267156,"upper_bound":233442.88475556092},"point_estimate":178915.50522361504,"standard_error":23932.59793660328},"slope":null,"std_dev":{"confidence_interval":{"confidence_level":0.95,"lower_bound":172850.67555295414,"upper_bound":271823.24983223935},"point_estimate":222719.67306218485,"standard_error":25529.16575460685}}