{"mean":{"confidence_interval":{"confidence_level":0.95,"lower_bound":11647077.686749998,"upper_bound":11961015.736149989},"point_estimate":11800055.917999992,"standard_error":80093.55915666207},"median":{"confidence_interval":{"confidence_level":0.95,"lower_bound":11517898.0,"upper_bound":11811813.2},"point_estimate":11702814.5,"standard_error":69948.52074326204},"median_abs_dev":{"confidence_interval":{"confidence_level":0.95,"lower_bound":451662.22118139267,"upper_bound":793960.3070443847},"point_estimate":632454.0202116958,"standard_error":82221.09438273023},"slope":null,"std_dev":{"confidence_interval":{"confidence_level":0.95,"lower_bound":646484.4195351592,"upper_bound":951498.3682077017},"point_estimate":803718.6854540419,"standard_error":78030.13002097362}}