{"mean":{"confidence_interval":{"confidence_level":0.95,"lower_bound":10539450.25666667,"upper_bound":10993746.235},"point_estimate":10760842.241666667,"standard_error":115835.87257174987},"median":{"confidence_interval":{"confidence_level":0.95,"lower_bound":10010838.666666668,"upper_bound":10271350.666666668},"point_estimate":10063668.083333332,"standard_error":79590.95069399594},"median_abs_dev":{"confidence_interval":{"confidence_level":0.95,"lower_bound":261386.82315945625,"upper_bound":712440.4370516567},"point_estimate":367560.378624497,"standard_error":127170.46141918191},"slope":null,"std_dev":{"confidence_interval":{"confidence_level":0.95,"lower_bound":997454.5215443576,"upper_bound":1300247.3277706462},"point_estimate":1162887.8494920179,"standard_error":76790.16407554605}}