{"mean":{"confidence_interval":{"confidence_level":0.95,"lower_bound":3104801.856609375,"upper_bound":3163291.967484375},"point_estimate":3133573.36125,"standard_error":14991.429951896309},"median":{"confidence_interval":{"confidence_level":0.95,"lower_bound":3089045.375,"upper_bound":3158252.4375},"point_estimate":3120827.0,"standard_error":18638.92383801809},"median_abs_dev":{"confidence_interval":{"confidence_level":0.95,"lower_bound":117905.24550676346,"upper_bound":180735.84014754742},"point_estimate":151741.3737623021,"standard_error":15434.279213781972},"slope":null,"std_dev":{"confidence_interval":{"confidence_level":0.95,"lower_bound":123243.43517955324,"upper_bound":176056.05688290036},"point_estimate":150671.55586751027,"standard_error":13525.533435220563}}