{"mean":{"confidence_interval":{"confidence_level":0.95,"lower_bound":2920643.084958333,"upper_bound":2986214.5540277776},"point_estimate":2952412.03388889,"standard_error":16704.6885074306},"median":{"confidence_interval":{"confidence_level":0.95,"lower_bound":2874452.9444444445,"upper_bound":2942145.5555555555},"point_estimate":2906151.916666667,"standard_error":14959.611188673856},"median_abs_dev":{"confidence_interval":{"confidence_level":0.95,"lower_bound":91888.78605573109,"upper_bound":171864.32740713135},"point_estimate":127745.38508206629,"standard_error":19576.78998190175},"slope":null,"std_dev":{"confidence_interval":{"confidence_level":0.95,"lower_bound":137121.88988629344,"upper_bound":195712.83933860468},"point_estimate":168048.26865349567,"standard_error":14944.285705418037}}