{"mean":{"confidence_interval":{"confidence_level":0.95,"lower_bound":2765139.551894738,"upper_bound":2806697.530868421},"point_estimate":2785602.985789473,"standard_error":10623.58879543616},"median":{"confidence_interval":{"confidence_level":0.95,"lower_bound":2756915.052631579,"upper_bound":2799989.052631579},"point_estimate":2782254.736842105,"standard_error":10465.883793367655},"median_abs_dev":{"confidence_interval":{"confidence_level":0.95,"lower_bound":77052.86650045899,"upper_bound":130294.16301313156},"point_estimate":102631.85172002552,"standard_error":13266.573676974636},"slope":null,"std_dev":{"confidence_interval":{"confidence_level":0.95,"lower_bound":89015.4561003961,"upper_bound":124067.54786639946},"point_estimate":106909.38589682912,"standard_error":8966.001583345753}}