{"mean":{"confidence_interval":{"confidence_level":0.95,"lower_bound":39981.999290359476,"upper_bound":41357.533438089326},"point_estimate":40588.676778944515,"standard_error":352.7830566643389},"median":{"confidence_interval":{"confidence_level":0.95,"lower_bound":39722.48034782609,"upper_bound":40738.24835164835},"point_estimate":40287.865369753505,"standard_error":275.79613553012575},"median_abs_dev":{"confidence_interval":{"confidence_level":0.95,"lower_bound":1631.4335132022004,"upper_bound":2636.7063363709217},"point_estimate":2042.9104785840293,"standard_error":256.5893940394334},"slope":{"confidence_interval":{"confidence_level":0.95,"lower_bound":39152.552382152215,"upper_bound":40012.34055982681},"point_estimate":39562.77374801241,"standard_error":218.88179242919037},"std_dev":{"confidence_interval":{"confidence_level":0.95,"lower_bound":1935.9555745918785,"upper_bound":5345.279497706096},"point_estimate":3563.106951836467,"standard_error":1059.0265197947724}}