{"mean":{"confidence_interval":{"confidence_level":0.95,"lower_bound":632.3063899253998,"upper_bound":645.6616356040568},"point_estimate":638.7630583739765,"standard_error":3.3923299648075753},"median":{"confidence_interval":{"confidence_level":0.95,"lower_bound":631.1926095313846,"upper_bound":641.9057677219854},"point_estimate":637.868407176647,"standard_error":2.9040752203585263},"median_abs_dev":{"confidence_interval":{"confidence_level":0.95,"lower_bound":17.95171787677573,"upper_bound":32.40782814773359},"point_estimate":25.605536863230704,"standard_error":3.885720244377379},"slope":{"confidence_interval":{"confidence_level":0.95,"lower_bound":631.5194233590654,"upper_bound":642.1654414125811},"point_estimate":636.8256295887086,"standard_error":2.721590978138586},"std_dev":{"confidence_interval":{"confidence_level":0.95,"lower_bound":23.238083374059197,"upper_bound":45.56566122556733},"point_estimate":34.109913918823594,"standard_error":5.926475860646865}}