{"mean":{"confidence_interval":{"confidence_level":0.95,"lower_bound":577.4136388603664,"upper_bound":588.2938375435657},"point_estimate":582.7341034478849,"standard_error":2.7746450326935923},"median":{"confidence_interval":{"confidence_level":0.95,"lower_bound":572.2168449778626,"upper_bound":584.006468630793},"point_estimate":577.8092861692862,"standard_error":2.6397947960763153},"median_abs_dev":{"confidence_interval":{"confidence_level":0.95,"lower_bound":17.62261965895851,"upper_bound":31.875544412120266},"point_estimate":23.716755900561505,"standard_error":3.550990052617171},"slope":{"confidence_interval":{"confidence_level":0.95,"lower_bound":576.9953242400638,"upper_bound":588.392506030658},"point_estimate":582.5715190242703,"standard_error":2.9264697752101094},"std_dev":{"confidence_interval":{"confidence_level":0.95,"lower_bound":23.544774174964658,"upper_bound":31.579118255649007},"point_estimate":27.8102233049453,"standard_error":2.0594639305388833}}