{"mean":{"confidence_interval":{"confidence_level":0.95,"lower_bound":16831066.778333336,"upper_bound":17640547.723416667},"point_estimate":17231803.266666666,"standard_error":206870.48820087098},"median":{"confidence_interval":{"confidence_level":0.95,"lower_bound":15763139.333333334,"upper_bound":18540046.0},"point_estimate":16103002.5,"standard_error":972408.7485740065},"median_abs_dev":{"confidence_interval":{"confidence_level":0.95,"lower_bound":1087405.2905946965,"upper_bound":3321835.6768806274},"point_estimate":2101295.6143945456,"standard_error":592862.7907930834},"slope":null,"std_dev":{"confidence_interval":{"confidence_level":0.95,"lower_bound":1852276.8598014943,"upper_bound":2312482.1022161637},"point_estimate":2076477.930741154,"standard_error":118835.53992611544}}