{"mean":{"confidence_interval":{"confidence_level":0.95,"lower_bound":13177360.9511875,"upper_bound":13301778.3926875},"point_estimate":13237724.79,"standard_error":31660.95150119282},"median":{"confidence_interval":{"confidence_level":0.95,"lower_bound":13121839.0,"upper_bound":13222315.25},"point_estimate":13181680.375,"standard_error":26529.525209025516},"median_abs_dev":{"confidence_interval":{"confidence_level":0.95,"lower_bound":167818.27089563012,"upper_bound":331568.8434384763},"point_estimate":230811.16390228271,"standard_error":39933.520244545965},"slope":null,"std_dev":{"confidence_interval":{"confidence_level":0.95,"lower_bound":255083.1708756212,"upper_bound":379459.59249818313},"point_estimate":318904.0818523978,"standard_error":31904.09383679996}}