{"mean":{"confidence_interval":{"confidence_level":0.95,"lower_bound":16801260.871583324,"upper_bound":17571130.582250003},"point_estimate":17183733.173333336,"standard_error":196475.3261476254},"median":{"confidence_interval":{"confidence_level":0.95,"lower_bound":16325714.666666666,"upper_bound":18129835.333333332},"point_estimate":16877439.5,"standard_error":509343.7117478095},"median_abs_dev":{"confidence_interval":{"confidence_level":0.95,"lower_bound":2061532.0360004911,"upper_bound":3063398.2269138107},"point_estimate":2726795.4005897054,"standard_error":264965.011687762},"slope":null,"std_dev":{"confidence_interval":{"confidence_level":0.95,"lower_bound":1796494.5584869962,"upper_bound":2126601.1173530547},"point_estimate":1974950.6508387907,"standard_error":84430.9340616513}}