{"mean":{"confidence_interval":{"confidence_level":0.95,"lower_bound":16900237.866750002,"upper_bound":17558168.595875002},"point_estimate":17231414.8425,"standard_error":167905.70048405277},"median":{"confidence_interval":{"confidence_level":0.95,"lower_bound":17278765.5,"upper_bound":17810219.5},"point_estimate":17586992.5,"standard_error":128694.20985686508},"median_abs_dev":{"confidence_interval":{"confidence_level":0.95,"lower_bound":923285.6124334037,"upper_bound":1876363.9138116303},"point_estimate":1271718.2892724872,"standard_error":233631.13026519795},"slope":null,"std_dev":{"confidence_interval":{"confidence_level":0.95,"lower_bound":1462633.0336402021,"upper_bound":1874067.8652279566},"point_estimate":1682998.4138280055,"standard_error":105024.92311334293}}