{"mean":{"confidence_interval":{"confidence_level":0.95,"lower_bound":14644564.107687501,"upper_bound":14971222.062562501},"point_estimate":14795840.105,"standard_error":83211.08594290754},"median":{"confidence_interval":{"confidence_level":0.95,"lower_bound":14495075.75,"upper_bound":14675389.75},"point_estimate":14576289.125,"standard_error":42895.026392330095},"median_abs_dev":{"confidence_interval":{"confidence_level":0.95,"lower_bound":268872.099776566,"upper_bound":471267.7525833249},"point_estimate":365520.0121857226,"standard_error":52400.67730640293},"slope":null,"std_dev":{"confidence_interval":{"confidence_level":0.95,"lower_bound":527272.4250755463,"upper_bound":1116902.6784919505},"point_estimate":833692.6199067936,"standard_error":151902.46508082017}}