{"mean":{"confidence_interval":{"confidence_level":0.95,"lower_bound":14222951.5705625,"upper_bound":14608884.172},"point_estimate":14400253.1675,"standard_error":98852.4358553459},"median":{"confidence_interval":{"confidence_level":0.95,"lower_bound":14078720.0,"upper_bound":14146174.5},"point_estimate":14118885.25,"standard_error":15369.737152777461},"median_abs_dev":{"confidence_interval":{"confidence_level":0.95,"lower_bound":159204.55037355423,"upper_bound":247702.981377393},"point_estimate":201405.8319993317,"standard_error":23144.659343913718},"slope":null,"std_dev":{"confidence_interval":{"confidence_level":0.95,"lower_bound":599343.679901667,"upper_bound":1302340.4557190146},"point_estimate":996875.3052784886,"standard_error":180432.83139507787}}