{"mean":{"confidence_interval":{"confidence_level":0.95,"lower_bound":16148271.3459375,"upper_bound":16567051.64175},"point_estimate":16347377.815,"standard_error":106864.99924055747},"median":{"confidence_interval":{"confidence_level":0.95,"lower_bound":15968490.5,"upper_bound":16445227.0},"point_estimate":16234498.5,"standard_error":122861.07045148923},"median_abs_dev":{"confidence_interval":{"confidence_level":0.95,"lower_bound":596254.8221893609,"upper_bound":1022182.443677634},"point_estimate":786022.4297203124,"standard_error":108788.81781802468},"slope":null,"std_dev":{"confidence_interval":{"confidence_level":0.95,"lower_bound":762142.1158576095,"upper_bound":1382485.2248065555},"point_estimate":1070731.7859773342,"standard_error":161483.69049592325}}