{"mean":{"confidence_interval":{"confidence_level":0.95,"lower_bound":17789918.634499997,"upper_bound":18675677.198666666},"point_estimate":18229814.290000007,"standard_error":225814.921026399},"median":{"confidence_interval":{"confidence_level":0.95,"lower_bound":16629926.0,"upper_bound":19048058.333333332},"point_estimate":17611059.0,"standard_error":677781.931613904},"median_abs_dev":{"confidence_interval":{"confidence_level":0.95,"lower_bound":1197866.154533625,"upper_bound":3467181.8587452164},"point_estimate":2475792.460545898,"standard_error":629560.5238151118},"slope":null,"std_dev":{"confidence_interval":{"confidence_level":0.95,"lower_bound":2063334.1056401222,"upper_bound":2440289.992700318},"point_estimate":2269339.0228364537,"standard_error":96190.58441778268}}