{"mean":{"confidence_interval":{"confidence_level":0.95,"lower_bound":14481328.0146875,"upper_bound":15303023.015999999},"point_estimate":14889530.4975,"standard_error":209654.06831223328},"median":{"confidence_interval":{"confidence_level":0.95,"lower_bound":13542864.0,"upper_bound":16277647.375},"point_estimate":14659915.25,"standard_error":703544.5563801801},"median_abs_dev":{"confidence_interval":{"confidence_level":0.95,"lower_bound":1763796.5563863516,"upper_bound":3207384.5063075423},"point_estimate":2986974.5225206017,"standard_error":428790.1410358962},"slope":null,"std_dev":{"confidence_interval":{"confidence_level":0.95,"lower_bound":1952853.7314453304,"upper_bound":2245108.639701602},"point_estimate":2112491.8097343016,"standard_error":74467.22480521428}}