{"mean":{"confidence_interval":{"confidence_level":0.95,"lower_bound":13685235.6043125,"upper_bound":13946962.2968125},"point_estimate":13788229.42,"standard_error":69280.57913524109},"median":{"confidence_interval":{"confidence_level":0.95,"lower_bound":13629658.5,"upper_bound":13805961.0},"point_estimate":13753610.25,"standard_error":45664.179371308834},"median_abs_dev":{"confidence_interval":{"confidence_level":0.95,"lower_bound":195261.0110834241,"upper_bound":288073.80801066733},"point_estimate":250673.37042465806,"standard_error":22951.97092828631},"slope":null,"std_dev":{"confidence_interval":{"confidence_level":0.95,"lower_bound":210564.37461442893,"upper_bound":1144839.6781821132},"point_estimate":695974.8357010034,"standard_error":308000.3134466531}}