{"mean":{"confidence_interval":{"confidence_level":0.95,"lower_bound":15536090.254250001,"upper_bound":15882031.0171875},"point_estimate":15705547.855,"standard_error":88179.34374967554},"median":{"confidence_interval":{"confidence_level":0.95,"lower_bound":15475272.5,"upper_bound":15764720.875},"point_estimate":15665773.75,"standard_error":81605.91894286177},"median_abs_dev":{"confidence_interval":{"confidence_level":0.95,"lower_bound":517290.62096625566,"upper_bound":1079721.9633311033},"point_estimate":703874.7157037258,"standard_error":139548.49323629186},"slope":null,"std_dev":{"confidence_interval":{"confidence_level":0.95,"lower_bound":710447.2744533266,"upper_bound":1057442.5725694536},"point_estimate":888322.5712965268,"standard_error":88949.10719518772}}