{"mean":{"confidence_interval":{"confidence_level":0.95,"lower_bound":25737607.321875,"upper_bound":26162966.1085},"point_estimate":25952392.13,"standard_error":108226.97373669583},"median":{"confidence_interval":{"confidence_level":0.95,"lower_bound":25940321.5,"upper_bound":26048573.5},"point_estimate":26005947.75,"standard_error":30424.60922717617},"median_abs_dev":{"confidence_interval":{"confidence_level":0.95,"lower_bound":165831.77225589752,"upper_bound":354495.5841064453},"point_estimate":224395.58316618204,"standard_error":46936.73558129565},"slope":null,"std_dev":{"confidence_interval":{"confidence_level":0.95,"lower_bound":854111.542675861,"upper_bound":1275105.2753392928},"point_estimate":1082284.731576266,"standard_error":107685.0908236775}}