{"mean":{"confidence_interval":{"confidence_level":0.95,"lower_bound":24602630.203916673,"upper_bound":25107455.3635},"point_estimate":24856468.60333334,"standard_error":128838.69443483635},"median":{"confidence_interval":{"confidence_level":0.95,"lower_bound":23596788.0,"upper_bound":25957918.166666664},"point_estimate":25894399.833333332,"standard_error":890612.3304797243},"median_abs_dev":{"confidence_interval":{"confidence_level":0.95,"lower_bound":242655.16089200604,"upper_bound":1899506.5920770187},"point_estimate":497345.8212703485,"standard_error":360249.3363005927},"slope":null,"std_dev":{"confidence_interval":{"confidence_level":0.95,"lower_bound":1245768.4112384073,"upper_bound":1316558.2491460848},"point_estimate":1295116.4564667917,"standard_error":17715.20313464292}}