{"mean":{"confidence_interval":{"confidence_level":0.95,"lower_bound":25457152.206499998,"upper_bound":25508365.77},"point_estimate":25482547.49,"standard_error":13065.286327466929},"median":{"confidence_interval":{"confidence_level":0.95,"lower_bound":25450049.5,"upper_bound":25516250.5},"point_estimate":25484175.0,"standard_error":14945.962073188934},"median_abs_dev":{"confidence_interval":{"confidence_level":0.95,"lower_bound":102968.4214219451,"upper_bound":169611.29023879766},"point_estimate":147001.64064019918,"standard_error":16631.42804243072},"slope":null,"std_dev":{"confidence_interval":{"confidence_level":0.95,"lower_bound":111420.51978832524,"upper_bound":149835.59352450963},"point_estimate":130943.65586257499,"standard_error":9805.280348757273}}