{"mean":{"confidence_interval":{"confidence_level":0.95,"lower_bound":25855979.787,"upper_bound":26027366.282250002},"point_estimate":25935925.005,"standard_error":43768.35006552283},"median":{"confidence_interval":{"confidence_level":0.95,"lower_bound":25757961.0,"upper_bound":25843386.5},"point_estimate":25782311.25,"standard_error":23431.595319998527},"median_abs_dev":{"confidence_interval":{"confidence_level":0.95,"lower_bound":135102.66390144825,"upper_bound":246669.0532207489},"point_estimate":174836.34319603443,"standard_error":26610.35563897151},"slope":null,"std_dev":{"confidence_interval":{"confidence_level":0.95,"lower_bound":299131.9837352849,"upper_bound":586530.4118756581},"point_estimate":442270.2067544213,"standard_error":75282.36381646688}}