{"mean":{"confidence_interval":{"confidence_level":0.95,"lower_bound":28915527.932875,"upper_bound":29450842.447125003},"point_estimate":29179290.855,"standard_error":135969.70485821628},"median":{"confidence_interval":{"confidence_level":0.95,"lower_bound":28865426.0,"upper_bound":29450959.0},"point_estimate":29132229.5,"standard_error":125651.231888293},"median_abs_dev":{"confidence_interval":{"confidence_level":0.95,"lower_bound":1118929.8848762738,"upper_bound":1606640.2178764343},"point_estimate":1384655.3422674537,"standard_error":118945.39717615841},"slope":null,"std_dev":{"confidence_interval":{"confidence_level":0.95,"lower_bound":1147065.469181818,"upper_bound":1590389.7193555438},"point_estimate":1372683.0635811521,"standard_error":113863.35270325789}}