{"mean":{"confidence_interval":{"confidence_level":0.95,"lower_bound":25449320.497625,"upper_bound":25511476.35525},"point_estimate":25479959.24,"standard_error":15808.478902110814},"median":{"confidence_interval":{"confidence_level":0.95,"lower_bound":25435187.0,"upper_bound":25516287.0},"point_estimate":25468533.0,"standard_error":20741.506272761737},"median_abs_dev":{"confidence_interval":{"confidence_level":0.95,"lower_bound":106451.3638126105,"upper_bound":171649.4945526123},"point_estimate":138302.11464464664,"standard_error":16499.078503848075},"slope":null,"std_dev":{"confidence_interval":{"confidence_level":0.95,"lower_bound":127905.69118234684,"upper_bound":188634.68466830446},"point_estimate":159265.96254804713,"standard_error":15536.978502248356}}