{"mean":{"confidence_interval":{"confidence_level":0.95,"lower_bound":12448398.4321875,"upper_bound":12658618.37875},"point_estimate":12524140.115,"standard_error":61526.71692432942},"median":{"confidence_interval":{"confidence_level":0.95,"lower_bound":12437977.125,"upper_bound":12480090.0},"point_estimate":12459077.125,"standard_error":10907.374703475649},"median_abs_dev":{"confidence_interval":{"confidence_level":0.95,"lower_bound":67070.04293426871,"upper_bound":119461.60482913256},"point_estimate":87288.44410032034,"standard_error":12991.402147768318},"slope":null,"std_dev":{"confidence_interval":{"confidence_level":0.95,"lower_bound":87483.23034772302,"upper_bound":1049184.9877566905},"point_estimate":616342.4795908285,"standard_error":340602.6095149384}}