{"mean":{"confidence_interval":{"confidence_level":0.95,"lower_bound":12536604.091749992,"upper_bound":12774479.206799997},"point_estimate":12656475.122000001,"standard_error":60805.078157723685},"median":{"confidence_interval":{"confidence_level":0.95,"lower_bound":12232907.8,"upper_bound":13117314.100000001},"point_estimate":13017673.7,"standard_error":165920.2602397854},"median_abs_dev":{"confidence_interval":{"confidence_level":0.95,"lower_bound":208076.53112590202,"upper_bound":783658.7576472753},"point_estimate":377964.40038979193,"standard_error":145295.77029211758},"slope":null,"std_dev":{"confidence_interval":{"confidence_level":0.95,"lower_bound":574000.9629864092,"upper_bound":633769.4935410526},"point_estimate":611720.687906796,"standard_error":15136.222290545827}}