{"mean":{"confidence_interval":{"confidence_level":0.95,"lower_bound":26296665.65225,"upper_bound":26710176.649875},"point_estimate":26500054.735,"standard_error":105341.90119949314},"median":{"confidence_interval":{"confidence_level":0.95,"lower_bound":26121294.0,"upper_bound":26615747.5},"point_estimate":26427121.0,"standard_error":126600.94309696616},"median_abs_dev":{"confidence_interval":{"confidence_level":0.95,"lower_bound":829668.875670433,"upper_bound":1327678.654628992},"point_estimate":1079526.2601345778,"standard_error":125955.02937931646},"slope":null,"std_dev":{"confidence_interval":{"confidence_level":0.95,"lower_bound":903342.0214230617,"upper_bound":1191284.2210052083},"point_estimate":1056019.4818191724,"standard_error":73727.4947957725}}