{"mean":{"confidence_interval":{"confidence_level":0.95,"lower_bound":13088042.786937501,"upper_bound":13113781.4165},"point_estimate":13100657.455,"standard_error":6557.503735357914},"median":{"confidence_interval":{"confidence_level":0.95,"lower_bound":13080504.5,"upper_bound":13107842.25},"point_estimate":13097004.75,"standard_error":7541.263193370132},"median_abs_dev":{"confidence_interval":{"confidence_level":0.95,"lower_bound":40216.26558601856,"upper_bound":70091.02570563555},"point_estimate":52799.832862615585,"standard_error":8053.596180025524},"slope":null,"std_dev":{"confidence_interval":{"confidence_level":0.95,"lower_bound":54129.247735695535,"upper_bound":76625.9639460074},"point_estimate":65980.33683490637,"standard_error":5758.245933938939}}