{"mean":{"confidence_interval":{"confidence_level":0.95,"lower_bound":26421622.11975,"upper_bound":26479025.77225},"point_estimate":26449608.975,"standard_error":14691.917108363563},"median":{"confidence_interval":{"confidence_level":0.95,"lower_bound":26391479.5,"upper_bound":26463830.5},"point_estimate":26427279.75,"standard_error":17777.146829550085},"median_abs_dev":{"confidence_interval":{"confidence_level":0.95,"lower_bound":105635.61877459288,"upper_bound":169721.74393683672},"point_estimate":135140.09955078363,"standard_error":16498.602526101724},"slope":null,"std_dev":{"confidence_interval":{"confidence_level":0.95,"lower_bound":118082.31227625138,"upper_bound":178823.53939720508},"point_estimate":147683.06713623105,"standard_error":15735.551930943693}}