{"mean":{"confidence_interval":{"confidence_level":0.95,"lower_bound":27963188.444875002,"upper_bound":28359505.62675},"point_estimate":28150997.74,"standard_error":101322.49667725073},"median":{"confidence_interval":{"confidence_level":0.95,"lower_bound":27785738.0,"upper_bound":28138629.25},"point_estimate":27989322.25,"standard_error":89462.77079843268},"median_abs_dev":{"confidence_interval":{"confidence_level":0.95,"lower_bound":511484.0181693435,"upper_bound":851941.9750750065},"point_estimate":645442.8561910987,"standard_error":88014.17719719379},"slope":null,"std_dev":{"confidence_interval":{"confidence_level":0.95,"lower_bound":726790.77075037,"upper_bound":1308145.1882232842},"point_estimate":1015985.2058169928,"standard_error":151548.36923214336}}