{"mean":{"confidence_interval":{"confidence_level":0.95,"lower_bound":25421174.588,"upper_bound":25689496.9715},"point_estimate":25549280.69,"standard_error":68294.23254442807},"median":{"confidence_interval":{"confidence_level":0.95,"lower_bound":25255469.0,"upper_bound":25445708.25},"point_estimate":25331679.75,"standard_error":55338.28710950067},"median_abs_dev":{"confidence_interval":{"confidence_level":0.95,"lower_bound":291685.9682552889,"upper_bound":538545.1741889119},"point_estimate":413189.1225144267,"standard_error":62689.02239218026},"slope":null,"std_dev":{"confidence_interval":{"confidence_level":0.95,"lower_bound":523291.6013239971,"upper_bound":830156.3730859489},"point_estimate":688834.7561158964,"standard_error":78245.10600032809}}