{"mean":{"confidence_interval":{"confidence_level":0.95,"lower_bound":28693357.189625002,"upper_bound":29387845.674999997},"point_estimate":29028606.885,"standard_error":177374.48336471463},"median":{"confidence_interval":{"confidence_level":0.95,"lower_bound":28379969.5,"upper_bound":29093624.0},"point_estimate":28722921.75,"standard_error":176411.75881039284},"median_abs_dev":{"confidence_interval":{"confidence_level":0.95,"lower_bound":1163587.4547421932,"upper_bound":1798107.9969272017},"point_estimate":1515041.1143526435,"standard_error":169405.4442942344},"slope":null,"std_dev":{"confidence_interval":{"confidence_level":0.95,"lower_bound":1366832.2558365916,"upper_bound":2178712.0800034245},"point_estimate":1779402.1890823855,"standard_error":208396.04577369668}}