{"mean":{"confidence_interval":{"confidence_level":0.95,"lower_bound":11990030.624900004,"upper_bound":12195393.99605},"point_estimate":12086831.756000005,"standard_error":52616.79692360325},"median":{"confidence_interval":{"confidence_level":0.95,"lower_bound":11898296.0,"upper_bound":11996351.6},"point_estimate":11936091.2,"standard_error":22631.561460320314},"median_abs_dev":{"confidence_interval":{"confidence_level":0.95,"lower_bound":161544.9826920027,"upper_bound":246706.41474008726},"point_estimate":201220.09928762994,"standard_error":20999.957960870513},"slope":null,"std_dev":{"confidence_interval":{"confidence_level":0.95,"lower_bound":379052.296835383,"upper_bound":655790.3306223877},"point_estimate":529310.4243343929,"standard_error":70872.02797787302}}