{"mean":{"confidence_interval":{"confidence_level":0.95,"lower_bound":15274692.8445,"upper_bound":15430283.3249375},"point_estimate":15349676.8875,"standard_error":39663.69756460397},"median":{"confidence_interval":{"confidence_level":0.95,"lower_bound":15283430.125,"upper_bound":15438701.375},"point_estimate":15361422.125,"standard_error":37594.56443420817},"median_abs_dev":{"confidence_interval":{"confidence_level":0.95,"lower_bound":248516.002137959,"upper_bound":433892.51456374215},"point_estimate":341739.84990790486,"standard_error":49797.15041701453},"slope":null,"std_dev":{"confidence_interval":{"confidence_level":0.95,"lower_bound":292092.89157457405,"upper_bound":527159.0479514266},"point_estimate":398759.8149317734,"standard_error":63803.06843276337}}