{"mean":{"confidence_interval":{"confidence_level":0.95,"lower_bound":30003433.773000002,"upper_bound":30594541.71225},"point_estimate":30286459.805,"standard_error":151630.38946044288},"median":{"confidence_interval":{"confidence_level":0.95,"lower_bound":29832343.0,"upper_bound":30199284.25},"point_estimate":29979069.0,"standard_error":92065.0186044318},"median_abs_dev":{"confidence_interval":{"confidence_level":0.95,"lower_bound":711430.4158195853,"upper_bound":1151825.0254610172},"point_estimate":958321.859036386,"standard_error":108953.86414011732},"slope":null,"std_dev":{"confidence_interval":{"confidence_level":0.95,"lower_bound":1143021.1779215808,"upper_bound":1841430.5714706278},"point_estimate":1523001.4360637292,"standard_error":178488.70257485058}}