{"mean":{"confidence_interval":{"confidence_level":0.95,"lower_bound":32566117.1825,"upper_bound":32929692.8605},"point_estimate":32742715.17,"standard_error":92868.51065974901},"median":{"confidence_interval":{"confidence_level":0.95,"lower_bound":32365187.5,"upper_bound":32740053.0},"point_estimate":32552464.25,"standard_error":90001.30697232019},"median_abs_dev":{"confidence_interval":{"confidence_level":0.95,"lower_bound":538236.4227443933,"upper_bound":977017.0740544796},"point_estimate":725210.0706249475,"standard_error":112949.44702536032},"slope":null,"std_dev":{"confidence_interval":{"confidence_level":0.95,"lower_bound":740432.1215821925,"upper_bound":1120314.3243030212},"point_estimate":932803.1982540778,"standard_error":97674.86049427667}}