{"mean":{"confidence_interval":{"confidence_level":0.95,"lower_bound":19727760.467250004,"upper_bound":39504283.38316666},"point_estimate":28837101.08666667,"standard_error":5062565.311572045},"median":{"confidence_interval":{"confidence_level":0.95,"lower_bound":12866203.0,"upper_bound":13882675.0},"point_estimate":13245179.666666668,"standard_error":404957.70740669523},"median_abs_dev":{"confidence_interval":{"confidence_level":0.95,"lower_bound":775364.6980345261,"upper_bound":2810592.562674505},"point_estimate":1295418.5147017264,"standard_error":653005.5191278378},"slope":null,"std_dev":{"confidence_interval":{"confidence_level":0.95,"lower_bound":30377111.403824244,"upper_bound":65911383.15735081},"point_estimate":50821002.8064965,"standard_error":9078321.290769987}}