{"mean":{"confidence_interval":{"confidence_level":0.95,"lower_bound":11773578.723250004,"upper_bound":12043818.569349997},"point_estimate":11903147.368000006,"standard_error":68960.53795462598},"median":{"confidence_interval":{"confidence_level":0.95,"lower_bound":11406495.7,"upper_bound":12358495.8},"point_estimate":11456278.2,"standard_error":228453.4105161596},"median_abs_dev":{"confidence_interval":{"confidence_level":0.95,"lower_bound":162124.3827617174,"upper_bound":877493.6960613705},"point_estimate":308192.3560684911,"standard_error":196413.3985184043},"slope":null,"std_dev":{"confidence_interval":{"confidence_level":0.95,"lower_bound":561378.0129559574,"upper_bound":865711.6661467742},"point_estimate":692009.8893966533,"standard_error":91683.61792197639}}