{"mean":{"confidence_interval":{"confidence_level":0.95,"lower_bound":28947422.469875,"upper_bound":29535208.110124998},"point_estimate":29221997.275,"standard_error":150366.12693479765},"median":{"confidence_interval":{"confidence_level":0.95,"lower_bound":28540613.0,"upper_bound":28902065.5},"point_estimate":28718013.75,"standard_error":77615.1707898412},"median_abs_dev":{"confidence_interval":{"confidence_level":0.95,"lower_bound":433960.34814566374,"upper_bound":782967.3471495509},"point_estimate":576772.1612602472,"standard_error":89209.26411903641},"slope":null,"std_dev":{"confidence_interval":{"confidence_level":0.95,"lower_bound":1035599.03767122,"upper_bound":1953052.3404723099},"point_estimate":1506146.5411488311,"standard_error":236697.47432809765}}