{"mean":{"confidence_interval":{"confidence_level":0.95,"lower_bound":26023825.130374998,"upper_bound":26155088.172000002},"point_estimate":26087439.2,"standard_error":33375.64755425403},"median":{"confidence_interval":{"confidence_level":0.95,"lower_bound":25933241.0,"upper_bound":26014791.5},"point_estimate":25973591.0,"standard_error":23981.869631393663},"median_abs_dev":{"confidence_interval":{"confidence_level":0.95,"lower_bound":132619.67959553003,"upper_bound":253155.42810559273},"point_estimate":179988.74875456095,"standard_error":32639.036429613036},"slope":null,"std_dev":{"confidence_interval":{"confidence_level":0.95,"lower_bound":272633.0793609761,"upper_bound":387942.2919077907},"point_estimate":335021.4203125711,"standard_error":29398.295855426528}}