{"mean":{"confidence_interval":{"confidence_level":0.95,"lower_bound":31001616.626375,"upper_bound":31452368.922375},"point_estimate":31216280.24,"standard_error":115378.54145934877},"median":{"confidence_interval":{"confidence_level":0.95,"lower_bound":30712846.0,"upper_bound":31066904.0},"point_estimate":30920125.75,"standard_error":107362.22230890204},"median_abs_dev":{"confidence_interval":{"confidence_level":0.95,"lower_bound":476443.8797414303,"upper_bound":884241.8981015682},"point_estimate":672447.3027616739,"standard_error":101351.12997353873},"slope":null,"std_dev":{"confidence_interval":{"confidence_level":0.95,"lower_bound":831198.992002945,"upper_bound":1436422.1977580476},"point_estimate":1159959.6840394395,"standard_error":154401.16967910266}}