{"mean":{"confidence_interval":{"confidence_level":0.95,"lower_bound":25370427.0075,"upper_bound":26268638.564875},"point_estimate":25798525.1,"standard_error":229412.36062173682},"median":{"confidence_interval":{"confidence_level":0.95,"lower_bound":25776041.75,"upper_bound":25972494.75},"point_estimate":25853768.0,"standard_error":53696.40065985735},"median_abs_dev":{"confidence_interval":{"confidence_level":0.95,"lower_bound":442157.27275013924,"upper_bound":2548566.3744539022},"point_estimate":1150552.0651236176,"standard_error":618163.4988895218},"slope":null,"std_dev":{"confidence_interval":{"confidence_level":0.95,"lower_bound":1649044.0507854286,"upper_bound":2908115.5739663043},"point_estimate":2309630.607636953,"standard_error":321454.93998242676}}