{"mean":{"confidence_interval":{"confidence_level":0.95,"lower_bound":31132556.956875,"upper_bound":31544221.506125},"point_estimate":31333826.435,"standard_error":104959.18057903621},"median":{"confidence_interval":{"confidence_level":0.95,"lower_bound":30727780.25,"upper_bound":31347724.5},"point_estimate":31085155.75,"standard_error":171073.19307487435},"median_abs_dev":{"confidence_interval":{"confidence_level":0.95,"lower_bound":638452.0266652107,"upper_bound":1313284.0822182933},"point_estimate":1063062.7287268639,"standard_error":180356.71659626983},"slope":null,"std_dev":{"confidence_interval":{"confidence_level":0.95,"lower_bound":897302.506823272,"upper_bound":1179781.027098916},"point_estimate":1047787.3829649693,"standard_error":72133.69041749266}}