{"mean":{"confidence_interval":{"confidence_level":0.95,"lower_bound":26779302.74925,"upper_bound":26840615.781000003},"point_estimate":26809980.77,"standard_error":15663.698734450341},"median":{"confidence_interval":{"confidence_level":0.95,"lower_bound":26773745.0,"upper_bound":26842296.5},"point_estimate":26814443.0,"standard_error":17578.877692100854},"median_abs_dev":{"confidence_interval":{"confidence_level":0.95,"lower_bound":99080.302990973,"upper_bound":165391.3010699673},"point_estimate":135321.71804755926,"standard_error":17478.315084867645},"slope":null,"std_dev":{"confidence_interval":{"confidence_level":0.95,"lower_bound":131774.92670684741,"upper_bound":180212.8835564331},"point_estimate":156973.61283022002,"standard_error":12358.29708602838}}