{"mean":{"confidence_interval":{"confidence_level":0.95,"lower_bound":29506666.718125,"upper_bound":30297428.217625},"point_estimate":29885400.745,"standard_error":202616.79556839075},"median":{"confidence_interval":{"confidence_level":0.95,"lower_bound":29158117.0,"upper_bound":29686217.25},"point_estimate":29452317.0,"standard_error":134757.0935436992},"median_abs_dev":{"confidence_interval":{"confidence_level":0.95,"lower_bound":993046.9449698925,"upper_bound":1622528.5004943593},"point_estimate":1319922.4328666925,"standard_error":160336.98809151343},"slope":null,"std_dev":{"confidence_interval":{"confidence_level":0.95,"lower_bound":1533916.8053759749,"upper_bound":2473540.648933681},"point_estimate":2036525.9857799148,"standard_error":239874.0782589379}}