{"mean":{"confidence_interval":{"confidence_level":0.95,"lower_bound":29445718.51625,"upper_bound":29913992.57325},"point_estimate":29677223.085,"standard_error":119989.26007252038},"median":{"confidence_interval":{"confidence_level":0.95,"lower_bound":29372373.5,"upper_bound":30030224.5},"point_estimate":29682449.5,"standard_error":148275.95889907161},"median_abs_dev":{"confidence_interval":{"confidence_level":0.95,"lower_bound":1098089.8944050074,"upper_bound":1662406.7332863808},"point_estimate":1356545.617416501,"standard_error":141931.9308631232},"slope":null,"std_dev":{"confidence_interval":{"confidence_level":0.95,"lower_bound":1068034.400273613,"upper_bound":1336486.8986988557},"point_estimate":1209934.913725989,"standard_error":68574.7758915441}}