{"mean":{"confidence_interval":{"confidence_level":0.95,"lower_bound":30034410.64575,"upper_bound":30456990.109500002},"point_estimate":30239564.93,"standard_error":107602.75618721388},"median":{"confidence_interval":{"confidence_level":0.95,"lower_bound":29728863.25,"upper_bound":30138585.5},"point_estimate":29880562.25,"standard_error":123323.98836594707},"median_abs_dev":{"confidence_interval":{"confidence_level":0.95,"lower_bound":561161.1248373985,"upper_bound":1025916.5570363402},"point_estimate":751525.8495077491,"standard_error":122809.44786738977},"slope":null,"std_dev":{"confidence_interval":{"confidence_level":0.95,"lower_bound":879556.8532264415,"upper_bound":1261716.2895469668},"point_estimate":1084121.5012440751,"standard_error":97630.40348408869}}