{"mean":{"confidence_interval":{"confidence_level":0.95,"lower_bound":25884994.110375,"upper_bound":25956506.92225},"point_estimate":25920215.45,"standard_error":18207.214027178277},"median":{"confidence_interval":{"confidence_level":0.95,"lower_bound":25828817.0,"upper_bound":25945748.5},"point_estimate":25895157.75,"standard_error":29067.6512008581},"median_abs_dev":{"confidence_interval":{"confidence_level":0.95,"lower_bound":141139.06969428062,"upper_bound":236278.80728021244},"point_estimate":194726.90444290638,"standard_error":24620.193022866722},"slope":null,"std_dev":{"confidence_interval":{"confidence_level":0.95,"lower_bound":158515.1999395539,"upper_bound":205301.22313662988},"point_estimate":183184.49771435658,"standard_error":11931.738542032534}}