{"mean":{"confidence_interval":{"confidence_level":0.95,"lower_bound":16324883.4145625,"upper_bound":16820516.0534375},"point_estimate":16554291.7,"standard_error":126812.50542032647},"median":{"confidence_interval":{"confidence_level":0.95,"lower_bound":16054709.75,"upper_bound":16405407.25},"point_estimate":16187398.375,"standard_error":85761.12795864449},"median_abs_dev":{"confidence_interval":{"confidence_level":0.95,"lower_bound":439347.7458000183,"upper_bound":796372.4601365626},"point_estimate":608686.978943646,"standard_error":88206.84227144091},"slope":null,"std_dev":{"confidence_interval":{"confidence_level":0.95,"lower_bound":813847.24361749,"upper_bound":1750948.9354968518},"point_estimate":1271197.2445501927,"standard_error":254954.0282612201}}