{"mean":{"confidence_interval":{"confidence_level":0.95,"lower_bound":14012573.9593125,"upper_bound":14299015.020437501},"point_estimate":14153310.4925,"standard_error":72990.72733595263},"median":{"confidence_interval":{"confidence_level":0.95,"lower_bound":13951361.625,"upper_bound":14178120.0},"point_estimate":14063287.5,"standard_error":60146.97114664426},"median_abs_dev":{"confidence_interval":{"confidence_level":0.95,"lower_bound":468125.75258910656,"upper_bound":800016.6908718646},"point_estimate":592553.5113550723,"standard_error":84531.74930597785},"slope":null,"std_dev":{"confidence_interval":{"confidence_level":0.95,"lower_bound":607061.125338815,"upper_bound":847824.7223015134},"point_estimate":734349.1865841651,"standard_error":61475.145653917854}}