{"mean":{"confidence_interval":{"confidence_level":0.95,"lower_bound":29325669.0915,"upper_bound":29715560.173375},"point_estimate":29520019.62,"standard_error":99528.83485232916},"median":{"confidence_interval":{"confidence_level":0.95,"lower_bound":29306729.5,"upper_bound":29827782.5},"point_estimate":29501080.5,"standard_error":132938.86921824844},"median_abs_dev":{"confidence_interval":{"confidence_level":0.95,"lower_bound":805056.6041573882,"upper_bound":1273896.9514013077},"point_estimate":1090348.1279924512,"standard_error":122837.59940741217},"slope":null,"std_dev":{"confidence_interval":{"confidence_level":0.95,"lower_bound":840187.7011356823,"upper_bound":1168201.0091020828},"point_estimate":1002463.874035616,"standard_error":84442.44403946142}}