{"mean":{"confidence_interval":{"confidence_level":0.95,"lower_bound":28609122.573,"upper_bound":29183787.389875},"point_estimate":28892923.15,"standard_error":146666.0503224389},"median":{"confidence_interval":{"confidence_level":0.95,"lower_bound":28605965.0,"upper_bound":29191470.25},"point_estimate":28924341.0,"standard_error":159601.79323068328},"median_abs_dev":{"confidence_interval":{"confidence_level":0.95,"lower_bound":1158337.9388853908,"upper_bound":1741462.6703828573},"point_estimate":1444359.6432074904,"standard_error":140120.56032012132},"slope":null,"std_dev":{"confidence_interval":{"confidence_level":0.95,"lower_bound":1223745.3450426892,"upper_bound":1731627.5151460934},"point_estimate":1477522.1852039266,"standard_error":130236.53386707317}}