{"mean":{"confidence_interval":{"confidence_level":0.95,"lower_bound":33006660.220875,"upper_bound":33191744.31425},"point_estimate":33098961.33,"standard_error":47374.2148641737},"median":{"confidence_interval":{"confidence_level":0.95,"lower_bound":33065449.0,"upper_bound":33234014.0},"point_estimate":33176439.0,"standard_error":40195.876774908764},"median_abs_dev":{"confidence_interval":{"confidence_level":0.95,"lower_bound":312930.8938443661,"upper_bound":614223.3778953552},"point_estimate":430059.9982649088,"standard_error":77026.49462547884},"slope":null,"std_dev":{"confidence_interval":{"confidence_level":0.95,"lower_bound":402654.8925206025,"upper_bound":544588.4519680726},"point_estimate":475492.8117222609,"standard_error":36140.46392574122}}