{"mean":{"confidence_interval":{"confidence_level":0.95,"lower_bound":13117131.6396875,"upper_bound":13198966.4719375},"point_estimate":13157613.6775,"standard_error":20940.916543066123},"median":{"confidence_interval":{"confidence_level":0.95,"lower_bound":13063406.25,"upper_bound":13186681.875},"point_estimate":13105543.875,"standard_error":26569.615985954504},"median_abs_dev":{"confidence_interval":{"confidence_level":0.95,"lower_bound":159602.81379148364,"upper_bound":263404.0857486427},"point_estimate":217405.86559027433,"standard_error":26476.001016733084},"slope":null,"std_dev":{"confidence_interval":{"confidence_level":0.95,"lower_bound":183440.3100694798,"upper_bound":234027.0156744237},"point_estimate":210625.0772801833,"standard_error":12819.075639806386}}