{"mean":{"confidence_interval":{"confidence_level":0.95,"lower_bound":25336160.643,"upper_bound":25387194.735},"point_estimate":25361348.205,"standard_error":13097.475806376415},"median":{"confidence_interval":{"confidence_level":0.95,"lower_bound":25327571.0,"upper_bound":25373322.0},"point_estimate":25350346.5,"standard_error":12122.422037127944},"median_abs_dev":{"confidence_interval":{"confidence_level":0.95,"lower_bound":79913.62118124962,"upper_bound":153082.1537822485},"point_estimate":120722.92675673962,"standard_error":17730.43637506889},"slope":null,"std_dev":{"confidence_interval":{"confidence_level":0.95,"lower_bound":111084.80906797128,"upper_bound":149454.534339107},"point_estimate":131357.4885536285,"standard_error":9763.686563779775}}