{"mean":{"confidence_interval":{"confidence_level":0.95,"lower_bound":25913701.628,"upper_bound":26424720.93475},"point_estimate":26159016.81,"standard_error":130260.83588911804},"median":{"confidence_interval":{"confidence_level":0.95,"lower_bound":25602658.75,"upper_bound":26158591.75},"point_estimate":25838837.25,"standard_error":159349.10749651532},"median_abs_dev":{"confidence_interval":{"confidence_level":0.95,"lower_bound":715880.2728480848,"upper_bound":1416680.9842988849},"point_estimate":1055848.0266049504,"standard_error":181902.174592716},"slope":null,"std_dev":{"confidence_interval":{"confidence_level":0.95,"lower_bound":989009.7618489602,"upper_bound":1691143.2406559216},"point_estimate":1309131.6883673964,"standard_error":192249.22041677235}}