{"mean":{"confidence_interval":{"confidence_level":0.95,"lower_bound":16304664.053749999,"upper_bound":16580577.602187501},"point_estimate":16433924.455,"standard_error":70524.70667494531},"median":{"confidence_interval":{"confidence_level":0.95,"lower_bound":16178402.75,"upper_bound":16321497.0},"point_estimate":16252954.0,"standard_error":32852.58639078712},"median_abs_dev":{"confidence_interval":{"confidence_level":0.95,"lower_bound":274340.2991294861,"upper_bound":585285.4356341064},"point_estimate":436036.7294088006,"standard_error":87152.21746182263},"slope":null,"std_dev":{"confidence_interval":{"confidence_level":0.95,"lower_bound":480855.23210657574,"upper_bound":928756.9943215016},"point_estimate":712360.0875660907,"standard_error":115408.597702517}}