{"mean":{"confidence_interval":{"confidence_level":0.95,"lower_bound":25936218.7365,"upper_bound":26820530.8135},"point_estimate":26374601.07,"standard_error":225479.672706532},"median":{"confidence_interval":{"confidence_level":0.95,"lower_bound":25373502.75,"upper_bound":27308568.0},"point_estimate":26563671.5,"standard_error":502438.55139424483},"median_abs_dev":{"confidence_interval":{"confidence_level":0.95,"lower_bound":2167179.3920248747,"upper_bound":3100846.7161827153},"point_estimate":2635938.5854527354,"standard_error":239668.1965694779},"slope":null,"std_dev":{"confidence_interval":{"confidence_level":0.95,"lower_bound":2000435.0530067137,"upper_bound":2520623.385461072},"point_estimate":2271918.4012886845,"standard_error":132700.44708579875}}