{"mean":{"confidence_interval":{"confidence_level":0.95,"lower_bound":18566570.520250004,"upper_bound":39691699.50649999},"point_estimate":28291428.860000003,"standard_error":5418610.613123401},"median":{"confidence_interval":{"confidence_level":0.95,"lower_bound":11780658.666666666,"upper_bound":12668550.5},"point_estimate":12053986.166666668,"standard_error":243033.1896080052},"median_abs_dev":{"confidence_interval":{"confidence_level":0.95,"lower_bound":622925.9926408511,"upper_bound":3081963.8379842048},"point_estimate":1377045.527252555,"standard_error":651346.9599743346},"slope":null,"std_dev":{"confidence_interval":{"confidence_level":0.95,"lower_bound":32650741.287762176,"upper_bound":70846978.74685013},"point_estimate":54490255.50996675,"standard_error":9801667.439150834}}