{"mean":{"confidence_interval":{"confidence_level":0.95,"lower_bound":23225578.27075001,"upper_bound":23782600.80016667},"point_estimate":23497074.65000001,"standard_error":142107.67269120418},"median":{"confidence_interval":{"confidence_level":0.95,"lower_bound":22623201.333333336,"upper_bound":22799970.0},"point_estimate":22707019.0,"standard_error":85270.58038878528},"median_abs_dev":{"confidence_interval":{"confidence_level":0.95,"lower_bound":400082.81519711204,"upper_bound":1019615.3835982103},"point_estimate":717855.8805555096,"standard_error":171041.47282400102},"slope":null,"std_dev":{"confidence_interval":{"confidence_level":0.95,"lower_bound":1248037.2865233112,"upper_bound":1621215.18177068},"point_estimate":1427461.7706242348,"standard_error":97072.88058618222}}