{"mean":{"confidence_interval":{"confidence_level":0.95,"lower_bound":34233178.330625,"upper_bound":35045029.39775},"point_estimate":34631447.7,"standard_error":206122.5091823458},"median":{"confidence_interval":{"confidence_level":0.95,"lower_bound":33869720.5,"upper_bound":34899584.5},"point_estimate":34367794.25,"standard_error":296569.1394513315},"median_abs_dev":{"confidence_interval":{"confidence_level":0.95,"lower_bound":1501809.2802375555,"upper_bound":2521032.2690427303},"point_estimate":1977248.6984968185,"standard_error":276978.3424001819},"slope":null,"std_dev":{"confidence_interval":{"confidence_level":0.95,"lower_bound":1719074.028718326,"upper_bound":2440094.61639834},"point_estimate":2073285.9647216378,"standard_error":185489.47100441993}}