{"mean":{"confidence_interval":{"confidence_level":0.95,"lower_bound":15868842.4131875,"upper_bound":16052971.41225},"point_estimate":15954495.525,"standard_error":47029.85017396684},"median":{"confidence_interval":{"confidence_level":0.95,"lower_bound":15786348.75,"upper_bound":15971195.625},"point_estimate":15848439.375,"standard_error":54582.659501014314},"median_abs_dev":{"confidence_interval":{"confidence_level":0.95,"lower_bound":250572.55362644792,"upper_bound":427140.75891673565},"point_estimate":310935.8702547848,"standard_error":45990.966490462284},"slope":null,"std_dev":{"confidence_interval":{"confidence_level":0.95,"lower_bound":315155.21093615063,"upper_bound":645395.172199435},"point_estimate":470213.8719042351,"standard_error":92143.69759215857}}