{"mean":{"confidence_interval":{"confidence_level":0.95,"lower_bound":25824932.418125,"upper_bound":25993537.2155},"point_estimate":25905193.585,"standard_error":42990.18884541528},"median":{"confidence_interval":{"confidence_level":0.95,"lower_bound":25699724.0,"upper_bound":25778425.0},"point_estimate":25744624.75,"standard_error":22197.84898995138},"median_abs_dev":{"confidence_interval":{"confidence_level":0.95,"lower_bound":121982.766084373,"upper_bound":249932.25576281548},"point_estimate":184956.57061636448,"standard_error":32776.92764904902},"slope":null,"std_dev":{"confidence_interval":{"confidence_level":0.95,"lower_bound":320614.15497844067,"upper_bound":536136.9109921381},"point_estimate":432647.65710282774,"standard_error":55179.472948248665}}