{"mean":{"confidence_interval":{"confidence_level":0.95,"lower_bound":22108558.807583347,"upper_bound":40631850.81666666},"point_estimate":30623310.333333325,"standard_error":4754542.3097499665},"median":{"confidence_interval":{"confidence_level":0.95,"lower_bound":14265696.0,"upper_bound":15981448.833333332},"point_estimate":14770451.5,"standard_error":565425.0771097336},"median_abs_dev":{"confidence_interval":{"confidence_level":0.95,"lower_bound":1193126.659245266,"upper_bound":3884296.1646899506},"point_estimate":1967061.5069776783,"standard_error":792989.0124639841},"slope":null,"std_dev":{"confidence_interval":{"confidence_level":0.95,"lower_bound":28882680.948754452,"upper_bound":62109029.07173581},"point_estimate":47784341.654334694,"standard_error":8447852.647134924}}