{"mean":{"confidence_interval":{"confidence_level":0.95,"lower_bound":31150825.245625,"upper_bound":31525137.53025},"point_estimate":31323110.795,"standard_error":95637.42485072234},"median":{"confidence_interval":{"confidence_level":0.95,"lower_bound":31094675.25,"upper_bound":31314239.5},"point_estimate":31188555.75,"standard_error":50218.883519916126},"median_abs_dev":{"confidence_interval":{"confidence_level":0.95,"lower_bound":406259.07958745956,"upper_bound":762810.2885574102},"point_estimate":625771.3490903378,"standard_error":90511.54888752324},"slope":null,"std_dev":{"confidence_interval":{"confidence_level":0.95,"lower_bound":594891.6023895241,"upper_bound":1355042.4362775756},"point_estimate":958681.3002854603,"standard_error":212214.07013015274}}