{"mean":{"confidence_interval":{"confidence_level":0.95,"lower_bound":26747640.092,"upper_bound":26828443.25775},"point_estimate":26788050.835,"standard_error":20518.875101186324},"median":{"confidence_interval":{"confidence_level":0.95,"lower_bound":26736620.0,"upper_bound":26837821.5},"point_estimate":26780388.0,"standard_error":27045.39025490802},"median_abs_dev":{"confidence_interval":{"confidence_level":0.95,"lower_bound":138662.75708824396,"upper_bound":220255.793389678},"point_estimate":173510.52816957235,"standard_error":21017.34370658758},"slope":null,"std_dev":{"confidence_interval":{"confidence_level":0.95,"lower_bound":175055.28422268044,"upper_bound":233903.4557468009},"point_estimate":206219.13248566847,"standard_error":14982.837253185531}}