{"mean":{"confidence_interval":{"confidence_level":0.95,"lower_bound":31849746.253250003,"upper_bound":32471478.573},"point_estimate":32149735.035,"standard_error":159225.48515236104},"median":{"confidence_interval":{"confidence_level":0.95,"lower_bound":31361307.0,"upper_bound":32001539.25},"point_estimate":31532369.75,"standard_error":165205.54815231333},"median_abs_dev":{"confidence_interval":{"confidence_level":0.95,"lower_bound":811406.950494647,"upper_bound":1536748.972517252},"point_estimate":1076462.0966389775,"standard_error":191119.08877318425},"slope":null,"std_dev":{"confidence_interval":{"confidence_level":0.95,"lower_bound":1269706.0574003702,"upper_bound":1880208.853231893},"point_estimate":1593540.053768651,"standard_error":156349.95203925588}}