{"mean":{"confidence_interval":{"confidence_level":0.95,"lower_bound":24645680.866666682,"upper_bound":42428687.586666666},"point_estimate":32848867.933333326,"standard_error":4566246.492285247},"median":{"confidence_interval":{"confidence_level":0.95,"lower_bound":16059776.666666666,"upper_bound":20949739.30833293},"point_estimate":17035889.5,"standard_error":1235449.1825778289},"median_abs_dev":{"confidence_interval":{"confidence_level":0.95,"lower_bound":1553482.8313201675,"upper_bound":7373853.298687935},"point_estimate":3092032.4215054507,"standard_error":1564080.2605216128},"slope":null,"std_dev":{"confidence_interval":{"confidence_level":0.95,"lower_bound":28420195.47793292,"upper_bound":59044811.23464623},"point_estimate":45821507.472337514,"standard_error":7843635.2368907165}}