{"mean":{"confidence_interval":{"confidence_level":0.95,"lower_bound":22542897.50466667,"upper_bound":22892611.136166673},"point_estimate":22707473.409999996,"standard_error":89824.81422043081},"median":{"confidence_interval":{"confidence_level":0.95,"lower_bound":22352971.666666668,"upper_bound":22685273.333333332},"point_estimate":22556755.833333336,"standard_error":94957.732294934},"median_abs_dev":{"confidence_interval":{"confidence_level":0.95,"lower_bound":429659.4491720181,"upper_bound":887586.890742179},"point_estimate":627315.4769629295,"standard_error":122776.49224172579},"slope":null,"std_dev":{"confidence_interval":{"confidence_level":0.95,"lower_bound":623900.7442472054,"upper_bound":1223543.6172713414},"point_estimate":903945.3870737187,"standard_error":168915.65277032842}}