{"mean":{"confidence_interval":{"confidence_level":0.95,"lower_bound":23811869.82550001,"upper_bound":24261533.673416667},"point_estimate":24025142.249999996,"standard_error":115041.22621162441},"median":{"confidence_interval":{"confidence_level":0.95,"lower_bound":23527727.0,"upper_bound":23640628.666666668},"point_estimate":23562527.5,"standard_error":30158.39638498798},"median_abs_dev":{"confidence_interval":{"confidence_level":0.95,"lower_bound":157528.22400331314,"upper_bound":290345.9542453335},"point_estimate":192221.557587387,"standard_error":32731.312711264},"slope":null,"std_dev":{"confidence_interval":{"confidence_level":0.95,"lower_bound":876512.7803198263,"upper_bound":1377011.7432636668},"point_estimate":1154796.567087602,"standard_error":127365.66648394516}}