{"mean":{"confidence_interval":{"confidence_level":0.95,"lower_bound":25085934.02,"upper_bound":25598133.94425},"point_estimate":25340904.83,"standard_error":131229.51776037578},"median":{"confidence_interval":{"confidence_level":0.95,"lower_bound":24982341.5,"upper_bound":25793310.5},"point_estimate":25395651.25,"standard_error":194748.69530840384},"median_abs_dev":{"confidence_interval":{"confidence_level":0.95,"lower_bound":1015809.3023657799,"upper_bound":1687027.5297492743},"point_estimate":1391676.565092802,"standard_error":172662.1270704624},"slope":null,"std_dev":{"confidence_interval":{"confidence_level":0.95,"lower_bound":1149557.0864819447,"upper_bound":1471933.2364284866},"point_estimate":1321529.1423706554,"standard_error":82633.80397910283}}