{"mean":{"confidence_interval":{"confidence_level":0.95,"lower_bound":17478534.48975002,"upper_bound":41923254.767},"point_estimate":28050164.005,"standard_error":6279347.539702108},"median":{"confidence_interval":{"confidence_level":0.95,"lower_bound":13212980.5,"upper_bound":13810027.5},"point_estimate":13411704.75,"standard_error":160756.38608239195},"median_abs_dev":{"confidence_interval":{"confidence_level":0.95,"lower_bound":682585.3213816881,"upper_bound":1504609.3648790938},"point_estimate":892928.0806973577,"standard_error":216817.5989237563},"slope":null,"std_dev":{"confidence_interval":{"confidence_level":0.95,"lower_bound":16954027.52701209,"upper_bound":93388448.0902887},"point_estimate":62762676.687936485,"standard_error":18866244.269996595}}