{"mean":{"confidence_interval":{"confidence_level":0.95,"lower_bound":29787020.414499998,"upper_bound":30203124.82125},"point_estimate":29985921.14,"standard_error":106490.41451332966},"median":{"confidence_interval":{"confidence_level":0.95,"lower_bound":29598724.5,"upper_bound":29954036.0},"point_estimate":29753179.5,"standard_error":86247.79991777253},"median_abs_dev":{"confidence_interval":{"confidence_level":0.95,"lower_bound":614188.1661459804,"upper_bound":1119513.0099784206},"point_estimate":903526.446609199,"standard_error":127611.14052370604},"slope":null,"std_dev":{"confidence_interval":{"confidence_level":0.95,"lower_bound":779980.2656286397,"upper_bound":1343241.4473582085},"point_estimate":1065359.3771962302,"standard_error":146321.69785043757}}