{"mean":{"confidence_interval":{"confidence_level":0.95,"lower_bound":23086326.264833327,"upper_bound":23671004.001583338},"point_estimate":23361966.15666667,"standard_error":149231.13646551574},"median":{"confidence_interval":{"confidence_level":0.95,"lower_bound":22671274.666666664,"upper_bound":23313360.5},"point_estimate":22830326.833333336,"standard_error":170186.22283515878},"median_abs_dev":{"confidence_interval":{"confidence_level":0.95,"lower_bound":712488.3744508009,"upper_bound":1238600.3417104483},"point_estimate":955132.9100430021,"standard_error":129091.51164488312},"slope":null,"std_dev":{"confidence_interval":{"confidence_level":0.95,"lower_bound":1036661.4616481666,"upper_bound":1909434.1033570098},"point_estimate":1493932.4809309805,"standard_error":223848.95432887613}}