{"mean":{"confidence_interval":{"confidence_level":0.95,"lower_bound":31777345.163875002,"upper_bound":32409695.7365},"point_estimate":32076964.125,"standard_error":162142.3959640359},"median":{"confidence_interval":{"confidence_level":0.95,"lower_bound":31397899.5,"upper_bound":31940485.5},"point_estimate":31640216.0,"standard_error":145584.6135950558},"median_abs_dev":{"confidence_interval":{"confidence_level":0.95,"lower_bound":752432.830041647,"upper_bound":1268745.6763252616},"point_estimate":984067.2075793147,"standard_error":132958.1374833669},"slope":null,"std_dev":{"confidence_interval":{"confidence_level":0.95,"lower_bound":1144360.1863803982,"upper_bound":2075770.7171517033},"point_estimate":1629019.3573600175,"standard_error":240365.30456656427}}