{"mean":{"confidence_interval":{"confidence_level":0.95,"lower_bound":13178635.6298125,"upper_bound":13217242.943125},"point_estimate":13197550.77,"standard_error":9857.33087224256},"median":{"confidence_interval":{"confidence_level":0.95,"lower_bound":13152477.0,"upper_bound":13198178.25},"point_estimate":13174477.5,"standard_error":12490.841861567496},"median_abs_dev":{"confidence_interval":{"confidence_level":0.95,"lower_bound":56913.49181458354,"upper_bound":108936.44229099154},"point_estimate":76503.82656678557,"standard_error":13051.276825836663},"slope":null,"std_dev":{"confidence_interval":{"confidence_level":0.95,"lower_bound":83938.60752446676,"upper_bound":112782.44536243782},"point_estimate":99489.88540630623,"standard_error":7379.865601189857}}