{"mean":{"confidence_interval":{"confidence_level":0.95,"lower_bound":27726191.933125,"upper_bound":28055229.788125},"point_estimate":27888323.7,"standard_error":84289.63574158262},"median":{"confidence_interval":{"confidence_level":0.95,"lower_bound":27607319.0,"upper_bound":28015647.0},"point_estimate":27863085.75,"standard_error":96870.81228197929},"median_abs_dev":{"confidence_interval":{"confidence_level":0.95,"lower_bound":646158.3311396467,"upper_bound":1011457.1301430464},"point_estimate":838241.6393682361,"standard_error":90502.84970852648},"slope":null,"std_dev":{"confidence_interval":{"confidence_level":0.95,"lower_bound":702776.7097496183,"upper_bound":979158.3842859007},"point_estimate":844961.0604250988,"standard_error":70770.72319227237}}