{"mean":{"confidence_interval":{"confidence_level":0.95,"lower_bound":134289.4435952652,"upper_bound":136975.9709316096},"point_estimate":135364.10845022133,"standard_error":704.8028990090166},"median":{"confidence_interval":{"confidence_level":0.95,"lower_bound":134275.38928797469,"upper_bound":135229.5653409091},"point_estimate":134752.76651945437,"standard_error":314.81515181218276},"median_abs_dev":{"confidence_interval":{"confidence_level":0.95,"lower_bound":1607.199928209532,"upper_bound":2904.4552022959147},"point_estimate":2257.183188899195,"standard_error":328.70008250867585},"slope":{"confidence_interval":{"confidence_level":0.95,"lower_bound":134292.8447751642,"upper_bound":136097.30218332823},"point_estimate":135051.5289906901,"standard_error":465.2428223921459},"std_dev":{"confidence_interval":{"confidence_level":0.95,"lower_bound":2414.9148250363464,"upper_bound":11491.277412600339},"point_estimate":7054.116430584954,"standard_error":2986.935876437619}}