{"mean":{"confidence_interval":{"confidence_level":0.95,"lower_bound":127573.52202380601,"upper_bound":132745.5355375096},"point_estimate":130026.39412966222,"standard_error":1316.7291862913405},"median":{"confidence_interval":{"confidence_level":0.95,"lower_bound":123281.18194444444,"upper_bound":129303.89991258743},"point_estimate":125822.95183780056,"standard_error":1645.5024599587937},"median_abs_dev":{"confidence_interval":{"confidence_level":0.95,"lower_bound":5813.076539654067,"upper_bound":10900.107086617361},"point_estimate":8035.251287044853,"standard_error":1329.8374323431137},"slope":{"confidence_interval":{"confidence_level":0.95,"lower_bound":127179.44315430184,"upper_bound":131059.34857552612},"point_estimate":129047.59999224177,"standard_error":988.4001630628717},"std_dev":{"confidence_interval":{"confidence_level":0.95,"lower_bound":9680.68075643549,"upper_bound":16470.97396755633},"point_estimate":13246.399454581311,"standard_error":1739.9311433275234}}