{"mean":{"confidence_interval":{"confidence_level":0.95,"lower_bound":199340.70321899746,"upper_bound":209622.26856696076},"point_estimate":204033.34207710886,"standard_error":2627.2605148182083},"median":{"confidence_interval":{"confidence_level":0.95,"lower_bound":195580.2446842105,"upper_bound":201193.8641509434},"point_estimate":198010.26679841895,"standard_error":1460.8321259192262},"median_abs_dev":{"confidence_interval":{"confidence_level":0.95,"lower_bound":9072.584110287744,"upper_bound":15694.435084902949},"point_estimate":11659.166746460282,"standard_error":1740.8031626487293},"slope":{"confidence_interval":{"confidence_level":0.95,"lower_bound":198748.42597629232,"upper_bound":203655.50448173704},"point_estimate":201232.8562920053,"standard_error":1258.271827526392},"std_dev":{"confidence_interval":{"confidence_level":0.95,"lower_bound":13578.710181997047,"upper_bound":36117.520748742405},"point_estimate":26326.737004350864,"standard_error":5578.657164766956}}