{"mean":{"confidence_interval":{"confidence_level":0.95,"lower_bound":193862.37964743836,"upper_bound":196770.62158066238},"point_estimate":195191.18072681729,"standard_error":744.417954035633},"median":{"confidence_interval":{"confidence_level":0.95,"lower_bound":193288.97137931036,"upper_bound":194473.22352941177},"point_estimate":193976.0860096154,"standard_error":339.29564268181565},"median_abs_dev":{"confidence_interval":{"confidence_level":0.95,"lower_bound":2054.6530947253823,"upper_bound":5129.981187651212},"point_estimate":3199.1839268261483,"standard_error":824.6812096749659},"slope":{"confidence_interval":{"confidence_level":0.95,"lower_bound":195568.16104633498,"upper_bound":197697.7777355273},"point_estimate":196655.76834284025,"standard_error":542.5315674618341},"std_dev":{"confidence_interval":{"confidence_level":0.95,"lower_bound":4456.396645670851,"upper_bound":10595.849170177276},"point_estimate":7480.36010574894,"standard_error":1660.1271171879669}}