{"mean":{"confidence_interval":{"confidence_level":0.95,"lower_bound":81320083.97,"upper_bound":83264090.389},"point_estimate":82276112.37,"standard_error":497175.1458594357},"median":{"confidence_interval":{"confidence_level":0.95,"lower_bound":80508955.5,"upper_bound":82544480.0},"point_estimate":81407545.5,"standard_error":470076.4992210977},"median_abs_dev":{"confidence_interval":{"confidence_level":0.95,"lower_bound":3677310.505914688,"upper_bound":6606223.818916082},"point_estimate":5113980.273708701,"standard_error":741014.944862589},"slope":null,"std_dev":{"confidence_interval":{"confidence_level":0.95,"lower_bound":4292627.977571267,"upper_bound":5691297.863800388},"point_estimate":5014430.953996404,"standard_error":355454.4248053181}}