{"mean":{"confidence_interval":{"confidence_level":0.95,"lower_bound":109101043.4685,"upper_bound":112337136.82},"point_estimate":110672730.64,"standard_error":825762.6680026879},"median":{"confidence_interval":{"confidence_level":0.95,"lower_bound":106672379.0,"upper_bound":111301944.0},"point_estimate":108237994.0,"standard_error":1294717.870924889},"median_abs_dev":{"confidence_interval":{"confidence_level":0.95,"lower_bound":5993377.12775879,"upper_bound":10398644.86938715},"point_estimate":7582418.04998517,"standard_error":1146579.97769971},"slope":null,"std_dev":{"confidence_interval":{"confidence_level":0.95,"lower_bound":6861565.024681148,"upper_bound":9758375.59907266},"point_estimate":8295337.126907646,"standard_error":748994.1035317271}}