{"mean":{"confidence_interval":{"confidence_level":0.95,"lower_bound":76608400.18824999,"upper_bound":77516996.2595},"point_estimate":77027714.07,"standard_error":232850.20807992647},"median":{"confidence_interval":{"confidence_level":0.95,"lower_bound":76172797.0,"upper_bound":76966410.0},"point_estimate":76483151.5,"standard_error":193513.25580438704},"median_abs_dev":{"confidence_interval":{"confidence_level":0.95,"lower_bound":956394.1084206104,"upper_bound":1451399.8433125007},"point_estimate":1200286.2518906593,"standard_error":127722.53236679839},"slope":null,"std_dev":{"confidence_interval":{"confidence_level":0.95,"lower_bound":1465543.0531809512,"upper_bound":3230449.0109427995},"point_estimate":2332753.1915862216,"standard_error":471928.54809513106}}