{"mean":{"confidence_interval":{"confidence_level":0.95,"lower_bound":19529.013010389972,"upper_bound":20137.756739975903},"point_estimate":19819.027226366106,"standard_error":155.67598355140555},"median":{"confidence_interval":{"confidence_level":0.95,"lower_bound":19126.678846153845,"upper_bound":19726.26048259494},"point_estimate":19441.03449915469,"standard_error":187.52632534839765},"median_abs_dev":{"confidence_interval":{"confidence_level":0.95,"lower_bound":805.4912967579468,"upper_bound":1523.6192472097077},"point_estimate":1055.3294652799534,"standard_error":196.74677778848496},"slope":{"confidence_interval":{"confidence_level":0.95,"lower_bound":18986.12463362143,"upper_bound":19293.243105504924},"point_estimate":19130.882959725364,"standard_error":78.25482719019249},"std_dev":{"confidence_interval":{"confidence_level":0.95,"lower_bound":1151.0420617640152,"upper_bound":1945.5339286832582},"point_estimate":1563.6148715781633,"standard_error":203.68479573662486}}