{"mean":{"confidence_interval":{"confidence_level":0.95,"lower_bound":96666.93327501541,"upper_bound":100582.57070055277},"point_estimate":98507.31830902178,"standard_error":995.1520967006704},"median":{"confidence_interval":{"confidence_level":0.95,"lower_bound":97123.91165123456,"upper_bound":99540.61578947368},"point_estimate":98439.56041666667,"standard_error":535.7587615282508},"median_abs_dev":{"confidence_interval":{"confidence_level":0.95,"lower_bound":3627.6621744019553,"upper_bound":6286.632630562092},"point_estimate":5213.479250737701,"standard_error":668.4729796680938},"slope":{"confidence_interval":{"confidence_level":0.95,"lower_bound":99080.09346480815,"upper_bound":101671.62938112764},"point_estimate":100403.07046608541,"standard_error":659.6053976977979},"std_dev":{"confidence_interval":{"confidence_level":0.95,"lower_bound":5560.592108767492,"upper_bound":14455.264780380152},"point_estimate":9979.931757449589,"standard_error":2383.026003508144}}