{"mean":{"confidence_interval":{"confidence_level":0.95,"lower_bound":152499.92639771884,"upper_bound":167544.52416564908},"point_estimate":158883.44742446137,"standard_error":3902.379557335337},"median":{"confidence_interval":{"confidence_level":0.95,"lower_bound":149247.09523809524,"upper_bound":152324.3591101695},"point_estimate":151324.10749576509,"standard_error":827.3463917401177},"median_abs_dev":{"confidence_interval":{"confidence_level":0.95,"lower_bound":4985.9989546626275,"upper_bound":9398.695738767528},"point_estimate":7355.033542235201,"standard_error":1150.87294732768},"slope":{"confidence_interval":{"confidence_level":0.95,"lower_bound":151746.98548840688,"upper_bound":171223.55915257058},"point_estimate":158720.56647005427,"standard_error":5458.045053740696},"std_dev":{"confidence_interval":{"confidence_level":0.95,"lower_bound":9725.122676437562,"upper_bound":59547.248795504325},"point_estimate":39036.227026349094,"standard_error":13211.292372303235}}