{"mean":{"confidence_interval":{"confidence_level":0.95,"lower_bound":21248454.454416674,"upper_bound":21902447.626666665},"point_estimate":21557291.20666667,"standard_error":167430.75541709963},"median":{"confidence_interval":{"confidence_level":0.95,"lower_bound":20968318.666666668,"upper_bound":21496342.166666668},"point_estimate":21175054.5,"standard_error":143075.6919590157},"median_abs_dev":{"confidence_interval":{"confidence_level":0.95,"lower_bound":744027.4765908709,"upper_bound":1256296.9020962734},"point_estimate":970892.9477632055,"standard_error":131893.32017966037},"slope":null,"std_dev":{"confidence_interval":{"confidence_level":0.95,"lower_bound":1192771.7791704917,"upper_bound":2104921.583896804},"point_estimate":1676563.5597256825,"standard_error":234585.09677364404}}