{"mean":{"confidence_interval":{"confidence_level":0.95,"lower_bound":18476615.302499995,"upper_bound":18909850.407583334},"point_estimate":18685193.78666666,"standard_error":110896.65801614917},"median":{"confidence_interval":{"confidence_level":0.95,"lower_bound":18324053.0,"upper_bound":18713455.166666664},"point_estimate":18479120.5,"standard_error":91158.42524981317},"median_abs_dev":{"confidence_interval":{"confidence_level":0.95,"lower_bound":549133.84142593,"upper_bound":901919.9259877196},"point_estimate":736212.9392296085,"standard_error":90656.6938758853},"slope":null,"std_dev":{"confidence_interval":{"confidence_level":0.95,"lower_bound":832082.188295726,"upper_bound":1367191.3643778183},"point_estimate":1114195.3418241397,"standard_error":137351.7503440985}}