{"mean":{"confidence_interval":{"confidence_level":0.95,"lower_bound":95013427.38475,"upper_bound":96943391.58325},"point_estimate":95978309.03,"standard_error":491760.81772630883},"median":{"confidence_interval":{"confidence_level":0.95,"lower_bound":95309318.0,"upper_bound":97716782.0},"point_estimate":96686339.0,"standard_error":719391.4861288231},"median_abs_dev":{"confidence_interval":{"confidence_level":0.95,"lower_bound":3125794.4352060556,"upper_bound":5448865.5079633},"point_estimate":3886765.5584961176,"standard_error":627136.6933044097},"slope":null,"std_dev":{"confidence_interval":{"confidence_level":0.95,"lower_bound":4074277.089534447,"upper_bound":5828978.449850454},"point_estimate":4950330.964587928,"standard_error":450205.0031259818}}