{"mean":{"confidence_interval":{"confidence_level":0.95,"lower_bound":80692157.79075,"upper_bound":81657064.67050001},"point_estimate":81169470.57,"standard_error":246092.62909834622},"median":{"confidence_interval":{"confidence_level":0.95,"lower_bound":80239974.0,"upper_bound":81725401.0},"point_estimate":81017288.5,"standard_error":414731.7032184874},"median_abs_dev":{"confidence_interval":{"confidence_level":0.95,"lower_bound":2004437.3581141233,"upper_bound":3284204.2378637115},"point_estimate":2815509.241014719,"standard_error":341316.5170033239},"slope":null,"std_dev":{"confidence_interval":{"confidence_level":0.95,"lower_bound":2143281.3261050256,"upper_bound":2779508.109447623},"point_estimate":2469118.213648,"standard_error":162480.05928243676}}