{"mean":{"confidence_interval":{"confidence_level":0.95,"lower_bound":96701771.97025,"upper_bound":98491704.58825},"point_estimate":97602885.28,"standard_error":457109.71834369283},"median":{"confidence_interval":{"confidence_level":0.95,"lower_bound":97037992.0,"upper_bound":99430768.0},"point_estimate":98145547.5,"standard_error":564576.6013214595},"median_abs_dev":{"confidence_interval":{"confidence_level":0.95,"lower_bound":3454820.990339673,"upper_bound":5578203.823167086},"point_estimate":4897622.976949811,"standard_error":534227.8815420377},"slope":null,"std_dev":{"confidence_interval":{"confidence_level":0.95,"lower_bound":3971317.2511477475,"upper_bound":5117658.943181638},"point_estimate":4584765.641974027,"standard_error":291267.4451219131}}