{"mean":{"confidence_interval":{"confidence_level":0.95,"lower_bound":101034988.39475,"upper_bound":102446007.39375},"point_estimate":101711390.75,"standard_error":360088.02959134924},"median":{"confidence_interval":{"confidence_level":0.95,"lower_bound":100351895.0,"upper_bound":101527901.5},"point_estimate":101029198.5,"standard_error":286770.48901926156},"median_abs_dev":{"confidence_interval":{"confidence_level":0.95,"lower_bound":1947990.0698612635,"upper_bound":3883320.385339781},"point_estimate":2750088.7758761644,"standard_error":480221.97298842797},"slope":null,"std_dev":{"confidence_interval":{"confidence_level":0.95,"lower_bound":2821632.0741479923,"upper_bound":4375716.934474292},"point_estimate":3612668.8240010617,"standard_error":399418.2417682021}}