{"mean":{"confidence_interval":{"confidence_level":0.95,"lower_bound":96252788.38075,"upper_bound":97112865.01775},"point_estimate":96663021.14,"standard_error":218862.2541249232},"median":{"confidence_interval":{"confidence_level":0.95,"lower_bound":95874174.0,"upper_bound":96695425.0},"point_estimate":96287324.5,"standard_error":187723.75987045548},"median_abs_dev":{"confidence_interval":{"confidence_level":0.95,"lower_bound":1142343.2797193527,"upper_bound":2125979.0507063265},"point_estimate":1554508.296301961,"standard_error":261543.54269582857},"slope":null,"std_dev":{"confidence_interval":{"confidence_level":0.95,"lower_bound":1674687.3785754011,"upper_bound":2689265.232273767},"point_estimate":2199654.419679931,"standard_error":260189.50479377338}}