{"mean":{"confidence_interval":{"confidence_level":0.95,"lower_bound":92271273.47174999,"upper_bound":93889826.175},"point_estimate":93041221.69,"standard_error":411441.5965289001},"median":{"confidence_interval":{"confidence_level":0.95,"lower_bound":91604997.5,"upper_bound":92695847.5},"point_estimate":92291643.0,"standard_error":252399.20007186994},"median_abs_dev":{"confidence_interval":{"confidence_level":0.95,"lower_bound":1848864.4363760948,"upper_bound":3580064.382948652},"point_estimate":2563038.032796979,"standard_error":439002.3159566045},"slope":null,"std_dev":{"confidence_interval":{"confidence_level":0.95,"lower_bound":2931660.0454275943,"upper_bound":5264779.230381342},"point_estimate":4139766.249188233,"standard_error":599089.2228665074}}