{"mean":{"confidence_interval":{"confidence_level":0.95,"lower_bound":337846.47845089954,"upper_bound":353889.1144550624},"point_estimate":345202.0989940219,"standard_error":4111.806651145363},"median":{"confidence_interval":{"confidence_level":0.95,"lower_bound":329013.66778149386,"upper_bound":338003.8299319728},"point_estimate":331848.7683760684,"standard_error":2167.1432712681603},"median_abs_dev":{"confidence_interval":{"confidence_level":0.95,"lower_bound":10648.812257753894,"upper_bound":19864.224189547916},"point_estimate":13535.422249305291,"standard_error":2336.300594899224},"slope":{"confidence_interval":{"confidence_level":0.95,"lower_bound":331235.89270778943,"upper_bound":336801.54599332984},"point_estimate":333861.81310280284,"standard_error":1417.8898525149389},"std_dev":{"confidence_interval":{"confidence_level":0.95,"lower_bound":24268.629806518624,"upper_bound":56503.903157259934},"point_estimate":41379.81070536722,"standard_error":8284.299255123991}}