{"mean":{"confidence_interval":{"confidence_level":0.95,"lower_bound":828619.554379267,"upper_bound":879682.4426938987},"point_estimate":853714.2869654335,"standard_error":13008.814483959002},"median":{"confidence_interval":{"confidence_level":0.95,"lower_bound":832134.5569620254,"upper_bound":878762.348076923},"point_estimate":860830.7863515177,"standard_error":12760.041711165783},"median_abs_dev":{"confidence_interval":{"confidence_level":0.95,"lower_bound":77995.86065708204,"upper_bound":127084.81029485888},"point_estimate":108459.2452504635,"standard_error":12296.697115843588},"slope":{"confidence_interval":{"confidence_level":0.95,"lower_bound":857852.083885536,"upper_bound":896373.9244021893},"point_estimate":877231.914483523,"standard_error":9811.656712037091},"std_dev":{"confidence_interval":{"confidence_level":0.95,"lower_bound":102649.58709218133,"upper_bound":157877.53638500013},"point_estimate":130720.55844888947,"standard_error":14179.813368584884}}