{"mean":{"confidence_interval":{"confidence_level":0.95,"lower_bound":434492.7597185713,"upper_bound":480295.60499182896},"point_estimate":452805.1182449348,"standard_error":12039.579289620626},"median":{"confidence_interval":{"confidence_level":0.95,"lower_bound":428517.5833333333,"upper_bound":446629.676056338},"point_estimate":441385.71187739464,"standard_error":4861.062267271501},"median_abs_dev":{"confidence_interval":{"confidence_level":0.95,"lower_bound":24921.86480906364,"upper_bound":43328.1075464811},"point_estimate":30202.77761991885,"standard_error":4979.107621053379},"slope":{"confidence_interval":{"confidence_level":0.95,"lower_bound":432039.45349080215,"upper_bound":449032.58664771955},"point_estimate":440005.803118073,"standard_error":4341.399911173694},"std_dev":{"confidence_interval":{"confidence_level":0.95,"lower_bound":40002.36407876138,"upper_bound":196537.11273625563},"point_estimate":120895.53691536929,"standard_error":50876.54496954985}}