{"mean":{"confidence_interval":{"confidence_level":0.95,"lower_bound":688386.1128710966,"upper_bound":950386.7279373042},"point_estimate":786954.8204874704,"standard_error":70269.11077386308},"median":{"confidence_interval":{"confidence_level":0.95,"lower_bound":678374.9918269231,"upper_bound":697965.1790151515},"point_estimate":686756.1166666667,"standard_error":5509.992232216866},"median_abs_dev":{"confidence_interval":{"confidence_level":0.95,"lower_bound":37568.06007160936,"upper_bound":75224.01924067967},"point_estimate":57613.32819624791,"standard_error":9684.120934324576},"slope":{"confidence_interval":{"confidence_level":0.95,"lower_bound":684219.9348151345,"upper_bound":793380.6023006093},"point_estimate":725073.0749150288,"standard_error":28765.700670056834},"std_dev":{"confidence_interval":{"confidence_level":0.95,"lower_bound":67604.51792214256,"upper_bound":1178179.1602397908},"point_estimate":708352.9841175389,"standard_error":332829.75023689726}}