{"mean":{"confidence_interval":{"confidence_level":0.95,"lower_bound":414905.2767666649,"upper_bound":433742.55672814196},"point_estimate":423751.98124275455,"standard_error":4807.732498522875},"median":{"confidence_interval":{"confidence_level":0.95,"lower_bound":405680.40873015876,"upper_bound":426101.5361111111},"point_estimate":415591.3554778555,"standard_error":5966.308175877616},"median_abs_dev":{"confidence_interval":{"confidence_level":0.95,"lower_bound":26323.296504380192,"upper_bound":45962.51906771007},"point_estimate":35156.18541085293,"standard_error":5116.713593343787},"slope":{"confidence_interval":{"confidence_level":0.95,"lower_bound":420646.15200561413,"upper_bound":438968.1868658866},"point_estimate":429811.5739766514,"standard_error":4695.056703255387},"std_dev":{"confidence_interval":{"confidence_level":0.95,"lower_bound":33244.236884267906,"upper_bound":66261.4914704674},"point_estimate":48328.17993873367,"standard_error":9704.007311790103}}