{"mean":{"confidence_interval":{"confidence_level":0.95,"lower_bound":431912.869609125,"upper_bound":450814.0731102258},"point_estimate":441021.9287700871,"standard_error":4832.672246299849},"median":{"confidence_interval":{"confidence_level":0.95,"lower_bound":428591.9797979798,"upper_bound":440653.7069958848},"point_estimate":434728.6044685991,"standard_error":2949.6389417633522},"median_abs_dev":{"confidence_interval":{"confidence_level":0.95,"lower_bound":24163.64452475763,"upper_bound":41975.00501188282},"point_estimate":33302.12909601601,"standard_error":4526.6736353691895},"slope":{"confidence_interval":{"confidence_level":0.95,"lower_bound":430736.3301340881,"upper_bound":448380.5682709322},"point_estimate":439244.7312250628,"standard_error":4519.55575294245},"std_dev":{"confidence_interval":{"confidence_level":0.95,"lower_bound":36153.154276612244,"upper_bound":62130.87538081881},"point_estimate":48694.004305042115,"standard_error":6834.290635896981}}