{"mean":{"confidence_interval":{"confidence_level":0.95,"lower_bound":5353023.2242777785,"upper_bound":5667846.946194443},"point_estimate":5508368.723333335,"standard_error":80451.42530401824},"median":{"confidence_interval":{"confidence_level":0.95,"lower_bound":4931611.055555556,"upper_bound":5771639.111111112},"point_estimate":5214903.722222222,"standard_error":251989.7011210061},"median_abs_dev":{"confidence_interval":{"confidence_level":0.95,"lower_bound":504865.07413685275,"upper_bound":1217626.2469828133},"point_estimate":895601.3319998982,"standard_error":208128.74120688776},"slope":null,"std_dev":{"confidence_interval":{"confidence_level":0.95,"lower_bound":737696.302453207,"upper_bound":866526.3696234211},"point_estimate":808292.1611771019,"standard_error":32791.957566100704}}