{"mean":{"confidence_interval":{"confidence_level":0.95,"lower_bound":5078150.3686500015,"upper_bound":5438978.840325001},"point_estimate":5257498.7080000015,"standard_error":91773.47645771771},"median":{"confidence_interval":{"confidence_level":0.95,"lower_bound":4840832.6,"upper_bound":5711946.1},"point_estimate":5123616.4,"standard_error":195773.6645666195},"median_abs_dev":{"confidence_interval":{"confidence_level":0.95,"lower_bound":943233.844966002,"upper_bound":1441716.6122344134},"point_estimate":1318564.890200794,"standard_error":119550.93903769915},"slope":null,"std_dev":{"confidence_interval":{"confidence_level":0.95,"lower_bound":829777.7087403665,"upper_bound":1011231.7784896431},"point_estimate":923048.5207740432,"standard_error":46140.80120065381}}