{"mean":{"confidence_interval":{"confidence_level":0.95,"lower_bound":5504236.275527776,"upper_bound":5764153.487388887},"point_estimate":5632873.128888887,"standard_error":66453.63183634462},"median":{"confidence_interval":{"confidence_level":0.95,"lower_bound":5339146.222222222,"upper_bound":5871555.222222222},"point_estimate":5553383.222222222,"standard_error":150892.7729900636},"median_abs_dev":{"confidence_interval":{"confidence_level":0.95,"lower_bound":668986.8320564423,"upper_bound":990733.4300776329},"point_estimate":894242.3643906908,"standard_error":85669.63787588962},"slope":null,"std_dev":{"confidence_interval":{"confidence_level":0.95,"lower_bound":594769.9030062683,"upper_bound":733177.0659439103},"point_estimate":666961.1088581904,"standard_error":35357.812902672005}}