{"mean":{"confidence_interval":{"confidence_level":0.95,"lower_bound":5999859.769083329,"upper_bound":6192925.631249996},"point_estimate":6094901.416666668,"standard_error":49257.48584308498},"median":{"confidence_interval":{"confidence_level":0.95,"lower_bound":5889333.888888889,"upper_bound":6147457.666666667},"point_estimate":6019607.0,"standard_error":75641.34870216757},"median_abs_dev":{"confidence_interval":{"confidence_level":0.95,"lower_bound":346050.1180897155,"upper_bound":580992.0526186621},"point_estimate":437344.9179689095,"standard_error":64064.1456597419},"slope":null,"std_dev":{"confidence_interval":{"confidence_level":0.95,"lower_bound":419052.7179828493,"upper_bound":565987.6131666617},"point_estimate":495621.75506683934,"standard_error":37559.9257474405}}