{"mean":{"confidence_interval":{"confidence_level":0.95,"lower_bound":5750811.79925,"upper_bound":5917282.04471875},"point_estimate":5833568.35125,"standard_error":42672.35133960401},"median":{"confidence_interval":{"confidence_level":0.95,"lower_bound":5683776.9375,"upper_bound":5916569.625},"point_estimate":5819312.3125,"standard_error":65075.86015604708},"median_abs_dev":{"confidence_interval":{"confidence_level":0.95,"lower_bound":346630.5765710771,"upper_bound":537863.2708635181},"point_estimate":449614.10198025405,"standard_error":47285.39167650709},"slope":null,"std_dev":{"confidence_interval":{"confidence_level":0.95,"lower_bound":368520.049264558,"upper_bound":483952.6211014451},"point_estimate":428861.009240527,"standard_error":29471.635593063453}}