{"mean":{"confidence_interval":{"confidence_level":0.95,"lower_bound":4970463.669725,"upper_bound":5384104.0519750025},"point_estimate":5176974.485000002,"standard_error":105388.48008032718},"median":{"confidence_interval":{"confidence_level":0.95,"lower_bound":4289881.8,"upper_bound":6009812.5},"point_estimate":5168592.45,"standard_error":617332.7131970128},"median_abs_dev":{"confidence_interval":{"confidence_level":0.95,"lower_bound":491250.60567855905,"upper_bound":1595289.432477951},"point_estimate":1575088.8595765831,"standard_error":310180.46804520354},"slope":null,"std_dev":{"confidence_interval":{"confidence_level":0.95,"lower_bound":1010526.2967369676,"upper_bound":1096468.2140827125},"point_estimate":1060305.1972327975,"standard_error":21763.54776616011}}