{"mean":{"confidence_interval":{"confidence_level":0.95,"lower_bound":5583131.6230625,"upper_bound":5696795.250187499},"point_estimate":5638514.12,"standard_error":29024.587164103945},"median":{"confidence_interval":{"confidence_level":0.95,"lower_bound":5535480.5,"upper_bound":5638774.25},"point_estimate":5579018.0,"standard_error":22134.165835356423},"median_abs_dev":{"confidence_interval":{"confidence_level":0.95,"lower_bound":194813.63654136658,"upper_bound":331435.22411584854},"point_estimate":268656.1961553991,"standard_error":32549.378197885017},"slope":null,"std_dev":{"confidence_interval":{"confidence_level":0.95,"lower_bound":244978.4561641756,"upper_bound":333267.6889509244},"point_estimate":292138.50042559195,"standard_error":22624.839126248316}}