{"mean":{"confidence_interval":{"confidence_level":0.95,"lower_bound":5098016.089972225,"upper_bound":5562607.9305000035},"point_estimate":5329251.68,"standard_error":118455.39769259395},"median":{"confidence_interval":{"confidence_level":0.95,"lower_bound":4533932.777777778,"upper_bound":5946221.555555556},"point_estimate":5156338.222222222,"standard_error":295350.2709205135},"median_abs_dev":{"confidence_interval":{"confidence_level":0.95,"lower_bound":787254.6576826032,"upper_bound":1796680.2119692164},"point_estimate":1576629.5115758972,"standard_error":263442.60491744557},"slope":null,"std_dev":{"confidence_interval":{"confidence_level":0.95,"lower_bound":1082473.5137963519,"upper_bound":1286622.4390626773},"point_estimate":1192001.1014738309,"standard_error":52276.543532571035}}