{"mean":{"confidence_interval":{"confidence_level":0.95,"lower_bound":4979369.7039,"upper_bound":5323590.436225001},"point_estimate":5149066.256,"standard_error":87947.53824756219},"median":{"confidence_interval":{"confidence_level":0.95,"lower_bound":4972321.65,"upper_bound":5178519.0},"point_estimate":5107503.25,"standard_error":52976.10967134348},"median_abs_dev":{"confidence_interval":{"confidence_level":0.95,"lower_bound":451232.6378390193,"upper_bound":1341227.097968459},"point_estimate":1116945.452610254,"standard_error":272347.5012838893},"slope":null,"std_dev":{"confidence_interval":{"confidence_level":0.95,"lower_bound":761512.2822636289,"upper_bound":1004460.3488615782},"point_estimate":886806.955330954,"standard_error":62231.84679014828}}