{"mean":{"confidence_interval":{"confidence_level":0.95,"lower_bound":6691345.42109375,"upper_bound":6919701.44515625},"point_estimate":6803290.88,"standard_error":58310.10278319882},"median":{"confidence_interval":{"confidence_level":0.95,"lower_bound":6553255.375,"upper_bound":6923413.9375},"point_estimate":6740493.9375,"standard_error":93228.8879176235},"median_abs_dev":{"confidence_interval":{"confidence_level":0.95,"lower_bound":475081.6089715531,"upper_bound":702553.2117999997},"point_estimate":587326.6051478684,"standard_error":57443.980081866546},"slope":null,"std_dev":{"confidence_interval":{"confidence_level":0.95,"lower_bound":494840.2572275529,"upper_bound":673228.7932107156},"point_estimate":587508.0975751424,"standard_error":45656.057326670205}}