{"mean":{"confidence_interval":{"confidence_level":0.95,"lower_bound":4855084.273225002,"upper_bound":5217820.950450001},"point_estimate":5032053.718,"standard_error":92674.94760446252},"median":{"confidence_interval":{"confidence_level":0.95,"lower_bound":4690176.8,"upper_bound":4872704.3},"point_estimate":4808515.1,"standard_error":38931.266767853245},"median_abs_dev":{"confidence_interval":{"confidence_level":0.95,"lower_bound":292868.7957805406,"upper_bound":612275.8345699316},"point_estimate":427034.9012786145,"standard_error":80503.9980480584},"slope":null,"std_dev":{"confidence_interval":{"confidence_level":0.95,"lower_bound":745523.1224573763,"upper_bound":1095311.9033398177},"point_estimate":930117.9513421506,"standard_error":89485.8164384995}}