{"mean":{"confidence_interval":{"confidence_level":0.95,"lower_bound":1595.628741631957,"upper_bound":1770.9322658967226},"point_estimate":1669.2175119285582,"standard_error":45.57630297283228},"median":{"confidence_interval":{"confidence_level":0.95,"lower_bound":1539.357249308069,"upper_bound":1581.6057846221781},"point_estimate":1553.5968614332924,"standard_error":9.255536480934083},"median_abs_dev":{"confidence_interval":{"confidence_level":0.95,"lower_bound":49.50364631517259,"upper_bound":96.3492533519769},"point_estimate":67.48797104411663,"standard_error":11.494751602083651},"slope":{"confidence_interval":{"confidence_level":0.95,"lower_bound":1522.219372863988,"upper_bound":1543.6786273104492},"point_estimate":1531.8886212413754,"standard_error":5.515159162330053},"std_dev":{"confidence_interval":{"confidence_level":0.95,"lower_bound":145.534969939481,"upper_bound":724.040682667754},"point_estimate":459.3406667977898,"standard_error":162.74709967897752}}