{"mean":{"confidence_interval":{"confidence_level":0.95,"lower_bound":90725.4419825601,"upper_bound":92702.12284788811},"point_estimate":91589.73704755167,"standard_error":507.8208691630933},"median":{"confidence_interval":{"confidence_level":0.95,"lower_bound":90161.7118104118,"upper_bound":91237.53535353535},"point_estimate":90689.68797061524,"standard_error":266.71970745804407},"median_abs_dev":{"confidence_interval":{"confidence_level":0.95,"lower_bound":1573.7096731974327,"upper_bound":2710.0204337690475},"point_estimate":2035.6274430339424,"standard_error":279.05899439844507},"slope":{"confidence_interval":{"confidence_level":0.95,"lower_bound":90303.86293844569,"upper_bound":92790.95400476737},"point_estimate":91262.61464137459,"standard_error":665.2377301805087},"std_dev":{"confidence_interval":{"confidence_level":0.95,"lower_bound":2123.6058289456046,"upper_bound":7584.647543675265},"point_estimate":5087.936101986367,"standard_error":1471.5371637966703}}