{"mean":{"confidence_interval":{"confidence_level":0.95,"lower_bound":2397701.156380953,"upper_bound":2672993.5654285722},"point_estimate":2517106.1238095243,"standard_error":70662.47346107777},"median":{"confidence_interval":{"confidence_level":0.95,"lower_bound":2386246.6428571427,"upper_bound":2564953.238095238},"point_estimate":2449280.833333333,"standard_error":42937.423600013266},"median_abs_dev":{"confidence_interval":{"confidence_level":0.95,"lower_bound":312988.07984335074,"upper_bound":490407.50049352634},"point_estimate":408592.3389460359,"standard_error":45342.87967738604},"slope":null,"std_dev":{"confidence_interval":{"confidence_level":0.95,"lower_bound":366566.467323113,"upper_bound":1084541.0096253748},"point_estimate":707651.3977709428,"standard_error":227435.9051161326}}