{"mean":{"confidence_interval":{"confidence_level":0.95,"lower_bound":896553.3953528138,"upper_bound":941227.75801957},"point_estimate":918582.8244917874,"standard_error":11371.172032788716},"median":{"confidence_interval":{"confidence_level":0.95,"lower_bound":897782.6255102041,"upper_bound":927804.243902439},"point_estimate":909941.1049275362,"standard_error":7097.866446108352},"median_abs_dev":{"confidence_interval":{"confidence_level":0.95,"lower_bound":69410.3666151182,"upper_bound":136539.78462979806},"point_estimate":107151.40345342859,"standard_error":17675.191241732377},"slope":{"confidence_interval":{"confidence_level":0.95,"lower_bound":912240.3110581427,"upper_bound":958004.9794767265},"point_estimate":934639.8115708586,"standard_error":11726.976134931818},"std_dev":{"confidence_interval":{"confidence_level":0.95,"lower_bound":96440.45282558289,"upper_bound":130889.95821645462},"point_estimate":114329.12219856403,"standard_error":8803.584032018118}}