{"mean":{"confidence_interval":{"confidence_level":0.95,"lower_bound":39238941.24475,"upper_bound":40107841.824374996},"point_estimate":39639856.395,"standard_error":222487.0744365316},"median":{"confidence_interval":{"confidence_level":0.95,"lower_bound":38933530.25,"upper_bound":39343713.5},"point_estimate":39154250.75,"standard_error":122972.68274126966},"median_abs_dev":{"confidence_interval":{"confidence_level":0.95,"lower_bound":766186.1686974764,"upper_bound":1373344.2164182663},"point_estimate":1039633.5719928145,"standard_error":151648.6603369818},"slope":null,"std_dev":{"confidence_interval":{"confidence_level":0.95,"lower_bound":1343599.2408588869,"upper_bound":3102731.5680668103},"point_estimate":2237657.857146344,"standard_error":462917.4752078914}}