{"mean":{"confidence_interval":{"confidence_level":0.95,"lower_bound":32085566.826874997,"upper_bound":32930983.866499998},"point_estimate":32418239.36,"standard_error":223889.3263979073},"median":{"confidence_interval":{"confidence_level":0.95,"lower_bound":32091295.0,"upper_bound":32417722.25},"point_estimate":32227971.0,"standard_error":90566.58442116185},"median_abs_dev":{"confidence_interval":{"confidence_level":0.95,"lower_bound":631852.2328823805,"upper_bound":1048428.7256866693},"point_estimate":817512.2971862555,"standard_error":105913.7324329894},"slope":null,"std_dev":{"confidence_interval":{"confidence_level":0.95,"lower_bound":730746.7853216167,"upper_bound":3680998.2739509144},"point_estimate":2239693.4595926125,"standard_error":995004.3963410525}}