{"mean":{"confidence_interval":{"confidence_level":0.95,"lower_bound":34625892.296375,"upper_bound":35473576.85525},"point_estimate":34997276.83,"standard_error":219104.360366259},"median":{"confidence_interval":{"confidence_level":0.95,"lower_bound":34491930.0,"upper_bound":34913532.0},"point_estimate":34683081.25,"standard_error":114853.9062716364},"median_abs_dev":{"confidence_interval":{"confidence_level":0.95,"lower_bound":692118.4392124414,"upper_bound":1100651.0858595371},"point_estimate":917104.0971681476,"standard_error":106539.45265714401},"slope":null,"std_dev":{"confidence_interval":{"confidence_level":0.95,"lower_bound":851752.6488292759,"upper_bound":3254083.618515088},"point_estimate":2198062.427517371,"standard_error":645229.5182971277}}