{"mean":{"confidence_interval":{"confidence_level":0.95,"lower_bound":33524563.11025,"upper_bound":34507508.034125},"point_estimate":33945188.075,"standard_error":253860.90554269712},"median":{"confidence_interval":{"confidence_level":0.95,"lower_bound":33247798.0,"upper_bound":33836102.5},"point_estimate":33402499.5,"standard_error":151004.70322802395},"median_abs_dev":{"confidence_interval":{"confidence_level":0.95,"lower_bound":686632.7915110813,"upper_bound":1106660.9809115895},"point_estimate":884970.5959886312,"standard_error":106200.77153629914},"slope":null,"std_dev":{"confidence_interval":{"confidence_level":0.95,"lower_bound":874467.0090187861,"upper_bound":3927942.5401405552},"point_estimate":2559132.0026702224,"standard_error":832290.2577727196}}