{"mean":{"confidence_interval":{"confidence_level":0.95,"lower_bound":37544323.41437501,"upper_bound":38907101.826124996},"point_estimate":38200418.675,"standard_error":348090.1566156519},"median":{"confidence_interval":{"confidence_level":0.95,"lower_bound":37076908.0,"upper_bound":38215515.75},"point_estimate":37553536.0,"standard_error":256770.01731334048},"median_abs_dev":{"confidence_interval":{"confidence_level":0.95,"lower_bound":1792994.5096179843,"upper_bound":3405556.231789291},"point_estimate":2275547.442550957,"standard_error":428838.89982091653},"slope":null,"std_dev":{"confidence_interval":{"confidence_level":0.95,"lower_bound":2614006.615269053,"upper_bound":4407405.5660329405},"point_estimate":3503837.2246059035,"standard_error":465388.0102195877}}