{"mean":{"confidence_interval":{"confidence_level":0.95,"lower_bound":31189093.53775,"upper_bound":31555599.024375},"point_estimate":31368233.24,"standard_error":94096.95385819128},"median":{"confidence_interval":{"confidence_level":0.95,"lower_bound":31074901.25,"upper_bound":31537832.0},"point_estimate":31258753.75,"standard_error":136191.06687632794},"median_abs_dev":{"confidence_interval":{"confidence_level":0.95,"lower_bound":588413.9069035649,"upper_bound":877524.2376208305},"point_estimate":734562.6819089055,"standard_error":72942.08023715015},"slope":null,"std_dev":{"confidence_interval":{"confidence_level":0.95,"lower_bound":735314.9720414229,"upper_bound":1133168.194011708},"point_estimate":946435.7987800664,"standard_error":101610.2793549299}}