{"mean":{"confidence_interval":{"confidence_level":0.95,"lower_bound":35673684.7245,"upper_bound":36401634.718625},"point_estimate":35961015.005,"standard_error":191988.10153719084},"median":{"confidence_interval":{"confidence_level":0.95,"lower_bound":35604994.75,"upper_bound":35933015.75},"point_estimate":35809007.0,"standard_error":80680.87741462245},"median_abs_dev":{"confidence_interval":{"confidence_level":0.95,"lower_bound":540925.0992641598,"upper_bound":859148.8935470581},"point_estimate":725594.0640181303,"standard_error":78806.42625263131},"slope":null,"std_dev":{"confidence_interval":{"confidence_level":0.95,"lower_bound":652654.4170089167,"upper_bound":3159105.2357054697},"point_estimate":1929006.4884235929,"standard_error":840373.4424330553}}