{"mean":{"confidence_interval":{"confidence_level":0.95,"lower_bound":42003082.520875,"upper_bound":43466954.336125},"point_estimate":42649640.235,"standard_error":376719.4363513669},"median":{"confidence_interval":{"confidence_level":0.95,"lower_bound":41643683.0,"upper_bound":43074279.0},"point_estimate":42323658.0,"standard_error":316061.4916890204},"median_abs_dev":{"confidence_interval":{"confidence_level":0.95,"lower_bound":1711367.3735171556,"upper_bound":2618381.26591444},"point_estimate":2117232.0815116167,"standard_error":232404.17612059996},"slope":null,"std_dev":{"confidence_interval":{"confidence_level":0.95,"lower_bound":2007999.962257377,"upper_bound":5725658.633524806},"point_estimate":3784445.81677618,"standard_error":1154523.1171840914}}