{"mean":{"confidence_interval":{"confidence_level":0.95,"lower_bound":69715.73100445626,"upper_bound":70020.4441471412},"point_estimate":69844.36517036537,"standard_error":78.74520302465774},"median":{"confidence_interval":{"confidence_level":0.95,"lower_bound":69585.29122807017,"upper_bound":69702.34863387978},"point_estimate":69642.08979808011,"standard_error":30.874513606331945},"median_abs_dev":{"confidence_interval":{"confidence_level":0.95,"lower_bound":165.57159354564348,"upper_bound":304.80876341294237},"point_estimate":222.51365851649325,"standard_error":34.98330718505771},"slope":{"confidence_interval":{"confidence_level":0.95,"lower_bound":69613.78797883277,"upper_bound":70226.72962091357},"point_estimate":69843.18718309443,"standard_error":165.90329209265693},"std_dev":{"confidence_interval":{"confidence_level":0.95,"lower_bound":333.88334328828387,"upper_bound":1236.14244388973},"point_estimate":789.8714597183732,"standard_error":274.3219087875608}}