{"mean":{"confidence_interval":{"confidence_level":0.95,"lower_bound":65157.45701866339,"upper_bound":65450.83024705951},"point_estimate":65282.6280642649,"standard_error":75.99850611587024},"median":{"confidence_interval":{"confidence_level":0.95,"lower_bound":65055.20181727994,"upper_bound":65153.928125},"point_estimate":65094.09024174528,"standard_error":23.750701901663938},"median_abs_dev":{"confidence_interval":{"confidence_level":0.95,"lower_bound":141.5342177081653,"upper_bound":277.34476748142487},"point_estimate":198.2849583951057,"standard_error":34.97638413678775},"slope":{"confidence_interval":{"confidence_level":0.95,"lower_bound":65088.79912663651,"upper_bound":65447.44209687129},"point_estimate":65254.652587187826,"standard_error":92.25735625699241},"std_dev":{"confidence_interval":{"confidence_level":0.95,"lower_bound":325.4889787345641,"upper_bound":1183.2574782336526},"point_estimate":762.572127679685,"standard_error":257.43344376436806}}