{"mean":{"confidence_interval":{"confidence_level":0.95,"lower_bound":79377.60722060423,"upper_bound":79941.18005901444},"point_estimate":79621.10515702523,"standard_error":144.72989114337201},"median":{"confidence_interval":{"confidence_level":0.95,"lower_bound":79530.67529411765,"upper_bound":79665.29020979021},"point_estimate":79602.47631257631,"standard_error":36.11803542548163},"median_abs_dev":{"confidence_interval":{"confidence_level":0.95,"lower_bound":296.18590277972174,"upper_bound":550.7844026630994},"point_estimate":403.6308197538278,"standard_error":65.62980291601977},"slope":{"confidence_interval":{"confidence_level":0.95,"lower_bound":79478.58453776392,"upper_bound":80583.64681650292},"point_estimate":79893.88532266315,"standard_error":307.99002106488183},"std_dev":{"confidence_interval":{"confidence_level":0.95,"lower_bound":635.4853648476399,"upper_bound":2280.8722332501507},"point_estimate":1452.047280294645,"standard_error":501.52064027556514}}