{"mean":{"confidence_interval":{"confidence_level":0.95,"lower_bound":101095.89511345283,"upper_bound":103975.02942352582},"point_estimate":102405.71765767655,"standard_error":735.7311492885577},"median":{"confidence_interval":{"confidence_level":0.95,"lower_bound":99988.32307692307,"upper_bound":101962.3488372093},"point_estimate":101134.89018886045,"standard_error":414.2227937049237},"median_abs_dev":{"confidence_interval":{"confidence_level":0.95,"lower_bound":2612.783986484358,"upper_bound":4264.86119980744},"point_estimate":3596.68825969229,"standard_error":418.44694714037905},"slope":{"confidence_interval":{"confidence_level":0.95,"lower_bound":100580.02743657646,"upper_bound":102000.90644154245},"point_estimate":101255.4590036944,"standard_error":362.8314402371682},"std_dev":{"confidence_interval":{"confidence_level":0.95,"lower_bound":3786.2484118201355,"upper_bound":10342.114767684414},"point_estimate":7425.884271375727,"standard_error":1643.2494047457244}}