{"mean":{"confidence_interval":{"confidence_level":0.95,"lower_bound":1873254.5787391304,"upper_bound":1949347.2302608695},"point_estimate":1911371.5556521744,"standard_error":19422.575347288206},"median":{"confidence_interval":{"confidence_level":0.95,"lower_bound":1853947.1304347827,"upper_bound":1951857.7391304348},"point_estimate":1895951.3695652173,"standard_error":23312.761058595388},"median_abs_dev":{"confidence_interval":{"confidence_level":0.95,"lower_bound":149079.58507939504,"upper_bound":243393.9254180243},"point_estimate":183957.94284278908,"standard_error":24423.679833799473},"slope":null,"std_dev":{"confidence_interval":{"confidence_level":0.95,"lower_bound":168457.90992770676,"upper_bound":218754.40574683994},"point_estimate":194954.1698567968,"standard_error":12826.738742754342}}