{"mean":{"confidence_interval":{"confidence_level":0.95,"lower_bound":250652.50366870864,"upper_bound":251505.01497708983},"point_estimate":250956.96737946998,"standard_error":253.70094924483496},"median":{"confidence_interval":{"confidence_level":0.95,"lower_bound":250734.8423469388,"upper_bound":250831.46130952382},"point_estimate":250775.82884615386,"standard_error":26.98084636772241},"median_abs_dev":{"confidence_interval":{"confidence_level":0.95,"lower_bound":190.57040508217497,"upper_bound":370.56448667633373},"point_estimate":293.3138722926292,"standard_error":45.0604405353469},"slope":{"confidence_interval":{"confidence_level":0.95,"lower_bound":250817.3434736139,"upper_bound":252946.3029498511},"point_estimate":251522.70396630708,"standard_error":628.9732334990946},"std_dev":{"confidence_interval":{"confidence_level":0.95,"lower_bound":299.51614835106983,"upper_bound":4343.000225695491},"point_estimate":2544.4563528267713,"standard_error":1438.0393062209582}}