{"mean":{"confidence_interval":{"confidence_level":0.95,"lower_bound":826678.5184017483,"upper_bound":835248.095475824},"point_estimate":830289.9061146474,"standard_error":2222.4635650679797},"median":{"confidence_interval":{"confidence_level":0.95,"lower_bound":825388.4522406518,"upper_bound":830134.4125},"point_estimate":827614.9648148147,"standard_error":1320.14254505599},"median_abs_dev":{"confidence_interval":{"confidence_level":0.95,"lower_bound":7258.472810983394,"upper_bound":11181.36077317917},"point_estimate":9542.34872628172,"standard_error":997.864672800223},"slope":{"confidence_interval":{"confidence_level":0.95,"lower_bound":828149.5865230095,"upper_bound":842148.9381078894},"point_estimate":833298.4840697503,"standard_error":3855.3234735742017},"std_dev":{"confidence_interval":{"confidence_level":0.95,"lower_bound":7691.191133077019,"upper_bound":35187.31614294368},"point_estimate":22356.147073343946,"standard_error":7822.324162071136}}