{"mean":{"confidence_interval":{"confidence_level":0.95,"lower_bound":1240721.8162269332,"upper_bound":1283497.3744256303},"point_estimate":1261418.6399706788,"standard_error":10941.313164296305},"median":{"confidence_interval":{"confidence_level":0.95,"lower_bound":1226372.9501785135,"upper_bound":1260954.9156626507},"point_estimate":1244361.2143734642,"standard_error":8700.80379457179},"median_abs_dev":{"confidence_interval":{"confidence_level":0.95,"lower_bound":59986.23450149492,"upper_bound":110751.93538407626},"point_estimate":83717.30743881867,"standard_error":12951.981949919851},"slope":{"confidence_interval":{"confidence_level":0.95,"lower_bound":1251699.3509437917,"upper_bound":1298544.5897369059},"point_estimate":1274350.8794295848,"standard_error":11978.054450816728},"std_dev":{"confidence_interval":{"confidence_level":0.95,"lower_bound":86078.8686592036,"upper_bound":131201.79931873697},"point_estimate":110018.31532227519,"standard_error":11529.659284719552}}