{"mean":{"confidence_interval":{"confidence_level":0.95,"lower_bound":6257413.030625,"upper_bound":6479782.7465625005},"point_estimate":6361914.75125,"standard_error":56707.24143825851},"median":{"confidence_interval":{"confidence_level":0.95,"lower_bound":6163507.375,"upper_bound":6383923.375},"point_estimate":6279134.1875,"standard_error":53290.06020541177},"median_abs_dev":{"confidence_interval":{"confidence_level":0.95,"lower_bound":362880.3332785238,"upper_bound":584431.4580492675},"point_estimate":496252.43467725813,"standard_error":56556.26589287054},"slope":null,"std_dev":{"confidence_interval":{"confidence_level":0.95,"lower_bound":391194.55489597016,"upper_bound":773242.8695962857},"point_estimate":570204.6392840064,"standard_error":106568.55212654464}}