{"mean":{"confidence_interval":{"confidence_level":0.95,"lower_bound":5433203.882055555,"upper_bound":5659763.475500001},"point_estimate":5544675.642222218,"standard_error":58127.457629254786},"median":{"confidence_interval":{"confidence_level":0.95,"lower_bound":5228322.0,"upper_bound":5549740.555555556},"point_estimate":5366846.611111111,"standard_error":78715.46499570135},"median_abs_dev":{"confidence_interval":{"confidence_level":0.95,"lower_bound":383891.7527178917,"upper_bound":722637.5928781163},"point_estimate":539656.0945858557,"standard_error":84210.23348827317},"slope":null,"std_dev":{"confidence_interval":{"confidence_level":0.95,"lower_bound":509798.8152996419,"upper_bound":642659.6807270152},"point_estimate":582971.1678700312,"standard_error":33943.22465236418}}