{"mean":{"confidence_interval":{"confidence_level":0.95,"lower_bound":6106121.297718749,"upper_bound":6287467.8593125},"point_estimate":6196270.58375,"standard_error":46332.813519973104},"median":{"confidence_interval":{"confidence_level":0.95,"lower_bound":6029223.25,"upper_bound":6259217.0},"point_estimate":6145560.6875,"standard_error":58021.951502861826},"median_abs_dev":{"confidence_interval":{"confidence_level":0.95,"lower_bound":337643.61150562763,"upper_bound":570643.5956631135},"point_estimate":423773.1257390231,"standard_error":61389.21540409648},"slope":null,"std_dev":{"confidence_interval":{"confidence_level":0.95,"lower_bound":402094.5521355201,"upper_bound":521508.02819937054},"point_estimate":465007.48570028285,"standard_error":30506.866660987707}}