{"mean":{"confidence_interval":{"confidence_level":0.95,"lower_bound":215007.92616081194,"upper_bound":221133.15269240245},"point_estimate":217924.08568051364,"standard_error":1566.5057362667385},"median":{"confidence_interval":{"confidence_level":0.95,"lower_bound":213497.5695652174,"upper_bound":216965.24897959182},"point_estimate":215237.48863636365,"standard_error":918.8284903928995},"median_abs_dev":{"confidence_interval":{"confidence_level":0.95,"lower_bound":6548.926197903376,"upper_bound":12034.538889858295},"point_estimate":8837.946131484197,"standard_error":1344.0400902264253},"slope":{"confidence_interval":{"confidence_level":0.95,"lower_bound":214998.5636516468,"upper_bound":219863.28493368597},"point_estimate":217262.56037239544,"standard_error":1241.2869488806243},"std_dev":{"confidence_interval":{"confidence_level":0.95,"lower_bound":10922.019898553965,"upper_bound":20409.847650573625},"point_estimate":15737.384781112374,"standard_error":2460.404108562474}}