{"mean":{"confidence_interval":{"confidence_level":0.95,"lower_bound":140430.12076741213,"upper_bound":144473.55614320436},"point_estimate":142363.7618269256,"standard_error":1034.4486654329116},"median":{"confidence_interval":{"confidence_level":0.95,"lower_bound":138092.96656534955,"upper_bound":145260.27551020408},"point_estimate":141521.20742984692,"standard_error":1824.1305974101726},"median_abs_dev":{"confidence_interval":{"confidence_level":0.95,"lower_bound":8128.6807377194555,"upper_bound":12278.154915773117},"point_estimate":10323.806881939045,"standard_error":1018.0657090346743},"slope":{"confidence_interval":{"confidence_level":0.95,"lower_bound":139417.76555350632,"upper_bound":143218.72798195278},"point_estimate":141309.1017568452,"standard_error":970.2150139703747},"std_dev":{"confidence_interval":{"confidence_level":0.95,"lower_bound":8021.128663657116,"upper_bound":13247.510379585314},"point_estimate":10371.035273528067,"standard_error":1434.5086248666687}}