{"mean":{"confidence_interval":{"confidence_level":0.95,"lower_bound":284825.4402185412,"upper_bound":307397.02788561844},"point_estimate":295403.90291241976,"standard_error":5759.988352697619},"median":{"confidence_interval":{"confidence_level":0.95,"lower_bound":273934.8545055651,"upper_bound":294997.68125},"point_estimate":282388.40800094965,"standard_error":4776.592024023539},"median_abs_dev":{"confidence_interval":{"confidence_level":0.95,"lower_bound":26554.07878885452,"upper_bound":45124.07203995343},"point_estimate":35933.426119506235,"standard_error":4699.481822891443},"slope":{"confidence_interval":{"confidence_level":0.95,"lower_bound":282230.83479709737,"upper_bound":295473.00577938074},"point_estimate":288541.81131077284,"standard_error":3380.9210027760255},"std_dev":{"confidence_interval":{"confidence_level":0.95,"lower_bound":39474.14723024788,"upper_bound":75671.23875757141},"point_estimate":57670.55194184983,"standard_error":9395.24683034742}}