{"mean":{"confidence_interval":{"confidence_level":0.95,"lower_bound":89792.68245594471,"upper_bound":92204.4791591709},"point_estimate":90922.90582047081,"standard_error":614.4480312087665},"median":{"confidence_interval":{"confidence_level":0.95,"lower_bound":89638.29423076923,"upper_bound":91158.87891207152},"point_estimate":90524.58491745334,"standard_error":352.3003623026439},"median_abs_dev":{"confidence_interval":{"confidence_level":0.95,"lower_bound":2534.728158414598,"upper_bound":5621.739929300177},"point_estimate":3372.9498106539636,"standard_error":776.9316472699819},"slope":{"confidence_interval":{"confidence_level":0.95,"lower_bound":88600.51529372696,"upper_bound":92280.77719608239},"point_estimate":90226.43542700539,"standard_error":945.1473039155877},"std_dev":{"confidence_interval":{"confidence_level":0.95,"lower_bound":3865.414929545831,"upper_bound":8237.45910607606},"point_estimate":6162.059419850588,"standard_error":1135.3775352880593}}