{"mean":{"confidence_interval":{"confidence_level":0.95,"lower_bound":135571.57352021002,"upper_bound":139058.32892257083},"point_estimate":137216.74148488036,"standard_error":892.229442630419},"median":{"confidence_interval":{"confidence_level":0.95,"lower_bound":133814.875,"upper_bound":136803.88888888888},"point_estimate":135515.04307065217,"standard_error":745.4777769131624},"median_abs_dev":{"confidence_interval":{"confidence_level":0.95,"lower_bound":4779.827961521169,"upper_bound":7563.416479752043},"point_estimate":6207.069380611159,"standard_error":731.3182011985994},"slope":{"confidence_interval":{"confidence_level":0.95,"lower_bound":135938.791175937,"upper_bound":139805.0034466856},"point_estimate":137757.70020466973,"standard_error":989.0255395173267},"std_dev":{"confidence_interval":{"confidence_level":0.95,"lower_bound":5776.939874684357,"upper_bound":12066.719743637888},"point_estimate":9000.743925413635,"standard_error":1640.7026925683315}}