{"mean":{"confidence_interval":{"confidence_level":0.95,"lower_bound":610.5822038045529,"upper_bound":623.8527618009956},"point_estimate":617.1147655215057,"standard_error":3.3887145356535253},"median":{"confidence_interval":{"confidence_level":0.95,"lower_bound":606.628715943648,"upper_bound":620.8039671524405},"point_estimate":615.7380397027343,"standard_error":3.795115567465913},"median_abs_dev":{"confidence_interval":{"confidence_level":0.95,"lower_bound":23.401327179930547,"upper_bound":38.91874061415465},"point_estimate":29.873444335158656,"standard_error":3.999741146725173},"slope":{"confidence_interval":{"confidence_level":0.95,"lower_bound":606.2403324200825,"upper_bound":622.3092271154462},"point_estimate":614.0504338089614,"standard_error":4.092457882196651},"std_dev":{"confidence_interval":{"confidence_level":0.95,"lower_bound":28.08069066214039,"upper_bound":39.78476341455676},"point_estimate":34.129007627221675,"standard_error":2.9950081102466557}}