{"mean":{"confidence_interval":{"confidence_level":0.95,"lower_bound":4894772.667249998,"upper_bound":5040077.181909091},"point_estimate":4961990.989999999,"standard_error":37038.40344023708},"median":{"confidence_interval":{"confidence_level":0.95,"lower_bound":4852451.454545454,"upper_bound":4952691.7272727275},"point_estimate":4909462.772727273,"standard_error":24846.06695395828},"median_abs_dev":{"confidence_interval":{"confidence_level":0.95,"lower_bound":199430.58764121775,"upper_bound":327417.9173144429},"point_estimate":270328.9227279752,"standard_error":34169.15926359337},"slope":null,"std_dev":{"confidence_interval":{"confidence_level":0.95,"lower_bound":233942.1562306285,"upper_bound":518259.2755800295},"point_estimate":373289.5565774952,"standard_error":75760.97268255777}}