{"mean":{"confidence_interval":{"confidence_level":0.95,"lower_bound":4182918.818458332,"upper_bound":4321953.612874998},"point_estimate":4238377.625833333,"standard_error":36658.56853511873},"median":{"confidence_interval":{"confidence_level":0.95,"lower_bound":4164353.0833333335,"upper_bound":4223945.458333333},"point_estimate":4194228.416666667,"standard_error":15312.241865035585},"median_abs_dev":{"confidence_interval":{"confidence_level":0.95,"lower_bound":77880.42064234572,"upper_bound":120561.57045960403},"point_estimate":99539.29123282386,"standard_error":11002.065048681136},"slope":null,"std_dev":{"confidence_interval":{"confidence_level":0.95,"lower_bound":91644.02969623024,"upper_bound":603396.1599237474},"point_estimate":368937.0726679457,"standard_error":154305.84586324255}}