{"mean":{"confidence_interval":{"confidence_level":0.95,"lower_bound":4750840.292386364,"upper_bound":4932780.391454546},"point_estimate":4834927.984545454,"standard_error":46573.45243036979},"median":{"confidence_interval":{"confidence_level":0.95,"lower_bound":4688630.545454546,"upper_bound":4800237.818181818},"point_estimate":4741009.090909091,"standard_error":23150.35770454993},"median_abs_dev":{"confidence_interval":{"confidence_level":0.95,"lower_bound":162072.37045900343,"upper_bound":279537.4859463092},"point_estimate":213552.41978141374,"standard_error":32087.80658461489},"slope":null,"std_dev":{"confidence_interval":{"confidence_level":0.95,"lower_bound":270228.19637528557,"upper_bound":630521.0285850336},"point_estimate":467151.3238768468,"standard_error":91865.63994668411}}