{"mean":{"confidence_interval":{"confidence_level":0.95,"lower_bound":3939402.7653653845,"upper_bound":3985694.955499999},"point_estimate":3962075.2715384616,"standard_error":11837.678477359614},"median":{"confidence_interval":{"confidence_level":0.95,"lower_bound":3906357.0,"upper_bound":3989434.269230769},"point_estimate":3962145.769230769,"standard_error":21826.24685495019},"median_abs_dev":{"confidence_interval":{"confidence_level":0.95,"lower_bound":99699.60210690126,"upper_bound":149530.92768375654},"point_estimate":127304.70124758151,"standard_error":13077.048720871977},"slope":null,"std_dev":{"confidence_interval":{"confidence_level":0.95,"lower_bound":97641.74971666135,"upper_bound":139415.15776749692},"point_estimate":118821.30014896527,"standard_error":10757.042163683283}}