{"mean":{"confidence_interval":{"confidence_level":0.95,"lower_bound":4415072.876522731,"upper_bound":4536989.049704545},"point_estimate":4468764.12090909,"standard_error":31247.023135284242},"median":{"confidence_interval":{"confidence_level":0.95,"lower_bound":4360756.181818182,"upper_bound":4394265.590909091},"point_estimate":4382329.136363637,"standard_error":9178.06088312492},"median_abs_dev":{"confidence_interval":{"confidence_level":0.95,"lower_bound":47005.62830798347,"upper_bound":88559.26814593998},"point_estimate":63455.88539161409,"standard_error":10537.441739073916},"slope":null,"std_dev":{"confidence_interval":{"confidence_level":0.95,"lower_bound":146707.5270117815,"upper_bound":461057.1305077564},"point_estimate":313579.14804585814,"standard_error":82030.89776208982}}