{"mean":{"confidence_interval":{"confidence_level":0.95,"lower_bound":5124916.604250001,"upper_bound":5218848.524374999},"point_estimate":5169956.208000001,"standard_error":23969.707511011795},"median":{"confidence_interval":{"confidence_level":0.95,"lower_bound":5093615.8,"upper_bound":5177291.0},"point_estimate":5140275.9,"standard_error":21151.058855801824},"median_abs_dev":{"confidence_interval":{"confidence_level":0.95,"lower_bound":125606.31455004188,"upper_bound":222581.47383838947},"point_estimate":169219.88384574652,"standard_error":24696.513680489945},"slope":null,"std_dev":{"confidence_interval":{"confidence_level":0.95,"lower_bound":175715.54465124843,"upper_bound":302722.41328604985},"point_estimate":241176.1846197203,"standard_error":32574.480500701717}}