{"mean":{"confidence_interval":{"confidence_level":0.95,"lower_bound":5393974.544725,"upper_bound":5621637.055200003},"point_estimate":5503086.149000001,"standard_error":58072.01439630614},"median":{"confidence_interval":{"confidence_level":0.95,"lower_bound":5324567.9,"upper_bound":5517561.6},"point_estimate":5394982.85,"standard_error":51453.15813811275},"median_abs_dev":{"confidence_interval":{"confidence_level":0.95,"lower_bound":313181.89431340987,"upper_bound":507129.69617664855},"point_estimate":407343.60146820615,"standard_error":47850.304968395},"slope":null,"std_dev":{"confidence_interval":{"confidence_level":0.95,"lower_bound":433610.39932149806,"upper_bound":736819.1988337282},"point_estimate":584644.9970002811,"standard_error":78777.84099716583}}