{"mean":{"confidence_interval":{"confidence_level":0.95,"lower_bound":13507160.407875,"upper_bound":14075077.039125001},"point_estimate":13787082.7175,"standard_error":144769.35876461127},"median":{"confidence_interval":{"confidence_level":0.95,"lower_bound":13152492.75,"upper_bound":14114699.75},"point_estimate":13549261.625,"standard_error":245429.22355185516},"median_abs_dev":{"confidence_interval":{"confidence_level":0.95,"lower_bound":1215979.016637057,"upper_bound":1888382.7680245042},"point_estimate":1597846.73210755,"standard_error":174248.6840946738},"slope":null,"std_dev":{"confidence_interval":{"confidence_level":0.95,"lower_bound":1273526.5026778833,"upper_bound":1614932.0592428271},"point_estimate":1456582.3433147883,"standard_error":87266.57689013367}}