{"mean":{"confidence_interval":{"confidence_level":0.95,"lower_bound":18331370.155083332,"upper_bound":18588363.970250003},"point_estimate":18453954.26333333,"standard_error":65677.01259241525},"median":{"confidence_interval":{"confidence_level":0.95,"lower_bound":18107218.666666668,"upper_bound":18249887.0},"point_estimate":18162869.166666664,"standard_error":40165.83095871492},"median_abs_dev":{"confidence_interval":{"confidence_level":0.95,"lower_bound":195286.09173298065,"upper_bound":410117.2989189634},"point_estimate":271072.40168749826,"standard_error":59271.99551671766},"slope":null,"std_dev":{"confidence_interval":{"confidence_level":0.95,"lower_bound":489070.0868035547,"upper_bound":829395.81785723},"point_estimate":661131.6287982628,"standard_error":88065.64657334753}}