{"mean":{"confidence_interval":{"confidence_level":0.95,"lower_bound":25436031.5015,"upper_bound":25487924.20925},"point_estimate":25462003.315,"standard_error":13241.663957306377},"median":{"confidence_interval":{"confidence_level":0.95,"lower_bound":25419241.25,"upper_bound":25480117.0},"point_estimate":25439241.5,"standard_error":16656.967297221046},"median_abs_dev":{"confidence_interval":{"confidence_level":0.95,"lower_bound":93516.47593975067,"upper_bound":163866.58599078655},"point_estimate":123946.84039950371,"standard_error":18101.040036469847},"slope":null,"std_dev":{"confidence_interval":{"confidence_level":0.95,"lower_bound":114324.32772728623,"upper_bound":150941.6819621105},"point_estimate":133253.22998284845,"standard_error":9342.019186401796}}