{"mean":{"confidence_interval":{"confidence_level":0.95,"lower_bound":31711894.471125,"upper_bound":32132530.55875},"point_estimate":31912742.615,"standard_error":107218.06999150822},"median":{"confidence_interval":{"confidence_level":0.95,"lower_bound":31436974.5,"upper_bound":31833057.0},"point_estimate":31654285.75,"standard_error":101753.32669957716},"median_abs_dev":{"confidence_interval":{"confidence_level":0.95,"lower_bound":605098.7163573503,"upper_bound":1011002.7132511139},"point_estimate":810418.4269621968,"standard_error":102015.85955800104},"slope":null,"std_dev":{"confidence_interval":{"confidence_level":0.95,"lower_bound":827295.475683805,"upper_bound":1300173.565966177},"point_estimate":1076825.0600922164,"standard_error":121047.00568384421}}