{"mean":{"confidence_interval":{"confidence_level":0.95,"lower_bound":21485309.51758332,"upper_bound":41168155.93225},"point_estimate":30420763.733333338,"standard_error":5068836.208919458},"median":{"confidence_interval":{"confidence_level":0.95,"lower_bound":14151160.666666666,"upper_bound":17061198.833333332},"point_estimate":14302455.333333332,"standard_error":739198.356155884},"median_abs_dev":{"confidence_interval":{"confidence_level":0.95,"lower_bound":1190844.0792132954,"upper_bound":5539510.731374001},"point_estimate":2048976.6381233912,"standard_error":956088.9359032819},"slope":null,"std_dev":{"confidence_interval":{"confidence_level":0.95,"lower_bound":27656149.228755992,"upper_bound":68493330.74011363},"point_estimate":50845456.61913116,"standard_error":10478870.029644687}}