{"mean":{"confidence_interval":{"confidence_level":0.95,"lower_bound":27572468.12125,"upper_bound":27968350.306625},"point_estimate":27770770.585,"standard_error":101335.02765071977},"median":{"confidence_interval":{"confidence_level":0.95,"lower_bound":27576336.25,"upper_bound":28070640.5},"point_estimate":27807863.25,"standard_error":130314.78200698816},"median_abs_dev":{"confidence_interval":{"confidence_level":0.95,"lower_bound":791563.0633481966,"upper_bound":1283494.2102134228},"point_estimate":1008990.4544368386,"standard_error":123667.4634752101},"slope":null,"std_dev":{"confidence_interval":{"confidence_level":0.95,"lower_bound":877003.7145760112,"upper_bound":1156941.0029692736},"point_estimate":1022372.107517346,"standard_error":71384.26389470085}}