{"mean":{"confidence_interval":{"confidence_level":0.95,"lower_bound":31970021.23825,"upper_bound":32204172.255124997},"point_estimate":32084587.515,"standard_error":59734.233803055955},"median":{"confidence_interval":{"confidence_level":0.95,"lower_bound":31878909.5,"upper_bound":32231634.0},"point_estimate":32025044.75,"standard_error":93183.68913248055},"median_abs_dev":{"confidence_interval":{"confidence_level":0.95,"lower_bound":474947.19506800175,"upper_bound":699614.4646793604},"point_estimate":617027.7157455683,"standard_error":56888.17972158498},"slope":null,"std_dev":{"confidence_interval":{"confidence_level":0.95,"lower_bound":491701.36356023414,"upper_bound":701104.1877539131},"point_estimate":598415.7201930435,"standard_error":53582.91096612509}}