{"mean":{"confidence_interval":{"confidence_level":0.95,"lower_bound":31063408.387624998,"upper_bound":31732624.846499998},"point_estimate":31381628.105,"standard_error":170349.15062689915},"median":{"confidence_interval":{"confidence_level":0.95,"lower_bound":30579350.0,"upper_bound":31145546.0},"point_estimate":30725099.0,"standard_error":162957.72133002552},"median_abs_dev":{"confidence_interval":{"confidence_level":0.95,"lower_bound":675910.2949164436,"upper_bound":1285669.925674796},"point_estimate":838144.8997199535,"standard_error":159310.96032235568},"slope":null,"std_dev":{"confidence_interval":{"confidence_level":0.95,"lower_bound":1290524.923672501,"upper_bound":2089184.2063515047},"point_estimate":1715096.2814667022,"standard_error":204763.2763182922}}