{"mean":{"confidence_interval":{"confidence_level":0.95,"lower_bound":27042439.819625,"upper_bound":27290668.426374998},"point_estimate":27162006.3,"standard_error":63367.965726221664},"median":{"confidence_interval":{"confidence_level":0.95,"lower_bound":26840423.5,"upper_bound":27003475.5},"point_estimate":26911899.5,"standard_error":40818.79248181102},"median_abs_dev":{"confidence_interval":{"confidence_level":0.95,"lower_bound":208455.7801991701,"upper_bound":430663.04580420256},"point_estimate":290889.4506856799,"standard_error":54795.78843157881},"slope":null,"std_dev":{"confidence_interval":{"confidence_level":0.95,"lower_bound":510767.96072687086,"upper_bound":741804.2340169814},"point_estimate":636828.7269194943,"standard_error":58767.28741953198}}