{"mean":{"confidence_interval":{"confidence_level":0.95,"lower_bound":25789816.7895,"upper_bound":26065035.491875},"point_estimate":25896507.21,"standard_error":73478.6795219232},"median":{"confidence_interval":{"confidence_level":0.95,"lower_bound":25750989.75,"upper_bound":25848865.75},"point_estimate":25801965.0,"standard_error":22754.66938067202},"median_abs_dev":{"confidence_interval":{"confidence_level":0.95,"lower_bound":134732.0139080286,"upper_bound":209827.55582481623},"point_estimate":169055.6858986616,"standard_error":18640.874680180423},"slope":null,"std_dev":{"confidence_interval":{"confidence_level":0.95,"lower_bound":170569.99409743657,"upper_bound":1217379.6368582174},"point_estimate":735814.3680141834,"standard_error":332598.8610499537}}