{"mean":{"confidence_interval":{"confidence_level":0.95,"lower_bound":30242864.9265,"upper_bound":30531352.498},"point_estimate":30381488.42,"standard_error":73837.38583232823},"median":{"confidence_interval":{"confidence_level":0.95,"lower_bound":30204310.0,"upper_bound":30538202.25},"point_estimate":30388471.0,"standard_error":86671.84374260085},"median_abs_dev":{"confidence_interval":{"confidence_level":0.95,"lower_bound":458335.40366292,"upper_bound":798004.9880325794},"point_estimate":629152.0476803184,"standard_error":85378.90206237003},"slope":null,"std_dev":{"confidence_interval":{"confidence_level":0.95,"lower_bound":543542.2986707122,"upper_bound":980535.5485248596},"point_estimate":741748.3179261389,"standard_error":120916.98026051353}}