{"mean":{"confidence_interval":{"confidence_level":0.95,"lower_bound":16862743.64008333,"upper_bound":36923893.326666676},"point_estimate":25472730.009999994,"standard_error":5231824.599188171},"median":{"confidence_interval":{"confidence_level":0.95,"lower_bound":13181759.333333334,"upper_bound":14057558.666666666},"point_estimate":13500659.0,"standard_error":282868.95832118887},"median_abs_dev":{"confidence_interval":{"confidence_level":0.95,"lower_bound":1153465.7447218867,"upper_bound":3258136.4238265143},"point_estimate":2050038.9210045333,"standard_error":604416.9407615241},"slope":null,"std_dev":{"confidence_interval":{"confidence_level":0.95,"lower_bound":19736393.89390064,"upper_bound":76275511.90094349},"point_estimate":52267731.528423615,"standard_error":14902313.780541724}}