{"mean":{"confidence_interval":{"confidence_level":0.95,"lower_bound":26399117.596625,"upper_bound":26450769.416},"point_estimate":26424453.955,"standard_error":13186.477442060579},"median":{"confidence_interval":{"confidence_level":0.95,"lower_bound":26377080.75,"upper_bound":26457531.5},"point_estimate":26405356.0,"standard_error":20675.6607622637},"median_abs_dev":{"confidence_interval":{"confidence_level":0.95,"lower_bound":102485.83513051271,"upper_bound":150522.81557768583},"point_estimate":127505.82163631916,"standard_error":12602.822165189933},"slope":null,"std_dev":{"confidence_interval":{"confidence_level":0.95,"lower_bound":106252.40062117207,"upper_bound":157026.09049709988},"point_estimate":132414.32830431647,"standard_error":13050.302241088686}}