{"mean":{"confidence_interval":{"confidence_level":0.95,"lower_bound":31457553.452875,"upper_bound":31938758.592},"point_estimate":31688353.37,"standard_error":123806.43411922737},"median":{"confidence_interval":{"confidence_level":0.95,"lower_bound":31071074.5,"upper_bound":31581184.5},"point_estimate":31263053.25,"standard_error":152189.8716657362},"median_abs_dev":{"confidence_interval":{"confidence_level":0.95,"lower_bound":605581.3026487827,"upper_bound":1123944.5846959949},"point_estimate":826529.0995761752,"standard_error":134036.93013597908},"slope":null,"std_dev":{"confidence_interval":{"confidence_level":0.95,"lower_bound":964521.6069780032,"upper_bound":1494696.549518012},"point_estimate":1247437.1180080909,"standard_error":135790.63858613497}}