{"mean":{"confidence_interval":{"confidence_level":0.95,"lower_bound":30633092.117,"upper_bound":31357751.689375002},"point_estimate":30989363.07,"standard_error":184865.9222622745},"median":{"confidence_interval":{"confidence_level":0.95,"lower_bound":30390056.0,"upper_bound":31090960.5},"point_estimate":30710358.25,"standard_error":185095.58346147995},"median_abs_dev":{"confidence_interval":{"confidence_level":0.95,"lower_bound":954282.1447581053,"upper_bound":1795664.672170579},"point_estimate":1259097.2863465548,"standard_error":218896.661460413},"slope":null,"std_dev":{"confidence_interval":{"confidence_level":0.95,"lower_bound":1513998.383971072,"upper_bound":2140927.149084651},"point_estimate":1846979.3586132487,"standard_error":160467.17388941685}}