{"mean":{"confidence_interval":{"confidence_level":0.95,"lower_bound":28503498.87975,"upper_bound":28960508.944500003},"point_estimate":28725468.92,"standard_error":116593.92241125279},"median":{"confidence_interval":{"confidence_level":0.95,"lower_bound":28282520.0,"upper_bound":28816882.0},"point_estimate":28479529.0,"standard_error":124920.58391293122},"median_abs_dev":{"confidence_interval":{"confidence_level":0.95,"lower_bound":690229.9774959683,"upper_bound":1301248.1410407268},"point_estimate":1043048.7410321832,"standard_error":169194.72178384077},"slope":null,"std_dev":{"confidence_interval":{"confidence_level":0.95,"lower_bound":934024.3011169205,"upper_bound":1394670.7448488302},"point_estimate":1171874.0764445453,"standard_error":117704.56505069029}}