{"mean":{"confidence_interval":{"confidence_level":0.95,"lower_bound":26442818.22275,"upper_bound":26494500.998625},"point_estimate":26468449.135,"standard_error":13178.289125357742},"median":{"confidence_interval":{"confidence_level":0.95,"lower_bound":26427075.5,"upper_bound":26485976.5},"point_estimate":26450676.0,"standard_error":15495.612012551037},"median_abs_dev":{"confidence_interval":{"confidence_level":0.95,"lower_bound":93071.32529765368,"upper_bound":165275.42661577463},"point_estimate":134955.14520406723,"standard_error":18191.624389498553},"slope":null,"std_dev":{"confidence_interval":{"confidence_level":0.95,"lower_bound":113862.35255691096,"upper_bound":148644.2555507582},"point_estimate":132456.6481641945,"standard_error":8887.75007369576}}