{"mean":{"confidence_interval":{"confidence_level":0.95,"lower_bound":28569179.920250002,"upper_bound":29131170.905249998},"point_estimate":28835825.445,"standard_error":143103.58637100208},"median":{"confidence_interval":{"confidence_level":0.95,"lower_bound":28255768.5,"upper_bound":28809819.0},"point_estimate":28512968.75,"standard_error":178885.96052993066},"median_abs_dev":{"confidence_interval":{"confidence_level":0.95,"lower_bound":754451.0192558176,"upper_bound":1301762.065789103},"point_estimate":985373.0075061321,"standard_error":140163.27484148636},"slope":null,"std_dev":{"confidence_interval":{"confidence_level":0.95,"lower_bound":1017926.7243650611,"upper_bound":1822539.1846866466},"point_estimate":1437554.5782905477,"standard_error":205833.7191484555}}