{"mean":{"confidence_interval":{"confidence_level":0.95,"lower_bound":15294971.9195625,"upper_bound":15363395.11425},"point_estimate":15324905.3875,"standard_error":17567.53336818232},"median":{"confidence_interval":{"confidence_level":0.95,"lower_bound":15278663.75,"upper_bound":15322075.5},"point_estimate":15297763.375,"standard_error":10951.845082843805},"median_abs_dev":{"confidence_interval":{"confidence_level":0.95,"lower_bound":65233.28689187765,"upper_bound":104187.85990029573},"point_estimate":82505.20593523979,"standard_error":9826.195252120013},"slope":null,"std_dev":{"confidence_interval":{"confidence_level":0.95,"lower_bound":86495.10866850165,"upper_bound":268380.94839608413},"point_estimate":176906.60964618248,"standard_error":53830.12095733858}}