{"mean":{"confidence_interval":{"confidence_level":0.95,"lower_bound":25523817.36175,"upper_bound":25808986.11075},"point_estimate":25629813.425,"standard_error":80425.06655722232},"median":{"confidence_interval":{"confidence_level":0.95,"lower_bound":25504430.75,"upper_bound":25567681.25},"point_estimate":25533331.0,"standard_error":17221.78330970689},"median_abs_dev":{"confidence_interval":{"confidence_level":0.95,"lower_bound":111455.56497126818,"upper_bound":178358.25943350792},"point_estimate":152115.86924940348,"standard_error":17071.557643340922},"slope":null,"std_dev":{"confidence_interval":{"confidence_level":0.95,"lower_bound":153436.98846759187,"upper_bound":1367616.7201608128},"point_estimate":809794.5879853268,"standard_error":420949.3294164761}}