{"mean":{"confidence_interval":{"confidence_level":0.95,"lower_bound":25928965.735499997,"upper_bound":26528862.257},"point_estimate":26221349.37,"standard_error":153407.40330540913},"median":{"confidence_interval":{"confidence_level":0.95,"lower_bound":25705234.0,"upper_bound":26411427.75},"point_estimate":26111531.25,"standard_error":184612.0292735519},"median_abs_dev":{"confidence_interval":{"confidence_level":0.95,"lower_bound":1085270.223082602,"upper_bound":1912905.3144403903},"point_estimate":1544386.5862816572,"standard_error":215580.3229446225},"slope":null,"std_dev":{"confidence_interval":{"confidence_level":0.95,"lower_bound":1253754.2646215053,"upper_bound":1853337.3736806335},"point_estimate":1540526.280375993,"standard_error":156080.7556762918}}