{"mean":{"confidence_interval":{"confidence_level":0.95,"lower_bound":32593992.816875,"upper_bound":33086101.581875},"point_estimate":32826269.66,"standard_error":125818.54622482182},"median":{"confidence_interval":{"confidence_level":0.95,"lower_bound":32291446.25,"upper_bound":32865637.0},"point_estimate":32517437.25,"standard_error":143521.23327795486},"median_abs_dev":{"confidence_interval":{"confidence_level":0.95,"lower_bound":764557.161976397,"upper_bound":1243211.598278582},"point_estimate":1029776.135417819,"standard_error":126951.77301000658},"slope":null,"std_dev":{"confidence_interval":{"confidence_level":0.95,"lower_bound":892241.7011127471,"upper_bound":1610919.082924481},"point_estimate":1264523.806713879,"standard_error":184601.28308643753}}