{"mean":{"confidence_interval":{"confidence_level":0.95,"lower_bound":25491269.816875,"upper_bound":25712979.681125},"point_estimate":25591887.05,"standard_error":56634.61141894043},"median":{"confidence_interval":{"confidence_level":0.95,"lower_bound":25331823.0,"upper_bound":25442649.0},"point_estimate":25396346.0,"standard_error":27298.795927355044},"median_abs_dev":{"confidence_interval":{"confidence_level":0.95,"lower_bound":153899.43701773882,"upper_bound":324022.594897449},"point_estimate":236511.01950109005,"standard_error":43294.874088624434},"slope":null,"std_dev":{"confidence_interval":{"confidence_level":0.95,"lower_bound":357847.7207650611,"upper_bound":797697.0595193971},"point_estimate":568216.7994893914,"standard_error":125838.23208253291}}