{"mean":{"confidence_interval":{"confidence_level":0.95,"lower_bound":13603429.469375,"upper_bound":13973959.6485625},"point_estimate":13773956.5975,"standard_error":94644.30129137801},"median":{"confidence_interval":{"confidence_level":0.95,"lower_bound":13499784.5,"upper_bound":13747820.375},"point_estimate":13653208.25,"standard_error":64409.17761856212},"median_abs_dev":{"confidence_interval":{"confidence_level":0.95,"lower_bound":371425.76385587454,"upper_bound":630213.5012320984},"point_estimate":505248.0173550546,"standard_error":64388.95881757738},"slope":null,"std_dev":{"confidence_interval":{"confidence_level":0.95,"lower_bound":549467.9134924497,"upper_bound":1306676.4358422805},"point_estimate":949522.7019769683,"standard_error":197059.66750967785}}