{"mean":{"confidence_interval":{"confidence_level":0.95,"lower_bound":28694707.467125,"upper_bound":29212285.023125},"point_estimate":28950583.15,"standard_error":131577.28350891522},"median":{"confidence_interval":{"confidence_level":0.95,"lower_bound":28485632.75,"upper_bound":29047308.0},"point_estimate":28817658.25,"standard_error":153784.12966928905},"median_abs_dev":{"confidence_interval":{"confidence_level":0.95,"lower_bound":800975.3770798445,"upper_bound":1392125.7928848267},"point_estimate":1058873.642501235,"standard_error":147753.84290709105},"slope":null,"std_dev":{"confidence_interval":{"confidence_level":0.95,"lower_bound":1097885.475195406,"upper_bound":1527676.2545282764},"point_estimate":1321870.2343944472,"standard_error":109879.75901171369}}