{"mean":{"confidence_interval":{"confidence_level":0.95,"lower_bound":31036891.11575,"upper_bound":31575128.514624998},"point_estimate":31301582.685,"standard_error":137004.22072861824},"median":{"confidence_interval":{"confidence_level":0.95,"lower_bound":30903171.75,"upper_bound":31326739.0},"point_estimate":31080392.75,"standard_error":105347.72340851882},"median_abs_dev":{"confidence_interval":{"confidence_level":0.95,"lower_bound":809567.4145773053,"upper_bound":1403140.028089285},"point_estimate":1035312.5343695283,"standard_error":150444.09943126797},"slope":null,"std_dev":{"confidence_interval":{"confidence_level":0.95,"lower_bound":1150697.5919156692,"upper_bound":1566857.8902474786},"point_estimate":1376225.3496904182,"standard_error":106627.49062144087}}