{"mean":{"confidence_interval":{"confidence_level":0.95,"lower_bound":27966498.973,"upper_bound":28571771.22},"point_estimate":28263969.78,"standard_error":154443.35622171816},"median":{"confidence_interval":{"confidence_level":0.95,"lower_bound":27707092.0,"upper_bound":28407899.25},"point_estimate":28173843.0,"standard_error":183195.6378122423},"median_abs_dev":{"confidence_interval":{"confidence_level":0.95,"lower_bound":1099285.6112837791,"upper_bound":1730620.0461253524},"point_estimate":1509191.1455065012,"standard_error":157887.7472523305},"slope":null,"std_dev":{"confidence_interval":{"confidence_level":0.95,"lower_bound":1251232.3705449621,"upper_bound":1829516.4650984176},"point_estimate":1550498.0301188086,"standard_error":147549.6379677366}}