{"mean":{"confidence_interval":{"confidence_level":0.95,"lower_bound":24159215.540499993,"upper_bound":24757013.535999995},"point_estimate":24452742.28666667,"standard_error":153228.37337687274},"median":{"confidence_interval":{"confidence_level":0.95,"lower_bound":23582583.833333336,"upper_bound":25295386.333333332},"point_estimate":24102170.5,"standard_error":550115.8583453846},"median_abs_dev":{"confidence_interval":{"confidence_level":0.95,"lower_bound":1210408.70321095,"upper_bound":2239813.694435357},"point_estimate":1865354.1603833428,"standard_error":236320.26997013978},"slope":null,"std_dev":{"confidence_interval":{"confidence_level":0.95,"lower_bound":1337315.882096477,"upper_bound":1731253.4218232909},"point_estimate":1535521.4121928078,"standard_error":101144.08978976759}}