{"mean":{"confidence_interval":{"confidence_level":0.95,"lower_bound":15877249.1711875,"upper_bound":16130327.4119375},"point_estimate":15994136.27,"standard_error":64624.123568710966},"median":{"confidence_interval":{"confidence_level":0.95,"lower_bound":15822827.0,"upper_bound":15946073.75},"point_estimate":15882440.0,"standard_error":31951.066133687786},"median_abs_dev":{"confidence_interval":{"confidence_level":0.95,"lower_bound":276302.8908446431,"upper_bound":447210.3441104293},"point_estimate":346207.850253582,"standard_error":40809.195565071415},"slope":null,"std_dev":{"confidence_interval":{"confidence_level":0.95,"lower_bound":398816.13261766126,"upper_bound":880269.4790360127},"point_estimate":646592.051774301,"standard_error":124786.54290311913}}