{"mean":{"confidence_interval":{"confidence_level":0.95,"lower_bound":25508150.906999998,"upper_bound":25709822.12925},"point_estimate":25603021.7,"standard_error":51659.421187756845},"median":{"confidence_interval":{"confidence_level":0.95,"lower_bound":25401976.5,"upper_bound":25469377.5},"point_estimate":25442752.0,"standard_error":15149.05090578708},"median_abs_dev":{"confidence_interval":{"confidence_level":0.95,"lower_bound":125096.59667909145,"upper_bound":223578.3184631914},"point_estimate":176689.9638131261,"standard_error":23928.924800534543},"slope":null,"std_dev":{"confidence_interval":{"confidence_level":0.95,"lower_bound":381998.10542683536,"upper_bound":631300.5674075566},"point_estimate":520816.1391240249,"standard_error":63787.24451874801}}