{"mean":{"confidence_interval":{"confidence_level":0.95,"lower_bound":23054545.41416667,"upper_bound":23133763.18466667},"point_estimate":23090814.28,"standard_error":20264.615142536448},"median":{"confidence_interval":{"confidence_level":0.95,"lower_bound":23051378.666666668,"upper_bound":23088879.833333336},"point_estimate":23069528.666666664,"standard_error":10247.139520550354},"median_abs_dev":{"confidence_interval":{"confidence_level":0.95,"lower_bound":73983.95640902217,"upper_bound":119202.76758372692},"point_estimate":98421.16375267414,"standard_error":11314.045362604546},"slope":null,"std_dev":{"confidence_interval":{"confidence_level":0.95,"lower_bound":120209.21983757516,"upper_bound":292325.8669503146},"point_estimate":203476.69937030232,"standard_error":48314.79880872751}}