{"mean":{"confidence_interval":{"confidence_level":0.95,"lower_bound":25830211.724375002,"upper_bound":26012138.76025},"point_estimate":25918171.36,"standard_error":46425.91689131238},"median":{"confidence_interval":{"confidence_level":0.95,"lower_bound":25701969.5,"upper_bound":25798667.0},"point_estimate":25731166.25,"standard_error":23656.305554059767},"median_abs_dev":{"confidence_interval":{"confidence_level":0.95,"lower_bound":147379.15692474696,"upper_bound":298565.23213315714},"point_estimate":212607.801425457,"standard_error":39645.488155463594},"slope":null,"std_dev":{"confidence_interval":{"confidence_level":0.95,"lower_bound":374973.498528998,"upper_bound":543986.306552178},"point_estimate":467648.2867024781,"standard_error":43419.556916019945}}