{"mean":{"confidence_interval":{"confidence_level":0.95,"lower_bound":32614689.519,"upper_bound":33244603.657375},"point_estimate":32920098.03,"standard_error":160493.6461871236},"median":{"confidence_interval":{"confidence_level":0.95,"lower_bound":32092493.5,"upper_bound":33009672.25},"point_estimate":32482291.0,"standard_error":253236.49983071545},"median_abs_dev":{"confidence_interval":{"confidence_level":0.95,"lower_bound":1033766.553246975,"upper_bound":1747458.3046764135},"point_estimate":1410332.4912115932,"standard_error":190433.24373019414},"slope":null,"std_dev":{"confidence_interval":{"confidence_level":0.95,"lower_bound":1325319.7794456661,"upper_bound":1873828.7863411596},"point_estimate":1615168.09882959,"standard_error":140246.65748052433}}