{"mean":{"confidence_interval":{"confidence_level":0.95,"lower_bound":26064957.360375002,"upper_bound":26827851.204625},"point_estimate":26443750.085,"standard_error":194727.1233310616},"median":{"confidence_interval":{"confidence_level":0.95,"lower_bound":25927825.0,"upper_bound":26822831.0},"point_estimate":26424753.5,"standard_error":206707.67465846628},"median_abs_dev":{"confidence_interval":{"confidence_level":0.95,"lower_bound":1694178.4800723195,"upper_bound":2549384.769639373},"point_estimate":2200601.2725815177,"standard_error":224425.37820865455},"slope":null,"std_dev":{"confidence_interval":{"confidence_level":0.95,"lower_bound":1670482.503170485,"upper_bound":2228512.507352916},"point_estimate":1954764.4823637705,"standard_error":142828.5284775134}}