{"mean":{"confidence_interval":{"confidence_level":0.95,"lower_bound":29187996.562625002,"upper_bound":29644138.942624997},"point_estimate":29409695.495,"standard_error":115845.54043209869},"median":{"confidence_interval":{"confidence_level":0.95,"lower_bound":28923295.75,"upper_bound":29465398.75},"point_estimate":29194272.25,"standard_error":132028.16418759816},"median_abs_dev":{"confidence_interval":{"confidence_level":0.95,"lower_bound":747530.9838786721,"upper_bound":1187273.101271689},"point_estimate":967735.6275692582,"standard_error":110428.69966793517},"slope":null,"std_dev":{"confidence_interval":{"confidence_level":0.95,"lower_bound":935247.931938952,"upper_bound":1377880.3549439276},"point_estimate":1160982.4355326747,"standard_error":113156.3497645061}}