{"mean":{"confidence_interval":{"confidence_level":0.95,"lower_bound":14665096.1244375,"upper_bound":14877174.7420625},"point_estimate":14769337.1625,"standard_error":54270.505196410144},"median":{"confidence_interval":{"confidence_level":0.95,"lower_bound":14519322.5,"upper_bound":14856421.75},"point_estimate":14634280.75,"standard_error":90159.29905919891},"median_abs_dev":{"confidence_interval":{"confidence_level":0.95,"lower_bound":374661.35297343135,"upper_bound":617028.4570455551},"point_estimate":457378.20005491376,"standard_error":65380.61858316741},"slope":null,"std_dev":{"confidence_interval":{"confidence_level":0.95,"lower_bound":458561.36520518747,"upper_bound":627904.0042941081},"point_estimate":546716.4961158974,"standard_error":43371.531320696755}}