{"mean":{"confidence_interval":{"confidence_level":0.95,"lower_bound":29836612.689375002,"upper_bound":30295597.8455},"point_estimate":30059725.095,"standard_error":117564.71510492836},"median":{"confidence_interval":{"confidence_level":0.95,"lower_bound":29670937.75,"upper_bound":30050069.5},"point_estimate":29837801.75,"standard_error":109125.50297813067},"median_abs_dev":{"confidence_interval":{"confidence_level":0.95,"lower_bound":595021.8549862504,"upper_bound":1136217.9179280996},"point_estimate":793224.7150674462,"standard_error":136583.78580258606},"slope":null,"std_dev":{"confidence_interval":{"confidence_level":0.95,"lower_bound":955442.421253193,"upper_bound":1408153.9910520895},"point_estimate":1185089.7380246664,"standard_error":116285.05443581696}}