{"mean":{"confidence_interval":{"confidence_level":0.95,"lower_bound":26028406.498625,"upper_bound":26100219.366875},"point_estimate":26064011.525,"standard_error":18331.392332156625},"median":{"confidence_interval":{"confidence_level":0.95,"lower_bound":26000604.0,"upper_bound":26124080.5},"point_estimate":26055904.5,"standard_error":30745.409324194014},"median_abs_dev":{"confidence_interval":{"confidence_level":0.95,"lower_bound":137539.316958189,"upper_bound":209679.6664774418},"point_estimate":176171.79512232542,"standard_error":18141.47827402849},"slope":null,"std_dev":{"confidence_interval":{"confidence_level":0.95,"lower_bound":152319.06332813934,"upper_bound":218306.15335978536},"point_estimate":184547.7029386472,"standard_error":16969.99124989948}}