{"mean":{"confidence_interval":{"confidence_level":0.95,"lower_bound":31210328.385500003,"upper_bound":31395829.870249998},"point_estimate":31297832.83,"standard_error":47309.92839232001},"median":{"confidence_interval":{"confidence_level":0.95,"lower_bound":31184156.25,"upper_bound":31318060.0},"point_estimate":31287108.0,"standard_error":35800.037505970075},"median_abs_dev":{"confidence_interval":{"confidence_level":0.95,"lower_bound":283292.6084205508,"upper_bound":457946.22116982937},"point_estimate":375988.8359248638,"standard_error":42480.97634896206},"slope":null,"std_dev":{"confidence_interval":{"confidence_level":0.95,"lower_bound":326593.92697640083,"upper_bound":620660.4759925636},"point_estimate":475102.1072771441,"standard_error":76556.34987074696}}