{"mean":{"confidence_interval":{"confidence_level":0.95,"lower_bound":28375151.29,"upper_bound":28800972.217125},"point_estimate":28575643.47,"standard_error":108629.32825043023},"median":{"confidence_interval":{"confidence_level":0.95,"lower_bound":28235887.5,"upper_bound":28699340.0},"point_estimate":28448415.5,"standard_error":101627.44636044384},"median_abs_dev":{"confidence_interval":{"confidence_level":0.95,"lower_bound":637185.8862876892,"upper_bound":1072437.9496604204},"point_estimate":809203.0656337738,"standard_error":107889.46277892463},"slope":null,"std_dev":{"confidence_interval":{"confidence_level":0.95,"lower_bound":753677.638850588,"upper_bound":1489010.8214501827},"point_estimate":1088912.0426545385,"standard_error":211450.83769435858}}