{"mean":{"confidence_interval":{"confidence_level":0.95,"lower_bound":29501051.227624997,"upper_bound":29845483.431375},"point_estimate":29675387.525,"standard_error":87631.18280515667},"median":{"confidence_interval":{"confidence_level":0.95,"lower_bound":29529390.75,"upper_bound":29945183.0},"point_estimate":29711318.0,"standard_error":116922.29755959407},"median_abs_dev":{"confidence_interval":{"confidence_level":0.95,"lower_bound":555018.7131464481,"upper_bound":948691.2602573633},"point_estimate":722369.4090753794,"standard_error":102597.1451297698},"slope":null,"std_dev":{"confidence_interval":{"confidence_level":0.95,"lower_bound":715934.1129599432,"upper_bound":1046922.8737514756},"point_estimate":881338.1582768443,"standard_error":85013.22306712666}}