{"mean":{"confidence_interval":{"confidence_level":0.95,"lower_bound":32008360.946624998,"upper_bound":32346961.248625},"point_estimate":32168491.89,"standard_error":86717.00844634905},"median":{"confidence_interval":{"confidence_level":0.95,"lower_bound":31891793.0,"upper_bound":32287450.5},"point_estimate":32009009.0,"standard_error":96788.48653508887},"median_abs_dev":{"confidence_interval":{"confidence_level":0.95,"lower_bound":536006.5923839808,"upper_bound":787337.681221962},"point_estimate":668200.0244870782,"standard_error":65259.61500029831},"slope":null,"std_dev":{"confidence_interval":{"confidence_level":0.95,"lower_bound":605951.6206629928,"upper_bound":1118297.4381091823},"point_estimate":872233.65795984,"standard_error":131482.3096144649}}