{"mean":{"confidence_interval":{"confidence_level":0.95,"lower_bound":32037980.8575,"upper_bound":32435883.90175},"point_estimate":32234717.215,"standard_error":101497.30038642927},"median":{"confidence_interval":{"confidence_level":0.95,"lower_bound":31836160.0,"upper_bound":32337236.0},"point_estimate":32094773.5,"standard_error":144936.2835630407},"median_abs_dev":{"confidence_interval":{"confidence_level":0.95,"lower_bound":816620.6986270846,"upper_bound":1380409.917242825},"point_estimate":1138844.7144314647,"standard_error":141539.3830832677},"slope":null,"std_dev":{"confidence_interval":{"confidence_level":0.95,"lower_bound":873138.9482552296,"upper_bound":1152668.1111960334},"point_estimate":1018640.5101121552,"standard_error":71533.04633672535}}