{"mean":{"confidence_interval":{"confidence_level":0.95,"lower_bound":14489003.6625,"upper_bound":14838847.152375},"point_estimate":14662671.6875,"standard_error":89180.11942668329},"median":{"confidence_interval":{"confidence_level":0.95,"lower_bound":14443631.0,"upper_bound":14891509.25},"point_estimate":14635420.0,"standard_error":124626.34588994013},"median_abs_dev":{"confidence_interval":{"confidence_level":0.95,"lower_bound":576105.3619220853,"upper_bound":945350.4899379237},"point_estimate":769882.8464068472,"standard_error":93362.77984141235},"slope":null,"std_dev":{"confidence_interval":{"confidence_level":0.95,"lower_bound":728895.3340964124,"upper_bound":1051493.309505142},"point_estimate":893171.1570725992,"standard_error":82565.94522706361}}