{"mean":{"confidence_interval":{"confidence_level":0.95,"lower_bound":26349502.89475,"upper_bound":26545002.042875},"point_estimate":26442912.655,"standard_error":50050.639542783545},"median":{"confidence_interval":{"confidence_level":0.95,"lower_bound":26191698.5,"upper_bound":26263049.25},"point_estimate":26224599.0,"standard_error":18388.601762697625},"median_abs_dev":{"confidence_interval":{"confidence_level":0.95,"lower_bound":75576.64560824633,"upper_bound":204713.14189061502},"point_estimate":131656.7309126258,"standard_error":33839.036540652065},"slope":null,"std_dev":{"confidence_interval":{"confidence_level":0.95,"lower_bound":389020.81822173955,"upper_bound":593126.1592274981},"point_estimate":502091.76295200863,"standard_error":52312.69736603279}}