{"mean":{"confidence_interval":{"confidence_level":0.95,"lower_bound":24582293.320125,"upper_bound":24940189.707875002},"point_estimate":24757546.915,"standard_error":91461.96687678027},"median":{"confidence_interval":{"confidence_level":0.95,"lower_bound":24382380.5,"upper_bound":24876289.874999955},"point_estimate":24527909.5,"standard_error":117345.40627356715},"median_abs_dev":{"confidence_interval":{"confidence_level":0.95,"lower_bound":729641.5619462729,"upper_bound":1172764.7485792637},"point_estimate":993958.7439537048,"standard_error":116227.60559479936},"slope":null,"std_dev":{"confidence_interval":{"confidence_level":0.95,"lower_bound":788001.0964124432,"upper_bound":1043112.9949266807},"point_estimate":922207.4838822439,"standard_error":65347.5518999932}}