{"mean":{"confidence_interval":{"confidence_level":0.95,"lower_bound":25782244.368625,"upper_bound":25961648.197},"point_estimate":25869158.01,"standard_error":45786.770553366696},"median":{"confidence_interval":{"confidence_level":0.95,"lower_bound":25647140.0,"upper_bound":25723691.0},"point_estimate":25685465.5,"standard_error":19775.258614945447},"median_abs_dev":{"confidence_interval":{"confidence_level":0.95,"lower_bound":167869.60591971874,"upper_bound":284737.0314449072},"point_estimate":228731.07613921165,"standard_error":28864.464357054276},"slope":null,"std_dev":{"confidence_interval":{"confidence_level":0.95,"lower_bound":380347.4231095,"upper_bound":525815.4811216089},"point_estimate":461978.99063105654,"standard_error":37158.557755766145}}