{"mean":{"confidence_interval":{"confidence_level":0.95,"lower_bound":24876958.870375,"upper_bound":25179885.961875003},"point_estimate":25034657.435,"standard_error":77403.20896412565},"median":{"confidence_interval":{"confidence_level":0.95,"lower_bound":25180933.75,"upper_bound":25264159.75},"point_estimate":25223009.5,"standard_error":19666.771511779734},"median_abs_dev":{"confidence_interval":{"confidence_level":0.95,"lower_bound":127467.64468699694,"upper_bound":225024.57620501518},"point_estimate":182510.2806597948,"standard_error":24631.159045881737},"slope":null,"std_dev":{"confidence_interval":{"confidence_level":0.95,"lower_bound":569592.8269855556,"upper_bound":944415.4622119241},"point_estimate":778310.1771815185,"standard_error":95425.86420429085}}