{"mean":{"confidence_interval":{"confidence_level":0.95,"lower_bound":24242264.818333328,"upper_bound":24763161.735083323},"point_estimate":24504078.52666667,"standard_error":133171.47004289727},"median":{"confidence_interval":{"confidence_level":0.95,"lower_bound":23794139.0,"upper_bound":25344861.666666664},"point_estimate":25294377.666666664,"standard_error":276420.39278683666},"median_abs_dev":{"confidence_interval":{"confidence_level":0.95,"lower_bound":462853.874182703,"upper_bound":1776535.846080177},"point_estimate":1021489.8841649322,"standard_error":324558.63393987337},"slope":null,"std_dev":{"confidence_interval":{"confidence_level":0.95,"lower_bound":1231203.339799851,"upper_bound":1405392.9480438074},"point_estimate":1332937.2029574949,"standard_error":44312.60436262326}}