{"mean":{"confidence_interval":{"confidence_level":0.95,"lower_bound":28417709.175,"upper_bound":28941168.137875002},"point_estimate":28672759.485,"standard_error":132705.6082968481},"median":{"confidence_interval":{"confidence_level":0.95,"lower_bound":28066373.75,"upper_bound":29007978.5},"point_estimate":28554802.25,"standard_error":228760.891823271},"median_abs_dev":{"confidence_interval":{"confidence_level":0.95,"lower_bound":1076578.1100869179,"upper_bound":1620649.3050277233},"point_estimate":1397616.231237352,"standard_error":134561.66057893162},"slope":null,"std_dev":{"confidence_interval":{"confidence_level":0.95,"lower_bound":1078224.3539892747,"upper_bound":1607788.478385467},"point_estimate":1336249.905044325,"standard_error":137101.15923764987}}