{"mean":{"confidence_interval":{"confidence_level":0.95,"lower_bound":29287709.408875,"upper_bound":29753005.304874998},"point_estimate":29516836.905,"standard_error":119381.9486163911},"median":{"confidence_interval":{"confidence_level":0.95,"lower_bound":29050804.250000015,"upper_bound":29824866.5},"point_estimate":29349223.75,"standard_error":223997.1987788065},"median_abs_dev":{"confidence_interval":{"confidence_level":0.95,"lower_bound":913833.1109762192,"upper_bound":1400625.1678839326},"point_estimate":1127928.7014752626,"standard_error":125686.23148106925},"slope":null,"std_dev":{"confidence_interval":{"confidence_level":0.95,"lower_bound":1016454.5305105847,"upper_bound":1365873.707430078},"point_estimate":1201507.438420828,"standard_error":89790.35213508394}}