{"mean":{"confidence_interval":{"confidence_level":0.95,"lower_bound":25443032.655875,"upper_bound":25906898.844375},"point_estimate":25605653.94,"standard_error":141951.43214750526},"median":{"confidence_interval":{"confidence_level":0.95,"lower_bound":25410651.5,"upper_bound":25489203.0},"point_estimate":25443402.25,"standard_error":16724.951152329268},"median_abs_dev":{"confidence_interval":{"confidence_level":0.95,"lower_bound":104672.12338294843,"upper_bound":175395.28338611126},"point_estimate":136550.4227757454,"standard_error":17521.943842109293},"slope":null,"std_dev":{"confidence_interval":{"confidence_level":0.95,"lower_bound":125861.70082152043,"upper_bound":2438698.6721696747},"point_estimate":1425405.068457713,"standard_error":831566.0087119695}}