{"mean":{"confidence_interval":{"confidence_level":0.95,"lower_bound":30631295.092499997,"upper_bound":30923313.8735},"point_estimate":30773031.185,"standard_error":74492.35494783409},"median":{"confidence_interval":{"confidence_level":0.95,"lower_bound":30433893.5,"upper_bound":30773114.5},"point_estimate":30626880.75,"standard_error":95122.1664477035},"median_abs_dev":{"confidence_interval":{"confidence_level":0.95,"lower_bound":444622.4658563733,"upper_bound":761622.3553285003},"point_estimate":586405.3545892239,"standard_error":86917.40277405024},"slope":null,"std_dev":{"confidence_interval":{"confidence_level":0.95,"lower_bound":604182.0075458089,"upper_bound":877450.4048432736},"point_estimate":745801.5773963592,"standard_error":69801.90197565124}}