{"mean":{"confidence_interval":{"confidence_level":0.95,"lower_bound":30375779.27425,"upper_bound":30877108.896625},"point_estimate":30626208.645,"standard_error":127686.32647304246},"median":{"confidence_interval":{"confidence_level":0.95,"lower_bound":30387634.25,"upper_bound":30818076.0},"point_estimate":30681324.25,"standard_error":105875.47434796822},"median_abs_dev":{"confidence_interval":{"confidence_level":0.95,"lower_bound":807804.9738585949,"upper_bound":1280047.906574607},"point_estimate":1049375.3657698631,"standard_error":118151.11164596707},"slope":null,"std_dev":{"confidence_interval":{"confidence_level":0.95,"lower_bound":1024978.1126783049,"upper_bound":1517979.8690995208},"point_estimate":1279564.3686922078,"standard_error":126048.30736744011}}