{"mean":{"confidence_interval":{"confidence_level":0.95,"lower_bound":13082778.23475,"upper_bound":13116638.5180625},"point_estimate":13099469.5325,"standard_error":8663.492406216119},"median":{"confidence_interval":{"confidence_level":0.95,"lower_bound":13069571.75,"upper_bound":13107072.25},"point_estimate":13088709.375,"standard_error":9069.083694310571},"median_abs_dev":{"confidence_interval":{"confidence_level":0.95,"lower_bound":65124.130468815565,"upper_bound":107953.10785844922},"point_estimate":82489.08266052604,"standard_error":11214.843144258573},"slope":null,"std_dev":{"confidence_interval":{"confidence_level":0.95,"lower_bound":74606.98141678945,"upper_bound":97564.6857124704},"point_estimate":86754.04323496662,"standard_error":5871.879991710557}}