{"mean":{"confidence_interval":{"confidence_level":0.95,"lower_bound":30229949.540875003,"upper_bound":30849445.38},"point_estimate":30527732.335,"standard_error":157416.94445984645},"median":{"confidence_interval":{"confidence_level":0.95,"lower_bound":30010924.0,"upper_bound":30393351.25},"point_estimate":30220525.25,"standard_error":101609.4582243781},"median_abs_dev":{"confidence_interval":{"confidence_level":0.95,"lower_bound":596813.9477044344,"upper_bound":1090597.4920417736},"point_estimate":821661.7238625884,"standard_error":125849.00929858071},"slope":null,"std_dev":{"confidence_interval":{"confidence_level":0.95,"lower_bound":1214752.6018146707,"upper_bound":1894137.361230051},"point_estimate":1579293.4718435877,"standard_error":174081.89252910705}}