{"mean":{"confidence_interval":{"confidence_level":0.95,"lower_bound":26009504.0695,"upper_bound":26064561.042625003},"point_estimate":26036524.815,"standard_error":13986.532254201265},"median":{"confidence_interval":{"confidence_level":0.95,"lower_bound":25993712.0,"upper_bound":26049125.75},"point_estimate":26016688.0,"standard_error":15251.07122263658},"median_abs_dev":{"confidence_interval":{"confidence_level":0.95,"lower_bound":94668.53951554757,"upper_bound":180345.17505448297},"point_estimate":140076.78681313992,"standard_error":21817.403131774638},"slope":null,"std_dev":{"confidence_interval":{"confidence_level":0.95,"lower_bound":114460.2693219818,"upper_bound":167695.49116943657},"point_estimate":139912.10116874386,"standard_error":13796.952015428997}}