{"mean":{"confidence_interval":{"confidence_level":0.95,"lower_bound":31914345.186499998,"upper_bound":32175122.788},"point_estimate":32043934.55,"standard_error":66595.42636068935},"median":{"confidence_interval":{"confidence_level":0.95,"lower_bound":31874483.5,"upper_bound":32144066.5},"point_estimate":32031215.5,"standard_error":63256.88584442488},"median_abs_dev":{"confidence_interval":{"confidence_level":0.95,"lower_bound":416113.1803125143,"upper_bound":803870.1535284519},"point_estimate":610909.0256541967,"standard_error":98427.74244082096},"slope":null,"std_dev":{"confidence_interval":{"confidence_level":0.95,"lower_bound":566267.7982674121,"upper_bound":756332.5759153558},"point_estimate":666259.624754163,"standard_error":48603.129146446576}}