{"mean":{"confidence_interval":{"confidence_level":0.95,"lower_bound":6019806.602305556,"upper_bound":6111843.72072222},"point_estimate":6063750.708888888,"standard_error":23363.651390602627},"median":{"confidence_interval":{"confidence_level":0.95,"lower_bound":6007724.555555556,"upper_bound":6098013.777777778},"point_estimate":6062222.5,"standard_error":21337.000597061382},"median_abs_dev":{"confidence_interval":{"confidence_level":0.95,"lower_bound":140921.9079223018,"upper_bound":241852.33300626185},"point_estimate":198401.28137767338,"standard_error":25631.720924229172},"slope":null,"std_dev":{"confidence_interval":{"confidence_level":0.95,"lower_bound":167798.6939529382,"upper_bound":304061.94134908146},"point_estimate":234316.9432989836,"standard_error":35893.12893912169}}