{"mean":{"confidence_interval":{"confidence_level":0.95,"lower_bound":6256951.182499999,"upper_bound":6631224.661124999},"point_estimate":6443361.118999996,"standard_error":95543.39704679658},"median":{"confidence_interval":{"confidence_level":0.95,"lower_bound":6446682.0,"upper_bound":6702988.6},"point_estimate":6533266.5,"standard_error":77270.42637467083},"median_abs_dev":{"confidence_interval":{"confidence_level":0.95,"lower_bound":357026.5397877614,"upper_bound":1169281.8247210977},"point_estimate":540436.6752353315,"standard_error":215776.96156303378},"slope":null,"std_dev":{"confidence_interval":{"confidence_level":0.95,"lower_bound":832178.1955567366,"upper_bound":1073805.3352202673},"point_estimate":963103.5374813966,"standard_error":61893.338764855136}}