{"mean":{"confidence_interval":{"confidence_level":0.95,"lower_bound":9208124.443166666,"upper_bound":9378598.92220833},"point_estimate":9292027.53,"standard_error":43459.902241966774},"median":{"confidence_interval":{"confidence_level":0.95,"lower_bound":9185853.916666668,"upper_bound":9356214.5},"point_estimate":9249146.5,"standard_error":38909.64947180394},"median_abs_dev":{"confidence_interval":{"confidence_level":0.95,"lower_bound":303911.99110448454,"upper_bound":533451.6432930881},"point_estimate":398243.89702975843,"standard_error":56311.526847309615},"slope":null,"std_dev":{"confidence_interval":{"confidence_level":0.95,"lower_bound":363519.1964381564,"upper_bound":503892.4600443772},"point_estimate":437208.5247798555,"standard_error":35909.845877563464}}