{"mean":{"confidence_interval":{"confidence_level":0.95,"lower_bound":7526727.210000002,"upper_bound":7670340.352964284},"point_estimate":7597400.307142859,"standard_error":36737.60872608337},"median":{"confidence_interval":{"confidence_level":0.95,"lower_bound":7406211.428571428,"upper_bound":7663063.214285715},"point_estimate":7528133.714285715,"standard_error":61132.823240041056},"median_abs_dev":{"confidence_interval":{"confidence_level":0.95,"lower_bound":274939.48131884827,"upper_bound":472645.45860886504},"point_estimate":426441.1835291561,"standard_error":50254.55530668962},"slope":null,"std_dev":{"confidence_interval":{"confidence_level":0.95,"lower_bound":319266.2504784081,"upper_bound":414528.10950887774},"point_estimate":368955.9562869161,"standard_error":24381.73090310586}}