{"mean":{"confidence_interval":{"confidence_level":0.95,"lower_bound":8385331.293083335,"upper_bound":8719126.841083331},"point_estimate":8531049.169999996,"standard_error":85921.02528862614},"median":{"confidence_interval":{"confidence_level":0.95,"lower_bound":8298676.833333333,"upper_bound":8409944.166666666},"point_estimate":8344943.75,"standard_error":27997.095333450063},"median_abs_dev":{"confidence_interval":{"confidence_level":0.95,"lower_bound":169804.4853703684,"upper_bound":291690.5488714571},"point_estimate":240168.96428614855,"standard_error":30856.364956592843},"slope":null,"std_dev":{"confidence_interval":{"confidence_level":0.95,"lower_bound":303548.9923297285,"upper_bound":1264470.4335493867},"point_estimate":862431.0563083366,"standard_error":242967.05287311305}}