{"mean":{"confidence_interval":{"confidence_level":0.95,"lower_bound":8219550.705291665,"upper_bound":8349219.533249999},"point_estimate":8281579.518333332,"standard_error":33289.326124900945},"median":{"confidence_interval":{"confidence_level":0.95,"lower_bound":8150344.666666666,"upper_bound":8203278.666666667},"point_estimate":8179203.5,"standard_error":14985.615719172703},"median_abs_dev":{"confidence_interval":{"confidence_level":0.95,"lower_bound":118979.75983768702,"upper_bound":255750.84290951444},"point_estimate":195458.0733299253,"standard_error":35048.01016099876},"slope":null,"std_dev":{"confidence_interval":{"confidence_level":0.95,"lower_bound":241563.84634289233,"upper_bound":431221.7996976163},"point_estimate":335654.3119557268,"standard_error":49667.22708681554}}