{"mean":{"confidence_interval":{"confidence_level":0.95,"lower_bound":7362786.075714283,"upper_bound":7407156.879928574},"point_estimate":7384580.125714283,"standard_error":11329.698132010246},"median":{"confidence_interval":{"confidence_level":0.95,"lower_bound":7344368.571428572,"upper_bound":7407127.0},"point_estimate":7379597.857142857,"standard_error":16555.942840879845},"median_abs_dev":{"confidence_interval":{"confidence_level":0.95,"lower_bound":87167.98285245895,"upper_bound":132949.39923967613},"point_estimate":114596.61186550364,"standard_error":11892.839183332184},"slope":null,"std_dev":{"confidence_interval":{"confidence_level":0.95,"lower_bound":94182.06017585094,"upper_bound":132357.65472371},"point_estimate":113697.86406427209,"standard_error":9760.416892684822}}