{"mean":{"confidence_interval":{"confidence_level":0.95,"lower_bound":7422640.784285717,"upper_bound":7462042.595928568},"point_estimate":7442105.874285711,"standard_error":10044.837191974431},"median":{"confidence_interval":{"confidence_level":0.95,"lower_bound":7411160.142857143,"upper_bound":7455632.0},"point_estimate":7427374.5,"standard_error":12330.823663478339},"median_abs_dev":{"confidence_interval":{"confidence_level":0.95,"lower_bound":69968.87005780444,"upper_bound":117709.33051024184},"point_estimate":88628.76742652514,"standard_error":12597.454939445372},"slope":null,"std_dev":{"confidence_interval":{"confidence_level":0.95,"lower_bound":85695.15574132116,"upper_bound":114662.795668848},"point_estimate":101095.08045648667,"standard_error":7426.379706853897}}