{"mean":{"confidence_interval":{"confidence_level":0.95,"lower_bound":10286153.558249999,"upper_bound":10609878.123000002},"point_estimate":10431717.087999998,"standard_error":83067.58751732699},"median":{"confidence_interval":{"confidence_level":0.95,"lower_bound":10124947.8,"upper_bound":10406016.8},"point_estimate":10243917.4,"standard_error":64801.619212711856},"median_abs_dev":{"confidence_interval":{"confidence_level":0.95,"lower_bound":338342.9539132121,"upper_bound":565980.7608318313},"point_estimate":474238.5122805834,"standard_error":58365.576063660126},"slope":null,"std_dev":{"confidence_interval":{"confidence_level":0.95,"lower_bound":456749.67951780546,"upper_bound":1218460.2142822624},"point_estimate":834268.7941955371,"standard_error":212708.12566239643}}