{"mean":{"confidence_interval":{"confidence_level":0.95,"lower_bound":10778978.700900005,"upper_bound":11081901.8025},"point_estimate":10927936.938000001,"standard_error":77337.14320951485},"median":{"confidence_interval":{"confidence_level":0.95,"lower_bound":10749470.6,"upper_bound":11088342.7},"point_estimate":10925601.8,"standard_error":92919.89192836816},"median_abs_dev":{"confidence_interval":{"confidence_level":0.95,"lower_bound":494806.02867543773,"upper_bound":853345.8489900819},"point_estimate":684268.9619117969,"standard_error":92037.6857982897},"slope":null,"std_dev":{"confidence_interval":{"confidence_level":0.95,"lower_bound":647455.9156137719,"upper_bound":896218.5453238752},"point_estimate":777224.1462546005,"standard_error":63707.50936963471}}