{"mean":{"confidence_interval":{"confidence_level":0.95,"lower_bound":11160296.448949998,"upper_bound":11438863.387000002},"point_estimate":11293199.921999998,"standard_error":70955.6599354093},"median":{"confidence_interval":{"confidence_level":0.95,"lower_bound":11025534.1,"upper_bound":11245926.8},"point_estimate":11147519.8,"standard_error":56629.230439874154},"median_abs_dev":{"confidence_interval":{"confidence_level":0.95,"lower_bound":423353.4572839737,"upper_bound":726349.7489312132},"point_estimate":623492.444670797,"standard_error":72727.60529971727},"slope":null,"std_dev":{"confidence_interval":{"confidence_level":0.95,"lower_bound":535781.8303463754,"upper_bound":880612.5539863505},"point_estimate":712321.927331414,"standard_error":88852.1666525962}}