{"mean":{"confidence_interval":{"confidence_level":0.95,"lower_bound":11033146.196750008,"upper_bound":11080229.626000002},"point_estimate":11056485.008000001,"standard_error":11985.937703884574},"median":{"confidence_interval":{"confidence_level":0.95,"lower_bound":10991223.2,"upper_bound":11083044.0},"point_estimate":11027973.5,"standard_error":26568.01621457174},"median_abs_dev":{"confidence_interval":{"confidence_level":0.95,"lower_bound":95983.67055595004,"upper_bound":166763.14155936407},"point_estimate":116889.0714848036,"standard_error":19108.56168451153},"slope":null,"std_dev":{"confidence_interval":{"confidence_level":0.95,"lower_bound":106952.37456285868,"upper_bound":131384.36940283433},"point_estimate":120320.2180151888,"standard_error":6233.888719325075}}