{"mean":{"confidence_interval":{"confidence_level":0.95,"lower_bound":11118309.572999997,"upper_bound":11396560.945199998},"point_estimate":11254624.839999996,"standard_error":70884.09505869652},"median":{"confidence_interval":{"confidence_level":0.95,"lower_bound":10982437.4,"upper_bound":11311822.4},"point_estimate":11139979.2,"standard_error":80068.71435322407},"median_abs_dev":{"confidence_interval":{"confidence_level":0.95,"lower_bound":467291.6418439155,"upper_bound":849698.5047948358},"point_estimate":611499.1004437194,"standard_error":99365.78990642611},"slope":null,"std_dev":{"confidence_interval":{"confidence_level":0.95,"lower_bound":580922.1974429108,"upper_bound":832356.1970124744},"point_estimate":710893.5285129562,"standard_error":64299.236120962036}}