{"mean":{"confidence_interval":{"confidence_level":0.95,"lower_bound":13284927.79775,"upper_bound":13404394.85725},"point_estimate":13343293.67,"standard_error":30630.46244680655},"median":{"confidence_interval":{"confidence_level":0.95,"lower_bound":13237650.75,"upper_bound":13370349.75},"point_estimate":13279575.125,"standard_error":35217.23152575199},"median_abs_dev":{"confidence_interval":{"confidence_level":0.95,"lower_bound":202858.46028791746,"upper_bound":317134.8060697317},"point_estimate":270430.49767389894,"standard_error":29056.39560428187},"slope":null,"std_dev":{"confidence_interval":{"confidence_level":0.95,"lower_bound":247634.37077283903,"upper_bound":359530.53037282155},"point_estimate":306869.46821769065,"standard_error":28611.62088962509}}