{"mean":{"confidence_interval":{"confidence_level":0.95,"lower_bound":13199029.1954375,"upper_bound":13412183.130250001},"point_estimate":13292521.6675,"standard_error":54904.94075100484},"median":{"confidence_interval":{"confidence_level":0.95,"lower_bound":13173176.625,"upper_bound":13256144.25},"point_estimate":13218404.25,"standard_error":18723.33831464894},"median_abs_dev":{"confidence_interval":{"confidence_level":0.95,"lower_bound":131663.40261250734,"upper_bound":267496.98830097914},"point_estimate":195808.83177369833,"standard_error":36105.97352731382},"slope":null,"std_dev":{"confidence_interval":{"confidence_level":0.95,"lower_bound":250993.70991990206,"upper_bound":837139.8576202655},"point_estimate":549757.7686599926,"standard_error":162513.39571520308}}