{"mean":{"confidence_interval":{"confidence_level":0.95,"lower_bound":11763635.323349994,"upper_bound":11926542.120549995},"point_estimate":11844811.566000003,"standard_error":41857.320516825836},"median":{"confidence_interval":{"confidence_level":0.95,"lower_bound":11746902.0,"upper_bound":11918145.0},"point_estimate":11812446.4,"standard_error":46435.76767772505},"median_abs_dev":{"confidence_interval":{"confidence_level":0.95,"lower_bound":338712.8626066449,"upper_bound":492975.1659679402},"point_estimate":414019.6008896833,"standard_error":39374.113903315585},"slope":null,"std_dev":{"confidence_interval":{"confidence_level":0.95,"lower_bound":350578.51628916065,"upper_bound":486387.5960750079},"point_estimate":420733.2918199775,"standard_error":34736.009289628884}}