{"mean":{"confidence_interval":{"confidence_level":0.95,"lower_bound":11084924.391750004,"upper_bound":11251808.457650004},"point_estimate":11152200.294000002,"standard_error":43861.126891153945},"median":{"confidence_interval":{"confidence_level":0.95,"lower_bound":11049231.2,"upper_bound":11105959.8},"point_estimate":11069109.3,"standard_error":14187.315081677338},"median_abs_dev":{"confidence_interval":{"confidence_level":0.95,"lower_bound":100911.55117446362,"upper_bound":161018.6597013468},"point_estimate":135811.05016887162,"standard_error":14456.158620170647},"slope":null,"std_dev":{"confidence_interval":{"confidence_level":0.95,"lower_bound":120566.98003066925,"upper_bound":713012.0964626318},"point_estimate":438709.44540366146,"standard_error":179335.64921196218}}