{"mean":{"confidence_interval":{"confidence_level":0.95,"lower_bound":9844127.19005,"upper_bound":9952712.501449991},"point_estimate":9894689.789999995,"standard_error":27672.26357101548},"median":{"confidence_interval":{"confidence_level":0.95,"lower_bound":9772267.0,"upper_bound":9893108.6},"point_estimate":9807907.4,"standard_error":26696.463883722405},"median_abs_dev":{"confidence_interval":{"confidence_level":0.95,"lower_bound":107030.2264398342,"upper_bound":211688.659865276},"point_estimate":165578.98896038532,"standard_error":26272.317507345484},"slope":null,"std_dev":{"confidence_interval":{"confidence_level":0.95,"lower_bound":181978.21125532882,"upper_bound":361793.7214539986},"point_estimate":278384.488957743,"standard_error":46890.96854969077}}