{"mean":{"confidence_interval":{"confidence_level":0.95,"lower_bound":11405669.63415,"upper_bound":11484310.688650003},"point_estimate":11440846.377999999,"standard_error":20215.277001845658},"median":{"confidence_interval":{"confidence_level":0.95,"lower_bound":11401293.2,"upper_bound":11437913.7},"point_estimate":11418603.5,"standard_error":8049.349932239584},"median_abs_dev":{"confidence_interval":{"confidence_level":0.95,"lower_bound":53344.68835294247,"upper_bound":104450.65074563026},"point_estimate":69223.48233103697,"standard_error":13258.789576604271},"slope":null,"std_dev":{"confidence_interval":{"confidence_level":0.95,"lower_bound":106874.67350266139,"upper_bound":300171.52292819374},"point_estimate":202683.26006238177,"standard_error":53666.14358496262}}