{"mean":{"confidence_interval":{"confidence_level":0.95,"lower_bound":11559974.587700002,"upper_bound":11820324.575000001},"point_estimate":11688170.528000005,"standard_error":66653.78018687233},"median":{"confidence_interval":{"confidence_level":0.95,"lower_bound":11496407.2,"upper_bound":11712838.1},"point_estimate":11646627.9,"standard_error":59525.558332352666},"median_abs_dev":{"confidence_interval":{"confidence_level":0.95,"lower_bound":362793.8444191212,"upper_bound":791745.450943707},"point_estimate":542871.1785221108,"standard_error":107378.86163650027},"slope":null,"std_dev":{"confidence_interval":{"confidence_level":0.95,"lower_bound":550418.0367978795,"upper_bound":784725.917677054},"point_estimate":670549.9346218056,"standard_error":59972.97944722456}}