{"mean":{"confidence_interval":{"confidence_level":0.95,"lower_bound":99027.59616340455,"upper_bound":102064.9403094558},"point_estimate":100420.3241698203,"standard_error":777.5268105403859},"median":{"confidence_interval":{"confidence_level":0.95,"lower_bound":97493.73278688524,"upper_bound":99484.2306122449},"point_estimate":97977.58440159574,"standard_error":553.0708596976121},"median_abs_dev":{"confidence_interval":{"confidence_level":0.95,"lower_bound":2654.48494309304,"upper_bound":4405.293981641358},"point_estimate":3334.2614721828063,"standard_error":443.37553301210875},"slope":{"confidence_interval":{"confidence_level":0.95,"lower_bound":97483.38993258053,"upper_bound":99206.34589067301},"point_estimate":98271.368654352,"standard_error":438.9869816354938},"std_dev":{"confidence_interval":{"confidence_level":0.95,"lower_bound":4830.763700485754,"upper_bound":10928.679411672147},"point_estimate":7801.203241676391,"standard_error":1701.7109087999988}}