{"mean":{"confidence_interval":{"confidence_level":0.95,"lower_bound":2167092.721761904,"upper_bound":2297216.160261905},"point_estimate":2232192.11,"standard_error":33149.40728450781},"median":{"confidence_interval":{"confidence_level":0.95,"lower_bound":2167140.9523809524,"upper_bound":2359541.3333333335},"point_estimate":2251854.523809524,"standard_error":48595.843277170345},"median_abs_dev":{"confidence_interval":{"confidence_level":0.95,"lower_bound":255902.12105682903,"upper_bound":429114.73488169047},"point_estimate":331269.80831878533,"standard_error":45263.99462999042},"slope":null,"std_dev":{"confidence_interval":{"confidence_level":0.95,"lower_bound":291060.5662238107,"upper_bound":372065.68321492925},"point_estimate":333819.37575676484,"standard_error":20652.347034083406}}