{"mean":{"confidence_interval":{"confidence_level":0.95,"lower_bound":1862971.0339565217,"upper_bound":1927522.426673913},"point_estimate":1894684.25652174,"standard_error":16488.897070974654},"median":{"confidence_interval":{"confidence_level":0.95,"lower_bound":1852083.8695652173,"upper_bound":1914784.2173913044},"point_estimate":1879988.347826087,"standard_error":14724.674585707788},"median_abs_dev":{"confidence_interval":{"confidence_level":0.95,"lower_bound":100076.04614068635,"upper_bound":187839.96972169567},"point_estimate":142826.68745997146,"standard_error":22262.365064465685},"slope":null,"std_dev":{"confidence_interval":{"confidence_level":0.95,"lower_bound":135429.21445467256,"upper_bound":192933.36166590112},"point_estimate":165218.0202065411,"standard_error":14670.296611516083}}