{"mean":{"confidence_interval":{"confidence_level":0.95,"lower_bound":1958.1020885495827,"upper_bound":2085.0400041418566},"point_estimate":2012.1440780463279,"standard_error":32.8429972103082},"median":{"confidence_interval":{"confidence_level":0.95,"lower_bound":1920.1286434944495,"upper_bound":1970.4834819917617},"point_estimate":1935.8457898053261,"standard_error":15.419797065842305},"median_abs_dev":{"confidence_interval":{"confidence_level":0.95,"lower_bound":64.84906150594708,"upper_bound":112.97484518397177},"point_estimate":87.44174317483652,"standard_error":12.315356513378541},"slope":{"confidence_interval":{"confidence_level":0.95,"lower_bound":1922.8657113567754,"upper_bound":1961.702574864679},"point_estimate":1941.4321457266626,"standard_error":9.912073123472677},"std_dev":{"confidence_interval":{"confidence_level":0.95,"lower_bound":105.62152376412746,"upper_bound":504.40469159429944},"point_estimate":329.1066452706549,"standard_error":106.49266076292918}}