{"mean":{"confidence_interval":{"confidence_level":0.95,"lower_bound":1104595.9793535592,"upper_bound":1145339.242423766},"point_estimate":1123511.2904334783,"standard_error":10464.10846560539},"median":{"confidence_interval":{"confidence_level":0.95,"lower_bound":1081499.9538461538,"upper_bound":1108576.8152173914},"point_estimate":1094808.5040404042,"standard_error":6265.21139245896},"median_abs_dev":{"confidence_interval":{"confidence_level":0.95,"lower_bound":31586.132598346805,"upper_bound":59815.168862306644},"point_estimate":44239.40003574256,"standard_error":7456.966856042305},"slope":{"confidence_interval":{"confidence_level":0.95,"lower_bound":1101079.8687166686,"upper_bound":1124908.2392997046},"point_estimate":1112499.839932023,"standard_error":6090.58248095625},"std_dev":{"confidence_interval":{"confidence_level":0.95,"lower_bound":64405.002275944054,"upper_bound":139529.36140370692},"point_estimate":104921.40471568347,"standard_error":19271.298655925482}}