{"mean":{"confidence_interval":{"confidence_level":0.95,"lower_bound":826592.92948584,"upper_bound":845073.0705761171},"point_estimate":835789.1775981619,"standard_error":4719.611837653716},"median":{"confidence_interval":{"confidence_level":0.95,"lower_bound":852761.5,"upper_bound":855654.9010416666},"point_estimate":854363.4223484849,"standard_error":753.49879256231},"median_abs_dev":{"confidence_interval":{"confidence_level":0.95,"lower_bound":6463.936862307419,"upper_bound":22675.737074132274},"point_estimate":10786.604442135851,"standard_error":5304.850538159491},"slope":{"confidence_interval":{"confidence_level":0.95,"lower_bound":818024.2154097885,"upper_bound":839029.8958581778},"point_estimate":828827.7047642973,"standard_error":5364.080237878688},"std_dev":{"confidence_interval":{"confidence_level":0.95,"lower_bound":39599.89916977822,"upper_bound":56422.08991157184},"point_estimate":47505.64614921114,"standard_error":4373.831349031878}}