{"mean":{"confidence_interval":{"confidence_level":0.95,"lower_bound":672171.5092895821,"upper_bound":723529.637168453},"point_estimate":692233.4918547764,"standard_error":13635.503308491829},"median":{"confidence_interval":{"confidence_level":0.95,"lower_bound":677986.1356060606,"upper_bound":689174.956185567},"point_estimate":682692.0387606221,"standard_error":2855.2661392866617},"median_abs_dev":{"confidence_interval":{"confidence_level":0.95,"lower_bound":16690.65167833342,"upper_bound":41106.455927357325},"point_estimate":25842.089461598076,"standard_error":6708.426435405001},"slope":{"confidence_interval":{"confidence_level":0.95,"lower_bound":680421.7950792115,"upper_bound":702662.3808476973},"point_estimate":689893.4239899513,"standard_error":5777.089073089454},"std_dev":{"confidence_interval":{"confidence_level":0.95,"lower_bound":39254.399919200965,"upper_bound":225952.87615053199},"point_estimate":137067.76992756053,"standard_error":61719.093264183255}}