{"mean":{"confidence_interval":{"confidence_level":0.95,"lower_bound":572389.8910453841,"upper_bound":585250.0511227353},"point_estimate":578346.2626509401,"standard_error":3286.832893225593},"median":{"confidence_interval":{"confidence_level":0.95,"lower_bound":567450.3283858998,"upper_bound":575583.2053571428},"point_estimate":569834.7529411765,"standard_error":1817.66378145512},"median_abs_dev":{"confidence_interval":{"confidence_level":0.95,"lower_bound":12442.358535565436,"upper_bound":22193.400012379847},"point_estimate":16293.539228076223,"standard_error":2611.1032322690535},"slope":{"confidence_interval":{"confidence_level":0.95,"lower_bound":575693.5462547474,"upper_bound":596553.2658209467},"point_estimate":584923.0692034875,"standard_error":5357.383449392695},"std_dev":{"confidence_interval":{"confidence_level":0.95,"lower_bound":20147.482256792315,"upper_bound":44577.764536156814},"point_estimate":33077.43263347212,"standard_error":6286.52770525401}}