{"mean":{"confidence_interval":{"confidence_level":0.95,"lower_bound":1073862.0547247324,"upper_bound":1088605.1505516423},"point_estimate":1080408.1496635536,"standard_error":3785.8648973918994},"median":{"confidence_interval":{"confidence_level":0.95,"lower_bound":1066073.8,"upper_bound":1070994.440860215},"point_estimate":1068121.1521867611,"standard_error":1222.189860972782},"median_abs_dev":{"confidence_interval":{"confidence_level":0.95,"lower_bound":6992.197387181478,"upper_bound":14239.755281871285},"point_estimate":10886.202106731427,"standard_error":1985.538188135969},"slope":{"confidence_interval":{"confidence_level":0.95,"lower_bound":1074108.2480068572,"upper_bound":1091926.5610920484},"point_estimate":1081516.5871109797,"standard_error":4598.417919408582},"std_dev":{"confidence_interval":{"confidence_level":0.95,"lower_bound":19600.76773960087,"upper_bound":56241.99509777731},"point_estimate":38092.542275072534,"standard_error":10274.731266341601}}