{"mean":{"confidence_interval":{"confidence_level":0.95,"lower_bound":881692.6254722751,"upper_bound":911435.5243607621},"point_estimate":892589.881433282,"standard_error":8456.195463689073},"median":{"confidence_interval":{"confidence_level":0.95,"lower_bound":879310.6923076923,"upper_bound":882611.1894736842},"point_estimate":880582.3558139534,"standard_error":727.723079934287},"median_abs_dev":{"confidence_interval":{"confidence_level":0.95,"lower_bound":4305.504019016538,"upper_bound":7735.5186963627},"point_estimate":6294.811415517513,"standard_error":862.1142480575704},"slope":{"confidence_interval":{"confidence_level":0.95,"lower_bound":883164.9448412386,"upper_bound":896529.5713941207},"point_estimate":887990.5299881779,"standard_error":3750.8254648042107},"std_dev":{"confidence_interval":{"confidence_level":0.95,"lower_bound":9297.385832715458,"upper_bound":143854.1949948482},"point_estimate":85026.2664471875,"standard_error":44880.29014590758}}