{"mean":{"confidence_interval":{"confidence_level":0.95,"lower_bound":528047.5932073084,"upper_bound":537670.83092226},"point_estimate":532913.4773697836,"standard_error":2451.5481422615344},"median":{"confidence_interval":{"confidence_level":0.95,"lower_bound":522889.32608695654,"upper_bound":547934.0},"point_estimate":540740.8781032771,"standard_error":5829.797940124632},"median_abs_dev":{"confidence_interval":{"confidence_level":0.95,"lower_bound":15597.493561343374,"upper_bound":32173.801109488937},"point_estimate":27073.3035319794,"standard_error":4613.344911284581},"slope":{"confidence_interval":{"confidence_level":0.95,"lower_bound":546751.1574679725,"upper_bound":551696.8414051828},"point_estimate":549387.506082459,"standard_error":1259.2976862091136},"std_dev":{"confidence_interval":{"confidence_level":0.95,"lower_bound":21227.89196735046,"upper_bound":27715.945192240102},"point_estimate":24591.00687606404,"standard_error":1660.5173333573666}}