{"mean":{"confidence_interval":{"confidence_level":0.95,"lower_bound":9336447.551041666,"upper_bound":9545876.616083333},"point_estimate":9438973.001666669,"standard_error":53449.60043961659},"median":{"confidence_interval":{"confidence_level":0.95,"lower_bound":9304311.333333334,"upper_bound":9584511.166666666},"point_estimate":9418894.416666668,"standard_error":73060.05668248565},"median_abs_dev":{"confidence_interval":{"confidence_level":0.95,"lower_bound":394729.76444214676,"upper_bound":591520.0773984203},"point_estimate":491518.21497380873,"standard_error":49073.459020358794},"slope":null,"std_dev":{"confidence_interval":{"confidence_level":0.95,"lower_bound":429191.6742338588,"upper_bound":656060.8001697646},"point_estimate":536945.7073895107,"standard_error":59279.47958964316}}