{"mean":{"confidence_interval":{"confidence_level":0.95,"lower_bound":6316978.404781249,"upper_bound":6412167.4785625},"point_estimate":6360297.60875,"standard_error":24327.939766054034},"median":{"confidence_interval":{"confidence_level":0.95,"lower_bound":6291732.75,"upper_bound":6350935.1875},"point_estimate":6320688.0625,"standard_error":14097.253787519598},"median_abs_dev":{"confidence_interval":{"confidence_level":0.95,"lower_bound":98906.28050250006,"upper_bound":173063.52427750826},"point_estimate":140137.29542456567,"standard_error":20707.209250248394},"slope":null,"std_dev":{"confidence_interval":{"confidence_level":0.95,"lower_bound":133513.7318384884,"upper_bound":339551.26029696566},"point_estimate":243990.73244347467,"standard_error":53863.72867717564}}