{"mean":{"confidence_interval":{"confidence_level":0.95,"lower_bound":7452685.0224285675,"upper_bound":7769448.651785715},"point_estimate":7596487.208571429,"standard_error":81429.132587128},"median":{"confidence_interval":{"confidence_level":0.95,"lower_bound":7356070.142857143,"upper_bound":7421406.285714285},"point_estimate":7377056.0,"standard_error":13733.954705211825},"median_abs_dev":{"confidence_interval":{"confidence_level":0.95,"lower_bound":80908.2339635919,"upper_bound":154233.92216180073},"point_estimate":108188.28527927399,"standard_error":18356.983803223062},"slope":null,"std_dev":{"confidence_interval":{"confidence_level":0.95,"lower_bound":416358.30268997635,"upper_bound":1112506.4251974882},"point_estimate":818845.6349072576,"standard_error":178474.81741504621}}