{"mean":{"confidence_interval":{"confidence_level":0.95,"lower_bound":8155382.959833333,"upper_bound":8279070.506958332},"point_estimate":8216331.730000001,"standard_error":31558.525598017193},"median":{"confidence_interval":{"confidence_level":0.95,"lower_bound":8082236.0,"upper_bound":8265721.666666667},"point_estimate":8197720.833333333,"standard_error":39942.47107838254},"median_abs_dev":{"confidence_interval":{"confidence_level":0.95,"lower_bound":257580.49482703116,"upper_bound":395463.89852911164},"point_estimate":319356.11148029496,"standard_error":36730.68094490018},"slope":null,"std_dev":{"confidence_interval":{"confidence_level":0.95,"lower_bound":272867.280871986,"upper_bound":356900.7756464092},"point_estimate":317294.92700463114,"standard_error":21515.018390956026}}