{"mean":{"confidence_interval":{"confidence_level":0.95,"lower_bound":7613416.794535718,"upper_bound":7723538.875535714},"point_estimate":7666899.700000001,"standard_error":28092.208897342938},"median":{"confidence_interval":{"confidence_level":0.95,"lower_bound":7546175.0,"upper_bound":7609037.642857144},"point_estimate":7581915.857142857,"standard_error":17393.642451208074},"median_abs_dev":{"confidence_interval":{"confidence_level":0.95,"lower_bound":128373.4603209159,"upper_bound":251231.86053974208},"point_estimate":203838.963881135,"standard_error":32211.691381721776},"slope":null,"std_dev":{"confidence_interval":{"confidence_level":0.95,"lower_bound":221562.28967674472,"upper_bound":338263.825248378},"point_estimate":283647.7312474279,"standard_error":29785.784154145153}}