{"mean":{"confidence_interval":{"confidence_level":0.95,"lower_bound":7092545.428035716,"upper_bound":7211321.02307143},"point_estimate":7147815.159999997,"standard_error":30154.32172663117},"median":{"confidence_interval":{"confidence_level":0.95,"lower_bound":7040621.428571428,"upper_bound":7133500.0},"point_estimate":7084546.285714285,"standard_error":22086.79503155788},"median_abs_dev":{"confidence_interval":{"confidence_level":0.95,"lower_bound":145761.18101222164,"upper_bound":283155.7326729803},"point_estimate":228231.75764807672,"standard_error":35035.17443744391},"slope":null,"std_dev":{"confidence_interval":{"confidence_level":0.95,"lower_bound":210456.5047577099,"upper_bound":407879.4260877687},"point_estimate":302105.75899140246,"standard_error":55820.47014283126}}