{"mean":{"confidence_interval":{"confidence_level":0.95,"lower_bound":8480637.661125,"upper_bound":8747771.997791668},"point_estimate":8607059.22333333,"standard_error":68246.90102093831},"median":{"confidence_interval":{"confidence_level":0.95,"lower_bound":8328167.083333334,"upper_bound":8564687.5},"point_estimate":8432977.083333332,"standard_error":59384.104863733715},"median_abs_dev":{"confidence_interval":{"confidence_level":0.95,"lower_bound":309114.6815121174,"upper_bound":607739.8446604607},"point_estimate":448333.042940496,"standard_error":71733.69547684479},"slope":null,"std_dev":{"confidence_interval":{"confidence_level":0.95,"lower_bound":478597.97141596104,"upper_bound":892408.0805064595},"point_estimate":686573.6800486437,"standard_error":107260.10421586497}}