{"mean":{"confidence_interval":{"confidence_level":0.95,"lower_bound":9436048.212791663,"upper_bound":9711310.238499999},"point_estimate":9564894.456666663,"standard_error":70070.75412294232},"median":{"confidence_interval":{"confidence_level":0.95,"lower_bound":9386781.166666666,"upper_bound":9597604.083333332},"point_estimate":9482079.333333334,"standard_error":54578.097566958444},"median_abs_dev":{"confidence_interval":{"confidence_level":0.95,"lower_bound":416120.346212388,"upper_bound":672047.1243187794},"point_estimate":558521.6026842599,"standard_error":64199.5157713457},"slope":null,"std_dev":{"confidence_interval":{"confidence_level":0.95,"lower_bound":481816.52731636516,"upper_bound":943307.7366661559},"point_estimate":704868.2205813387,"standard_error":122787.07076655798}}