{"mean":{"confidence_interval":{"confidence_level":0.95,"lower_bound":9604939.247749997,"upper_bound":9947080.00604167},"point_estimate":9771642.028333334,"standard_error":87236.19091388538},"median":{"confidence_interval":{"confidence_level":0.95,"lower_bound":9451444.166666668,"upper_bound":9841148.833333334},"point_estimate":9641266.916666668,"standard_error":98570.44614347466},"median_abs_dev":{"confidence_interval":{"confidence_level":0.95,"lower_bound":581458.1655770545,"upper_bound":940076.9837602973},"point_estimate":756566.6894182563,"standard_error":90096.69303190614},"slope":null,"std_dev":{"confidence_interval":{"confidence_level":0.95,"lower_bound":703065.0957920847,"upper_bound":1045642.7436310153},"point_estimate":879219.820769253,"standard_error":88003.88769463812}}