{"mean":{"confidence_interval":{"confidence_level":0.95,"lower_bound":16444140.07075,"upper_bound":17151722.70591667},"point_estimate":16799195.769999996,"standard_error":180873.27156921255},"median":{"confidence_interval":{"confidence_level":0.95,"lower_bound":15465447.0,"upper_bound":18264767.333333332},"point_estimate":17953082.333333336,"standard_error":818002.8889758918},"median_abs_dev":{"confidence_interval":{"confidence_level":0.95,"lower_bound":624376.7167150956,"upper_bound":2769022.5659400243},"point_estimate":1393900.4650533171,"standard_error":664216.3113732777},"slope":null,"std_dev":{"confidence_interval":{"confidence_level":0.95,"lower_bound":1719571.4742604517,"upper_bound":1894302.3307399878},"point_estimate":1822559.4357952718,"standard_error":44379.34535550101}}