{"mean":{"confidence_interval":{"confidence_level":0.95,"lower_bound":50572082.358375,"upper_bound":52979542.941},"point_estimate":51508177.385,"standard_error":646815.5394388778},"median":{"confidence_interval":{"confidence_level":0.95,"lower_bound":50074211.0,"upper_bound":51750635.0},"point_estimate":50626917.25,"standard_error":408426.453223889},"median_abs_dev":{"confidence_interval":{"confidence_level":0.95,"lower_bound":1630177.9750585556,"upper_bound":2597435.4641363025},"point_estimate":2038417.066910863,"standard_error":248853.85399507446},"slope":null,"std_dev":{"confidence_interval":{"confidence_level":0.95,"lower_bound":1926865.546202795,"upper_bound":10799123.141381819},"point_estimate":6516520.897981765,"standard_error":3015921.498865844}}