{"mean":{"confidence_interval":{"confidence_level":0.95,"lower_bound":51596221.8445,"upper_bound":52716716.90075},"point_estimate":52058366.65,"standard_error":291241.2603493986},"median":{"confidence_interval":{"confidence_level":0.95,"lower_bound":51250826.0,"upper_bound":51692631.0},"point_estimate":51454928.5,"standard_error":100792.65660254988},"median_abs_dev":{"confidence_interval":{"confidence_level":0.95,"lower_bound":554276.671859622,"upper_bound":946058.904004097},"point_estimate":755393.5821890831,"standard_error":96716.45443358501},"slope":null,"std_dev":{"confidence_interval":{"confidence_level":0.95,"lower_bound":1115653.2132138377,"upper_bound":4623607.938763135},"point_estimate":2913050.8764120024,"standard_error":1094211.9755466066}}