{"mean":{"confidence_interval":{"confidence_level":0.95,"lower_bound":49893037.452375,"upper_bound":50362343.5215},"point_estimate":50106484.71,"standard_error":120372.1768398996},"median":{"confidence_interval":{"confidence_level":0.95,"lower_bound":49764880.25,"upper_bound":50009057.0},"point_estimate":49849206.0,"standard_error":53810.53349671007},"median_abs_dev":{"confidence_interval":{"confidence_level":0.95,"lower_bound":327583.42938423157,"upper_bound":587263.0386739969},"point_estimate":441039.02171999216,"standard_error":71060.66424935685},"slope":null,"std_dev":{"confidence_interval":{"confidence_level":0.95,"lower_bound":690570.2261063051,"upper_bound":1700091.1373538112},"point_estimate":1207081.375016811,"standard_error":266623.2785205883}}