{"mean":{"confidence_interval":{"confidence_level":0.95,"lower_bound":13834884.8905,"upper_bound":14414604.8323125},"point_estimate":14119879.5325,"standard_error":147934.7670337253},"median":{"confidence_interval":{"confidence_level":0.95,"lower_bound":13081226.625,"upper_bound":13650518.0},"point_estimate":13207064.75,"standard_error":141587.0750093681},"median_abs_dev":{"confidence_interval":{"confidence_level":0.95,"lower_bound":284475.90852454305,"upper_bound":1141591.0455577075},"point_estimate":491021.7293076217,"standard_error":216485.97209666506},"slope":null,"std_dev":{"confidence_interval":{"confidence_level":0.95,"lower_bound":1317253.5823295387,"upper_bound":1614413.6839357223},"point_estimate":1486588.3444901865,"standard_error":75670.76053671131}}