{"mean":{"confidence_interval":{"confidence_level":0.95,"lower_bound":17357414.96425,"upper_bound":17722701.06258333},"point_estimate":17532142.529999997,"standard_error":93312.62846484821},"median":{"confidence_interval":{"confidence_level":0.95,"lower_bound":17122811.333333332,"upper_bound":17344672.0},"point_estimate":17263984.833333336,"standard_error":48774.00158579185},"median_abs_dev":{"confidence_interval":{"confidence_level":0.95,"lower_bound":369532.11303949356,"upper_bound":666689.8728638906},"point_estimate":502531.21467828937,"standard_error":72089.45019613288},"slope":null,"std_dev":{"confidence_interval":{"confidence_level":0.95,"lower_bound":727051.3441385741,"upper_bound":1144696.5120383075},"point_estimate":941602.3453016721,"standard_error":106871.20842400387}}