{"mean":{"confidence_interval":{"confidence_level":0.95,"lower_bound":12505436.6274375,"upper_bound":12872109.4539375},"point_estimate":12682289.1275,"standard_error":93352.02306533043},"median":{"confidence_interval":{"confidence_level":0.95,"lower_bound":12262327.25,"upper_bound":12767956.375},"point_estimate":12408710.75,"standard_error":127575.06175128964},"median_abs_dev":{"confidence_interval":{"confidence_level":0.95,"lower_bound":556766.6985154152,"upper_bound":1037026.7905890942},"point_estimate":769791.4811834693,"standard_error":107460.45213704328},"slope":null,"std_dev":{"confidence_interval":{"confidence_level":0.95,"lower_bound":738730.8297546596,"upper_bound":1120074.1577220715},"point_estimate":937079.8476790827,"standard_error":97894.74830025074}}