{"mean":{"confidence_interval":{"confidence_level":0.95,"lower_bound":4868489.455636362,"upper_bound":5037763.239863637},"point_estimate":4952284.48181818,"standard_error":43046.58398643239},"median":{"confidence_interval":{"confidence_level":0.95,"lower_bound":4858812.2727272725,"upper_bound":5022834.681818182},"point_estimate":4971800.863636363,"standard_error":39890.727298207035},"median_abs_dev":{"confidence_interval":{"confidence_level":0.95,"lower_bound":296016.4498719297,"upper_bound":564697.5975109768},"point_estimate":441665.5886861406,"standard_error":66290.32631034979},"slope":null,"std_dev":{"confidence_interval":{"confidence_level":0.95,"lower_bound":363104.3017894945,"upper_bound":504797.17964523204},"point_estimate":432461.5635104552,"standard_error":36476.6677898008}}