{"mean":{"confidence_interval":{"confidence_level":0.95,"lower_bound":5372254.830950001,"upper_bound":5467579.768749999},"point_estimate":5407334.799000002,"standard_error":27173.249150596024},"median":{"confidence_interval":{"confidence_level":0.95,"lower_bound":5356887.2,"upper_bound":5387997.4},"point_estimate":5376052.3,"standard_error":7911.879292576471},"median_abs_dev":{"confidence_interval":{"confidence_level":0.95,"lower_bound":42469.521026015005,"upper_bound":72425.6758841875},"point_estimate":60779.77896094239,"standard_error":8018.965192015885},"slope":null,"std_dev":{"confidence_interval":{"confidence_level":0.95,"lower_bound":49048.503737090476,"upper_bound":464833.35222406295},"point_estimate":274432.386732592,"standard_error":145571.79176167678}}