{"mean":{"confidence_interval":{"confidence_level":0.95,"lower_bound":5772403.296775002,"upper_bound":6043345.304650001},"point_estimate":5905848.202000001,"standard_error":69461.62046006418},"median":{"confidence_interval":{"confidence_level":0.95,"lower_bound":5456315.4,"upper_bound":6005658.5},"point_estimate":5579036.3,"standard_error":162729.90988363774},"median_abs_dev":{"confidence_interval":{"confidence_level":0.95,"lower_bound":402163.10064017883,"upper_bound":927160.8693096037},"point_estimate":610330.4410144687,"standard_error":140783.90803169},"slope":null,"std_dev":{"confidence_interval":{"confidence_level":0.95,"lower_bound":608661.5220964946,"upper_bound":773885.5759443499},"point_estimate":697471.7767874748,"standard_error":42230.6423131176}}