{"mean":{"confidence_interval":{"confidence_level":0.95,"lower_bound":5415497.348974995,"upper_bound":5497090.306500001},"point_estimate":5449031.754999998,"standard_error":21357.18005118946},"median":{"confidence_interval":{"confidence_level":0.95,"lower_bound":5383825.0,"upper_bound":5425335.5},"point_estimate":5407920.35,"standard_error":9107.013102940675},"median_abs_dev":{"confidence_interval":{"confidence_level":0.95,"lower_bound":51202.1831309794,"upper_bound":87474.58452701541},"point_estimate":66161.83925539296,"standard_error":9165.392583179622},"slope":null,"std_dev":{"confidence_interval":{"confidence_level":0.95,"lower_bound":75843.01341449199,"upper_bound":345630.7333274526},"point_estimate":216096.94655520914,"standard_error":83870.11354973994}}