{"mean":{"confidence_interval":{"confidence_level":0.95,"lower_bound":11999550.553649997,"upper_bound":12268879.547749996},"point_estimate":12135366.463999996,"standard_error":68876.54796242523},"median":{"confidence_interval":{"confidence_level":0.95,"lower_bound":11999450.9,"upper_bound":12175072.4},"point_estimate":12002091.2,"standard_error":41242.39909775785},"median_abs_dev":{"confidence_interval":{"confidence_level":0.95,"lower_bound":408275.1190316688,"upper_bound":936040.2346819639},"point_estimate":486265.06674707046,"standard_error":143663.37823550933},"slope":null,"std_dev":{"confidence_interval":{"confidence_level":0.95,"lower_bound":576194.8785520227,"upper_bound":801384.2010114589},"point_estimate":692703.2735528728,"standard_error":57450.135170640715}}