{"mean":{"confidence_interval":{"confidence_level":0.95,"lower_bound":6512394.4724375,"upper_bound":6673325.0365625},"point_estimate":6588829.4675,"standard_error":41045.969842170714},"median":{"confidence_interval":{"confidence_level":0.95,"lower_bound":6414704.375,"upper_bound":6601323.25},"point_estimate":6522951.875,"standard_error":48111.713558620126},"median_abs_dev":{"confidence_interval":{"confidence_level":0.95,"lower_bound":261928.44472859058,"upper_bound":426346.2196914665},"point_estimate":346477.3127987981,"standard_error":41090.87981642032},"slope":null,"std_dev":{"confidence_interval":{"confidence_level":0.95,"lower_bound":303037.67978056095,"upper_bound":518704.74664987094},"point_estimate":410791.35482959595,"standard_error":55853.424024246764}}