{"mean":{"confidence_interval":{"confidence_level":0.95,"lower_bound":6505567.215,"upper_bound":6785030.30875},"point_estimate":6626665.165,"standard_error":71759.77550142536},"median":{"confidence_interval":{"confidence_level":0.95,"lower_bound":6423232.8125,"upper_bound":6622734.625},"point_estimate":6494008.375,"standard_error":52996.935677588255},"median_abs_dev":{"confidence_interval":{"confidence_level":0.95,"lower_bound":300554.1492640972,"upper_bound":491468.3625496924},"point_estimate":381226.86163187027,"standard_error":47332.48445881947},"slope":null,"std_dev":{"confidence_interval":{"confidence_level":0.95,"lower_bound":367278.85954013426,"upper_bound":1100074.476195424},"point_estimate":720177.5800216411,"standard_error":231400.61328108632}}