{"mean":{"confidence_interval":{"confidence_level":0.95,"lower_bound":10342885.451950002,"upper_bound":10372996.4659},"point_estimate":10355854.120000003,"standard_error":7757.686965193007},"median":{"confidence_interval":{"confidence_level":0.95,"lower_bound":10334777.6,"upper_bound":10347857.8},"point_estimate":10342327.7,"standard_error":3248.2146335539787},"median_abs_dev":{"confidence_interval":{"confidence_level":0.95,"lower_bound":25619.624065159645,"upper_bound":47444.23697769808},"point_estimate":35538.662669062614,"standard_error":5351.413014556737},"slope":null,"std_dev":{"confidence_interval":{"confidence_level":0.95,"lower_bound":36922.4049026488,"upper_bound":119937.24119674707},"point_estimate":77995.70017070936,"standard_error":25456.4428160296}}