{"mean":{"confidence_interval":{"confidence_level":0.95,"lower_bound":11986393.62915,"upper_bound":12268021.626250003},"point_estimate":12128554.580000002,"standard_error":71871.7850043994},"median":{"confidence_interval":{"confidence_level":0.95,"lower_bound":11953709.2,"upper_bound":12319506.5},"point_estimate":12128394.8,"standard_error":95691.96627845182},"median_abs_dev":{"confidence_interval":{"confidence_level":0.95,"lower_bound":583908.433843553,"upper_bound":940061.6388505689},"point_estimate":794931.4100271455,"standard_error":91809.86193716916},"slope":null,"std_dev":{"confidence_interval":{"confidence_level":0.95,"lower_bound":625633.4492722068,"upper_bound":812336.687332597},"point_estimate":724128.7718543913,"standard_error":47842.34282077639}}