{"mean":{"confidence_interval":{"confidence_level":0.95,"lower_bound":2874521.6184305563,"upper_bound":3067121.2155555557},"point_estimate":2971204.803888889,"standard_error":49172.272858147844},"median":{"confidence_interval":{"confidence_level":0.95,"lower_bound":2870212.1666666665,"upper_bound":3117018.1666666665},"point_estimate":3009941.222222222,"standard_error":64301.68562968435},"median_abs_dev":{"confidence_interval":{"confidence_level":0.95,"lower_bound":402017.3198794322,"upper_bound":648004.249443958},"point_estimate":512850.8106117452,"standard_error":64803.30305277393},"slope":null,"std_dev":{"confidence_interval":{"confidence_level":0.95,"lower_bound":431529.7533651785,"upper_bound":547297.3326497673},"point_estimate":492579.73645489936,"standard_error":29657.7698274838}}