{"mean":{"confidence_interval":{"confidence_level":0.95,"lower_bound":2537740.206447369,"upper_bound":2589538.437565791},"point_estimate":2562360.6,"standard_error":13272.653243104534},"median":{"confidence_interval":{"confidence_level":0.95,"lower_bound":2517290.736842105,"upper_bound":2543238.1578947366},"point_estimate":2526843.3684210526,"standard_error":8354.616155604926},"median_abs_dev":{"confidence_interval":{"confidence_level":0.95,"lower_bound":63190.36166762054,"upper_bound":122050.14635159753},"point_estimate":85335.95747445762,"standard_error":14934.448445743497},"slope":null,"std_dev":{"confidence_interval":{"confidence_level":0.95,"lower_bound":99177.32604242464,"upper_bound":169930.48065482208},"point_estimate":133628.8806486348,"standard_error":18496.31825817915}}