{"mean":{"confidence_interval":{"confidence_level":0.95,"lower_bound":2288093.594215909,"upper_bound":2339943.078022727},"point_estimate":2313454.301818181,"standard_error":13293.98358822751},"median":{"confidence_interval":{"confidence_level":0.95,"lower_bound":2259549.8181818184,"upper_bound":2341618.0},"point_estimate":2286402.0454545454,"standard_error":20355.416562793704},"median_abs_dev":{"confidence_interval":{"confidence_level":0.95,"lower_bound":95265.9767617597,"upper_bound":148394.7454881937},"point_estimate":125559.37004360302,"standard_error":13273.263211389532},"slope":null,"std_dev":{"confidence_interval":{"confidence_level":0.95,"lower_bound":112330.93534729553,"upper_bound":154292.4995751117},"point_estimate":134095.5913821847,"standard_error":10758.142156905993}}