{"mean":{"confidence_interval":{"confidence_level":0.95,"lower_bound":2820281.7249705894,"upper_bound":2952061.8341764705},"point_estimate":2884233.1794117647,"standard_error":33671.80047378869},"median":{"confidence_interval":{"confidence_level":0.95,"lower_bound":2714066.294117647,"upper_bound":2891168.705882353},"point_estimate":2814685.294117647,"standard_error":39088.9594536554},"median_abs_dev":{"confidence_interval":{"confidence_level":0.95,"lower_bound":224603.866659543,"upper_bound":385611.99990107724},"point_estimate":292320.3558867469,"standard_error":40654.939373536785},"slope":null,"std_dev":{"confidence_interval":{"confidence_level":0.95,"lower_bound":273339.2513197401,"upper_bound":407802.1856885241},"point_estimate":339234.1038815058,"standard_error":34866.98593769269}}