{"mean":{"confidence_interval":{"confidence_level":0.95,"lower_bound":2180829.7522500013,"upper_bound":2243881.68484091},"point_estimate":2212162.0918181813,"standard_error":16140.223181904537},"median":{"confidence_interval":{"confidence_level":0.95,"lower_bound":2164638.8863636367,"upper_bound":2251746.6363636362},"point_estimate":2204182.090909091,"standard_error":18770.607941413287},"median_abs_dev":{"confidence_interval":{"confidence_level":0.95,"lower_bound":110405.24397627864,"upper_bound":177362.69355118257},"point_estimate":148031.60958100457,"standard_error":17379.845263759362},"slope":null,"std_dev":{"confidence_interval":{"confidence_level":0.95,"lower_bound":134696.99093284566,"upper_bound":186515.9292491708},"point_estimate":161805.68476090566,"standard_error":13270.808850381527}}