{"mean":{"confidence_interval":{"confidence_level":0.95,"lower_bound":8126894.470500001,"upper_bound":8323486.4715},"point_estimate":8223528.46,"standard_error":50047.373731652064},"median":{"confidence_interval":{"confidence_level":0.95,"lower_bound":8179006.5,"upper_bound":8309359.0},"point_estimate":8257808.5,"standard_error":33406.38085576392},"median_abs_dev":{"confidence_interval":{"confidence_level":0.95,"lower_bound":220763.58388066292,"upper_bound":405053.7258088589},"point_estimate":294895.06516456604,"standard_error":48305.67157486329},"slope":null,"std_dev":{"confidence_interval":{"confidence_level":0.95,"lower_bound":398135.36983906926,"upper_bound":601919.2447113682},"point_estimate":502830.38064770086,"standard_error":52234.97757521804}}