{"mean":{"confidence_interval":{"confidence_level":0.95,"lower_bound":11250467.728500001,"upper_bound":11899004.031},"point_estimate":11535244.34,"standard_error":166439.2655419338},"median":{"confidence_interval":{"confidence_level":0.95,"lower_bound":10990098.0,"upper_bound":11374349.0},"point_estimate":11238649.0,"standard_error":99906.30631999194},"median_abs_dev":{"confidence_interval":{"confidence_level":0.95,"lower_bound":578956.7723214626,"upper_bound":962288.5182009633},"point_estimate":818917.8019613028,"standard_error":105486.27019867161},"slope":null,"std_dev":{"confidence_interval":{"confidence_level":0.95,"lower_bound":765390.6665317656,"upper_bound":2527426.7069145297},"point_estimate":1669900.4314484205,"standard_error":478215.3765687396}}