{"mean":{"confidence_interval":{"confidence_level":0.95,"lower_bound":2255249.800326923,"upper_bound":2257321.6149999993},"point_estimate":2256231.206923077,"standard_error":532.5528150169933},"median":{"confidence_interval":{"confidence_level":0.95,"lower_bound":2254728.4615384615,"upper_bound":2256913.1153846155},"point_estimate":2255540.0384615385,"standard_error":567.6123691715056},"median_abs_dev":{"confidence_interval":{"confidence_level":0.95,"lower_bound":3358.7161942169155,"upper_bound":5559.806924370327},"point_estimate":4100.0732041321735,"standard_error":573.8050718609258},"slope":null,"std_dev":{"confidence_interval":{"confidence_level":0.95,"lower_bound":3951.3535622781546,"upper_bound":7048.806605435985},"point_estimate":5353.60384717573,"standard_error":861.9684329006085}}