{"mean":{"confidence_interval":{"confidence_level":0.95,"lower_bound":2726631.989113636,"upper_bound":2766444.21740909},"point_estimate":2745740.78,"standard_error":10169.678368174493},"median":{"confidence_interval":{"confidence_level":0.95,"lower_bound":2699927.3636363638,"upper_bound":2719154.727272727},"point_estimate":2709650.1818181816,"standard_error":4344.93815756431},"median_abs_dev":{"confidence_interval":{"confidence_level":0.95,"lower_bound":24793.24979619537,"upper_bound":51864.37967013223},"point_estimate":37813.24059231724,"standard_error":6539.999940247254},"slope":null,"std_dev":{"confidence_interval":{"confidence_level":0.95,"lower_bound":77790.21459249702,"upper_bound":123243.66593259125},"point_estimate":101998.02037695695,"standard_error":11589.618628028846}}