{"mean":{"confidence_interval":{"confidence_level":0.95,"lower_bound":2417965.2845000005,"upper_bound":2488478.3221136364},"point_estimate":2452891.2590909093,"standard_error":18084.13120414434},"median":{"confidence_interval":{"confidence_level":0.95,"lower_bound":2388703.6818181816,"upper_bound":2510679.4545454546},"point_estimate":2441630.3181818184,"standard_error":28792.483486548575},"median_abs_dev":{"confidence_interval":{"confidence_level":0.95,"lower_bound":152773.43603318385,"upper_bound":270254.5231656596},"point_estimate":212858.4282119165,"standard_error":29710.35879808612},"slope":null,"std_dev":{"confidence_interval":{"confidence_level":0.95,"lower_bound":160978.06878097582,"upper_bound":199359.8836012215},"point_estimate":181465.91327189896,"standard_error":9759.186463154467}}