{"mean":{"confidence_interval":{"confidence_level":0.95,"lower_bound":2290872.107854166,"upper_bound":2341747.347875},"point_estimate":2315374.9725000006,"standard_error":13000.944645570708},"median":{"confidence_interval":{"confidence_level":0.95,"lower_bound":2259493.791666667,"upper_bound":2313866.1666666665},"point_estimate":2276285.416666667,"standard_error":14578.737973154495},"median_abs_dev":{"confidence_interval":{"confidence_level":0.95,"lower_bound":75417.01901108015,"upper_bound":123603.31117497703},"point_estimate":96405.81618845521,"standard_error":12317.222314660396},"slope":null,"std_dev":{"confidence_interval":{"confidence_level":0.95,"lower_bound":101033.44098075216,"upper_bound":157863.8609126573},"point_estimate":130894.71991849925,"standard_error":14590.393457372471}}