{"mean":{"confidence_interval":{"confidence_level":0.95,"lower_bound":2730263.2771499995,"upper_bound":2826615.5262000007},"point_estimate":2776390.0160000003,"standard_error":24743.413521280647},"median":{"confidence_interval":{"confidence_level":0.95,"lower_bound":2665740.55,"upper_bound":2740006.55},"point_estimate":2696770.95,"standard_error":21423.68028472202},"median_abs_dev":{"confidence_interval":{"confidence_level":0.95,"lower_bound":117912.73263663061,"upper_bound":195290.9225378934},"point_estimate":165697.59695827996,"standard_error":20326.137510709512},"slope":null,"std_dev":{"confidence_interval":{"confidence_level":0.95,"lower_bound":192827.82916456496,"upper_bound":295332.93936977925},"point_estimate":248598.93308426093,"standard_error":26255.67127226606}}