{"mean":{"confidence_interval":{"confidence_level":0.95,"lower_bound":527.040693522048,"upper_bound":532.5448105682814},"point_estimate":529.9458534833178,"standard_error":1.4011202184407583},"median":{"confidence_interval":{"confidence_level":0.95,"lower_bound":530.1388620504563,"upper_bound":534.0594215248447},"point_estimate":532.2889928945519,"standard_error":1.057256225401594},"median_abs_dev":{"confidence_interval":{"confidence_level":0.95,"lower_bound":5.858916976422042,"upper_bound":9.483079341943537},"point_estimate":7.221295493612786,"standard_error":0.8843287503662147},"slope":{"confidence_interval":{"confidence_level":0.95,"lower_bound":531.3973985551652,"upper_bound":534.8866998871885},"point_estimate":533.2583854360632,"standard_error":0.8887427654054325},"std_dev":{"confidence_interval":{"confidence_level":0.95,"lower_bound":9.323370604679566,"upper_bound":18.488811564989334},"point_estimate":14.082605313333431,"standard_error":2.35427588237868}}