{"mean":{"confidence_interval":{"confidence_level":0.95,"lower_bound":624.9739268131449,"upper_bound":642.0406072863018},"point_estimate":633.6180876960228,"standard_error":4.363233265845572},"median":{"confidence_interval":{"confidence_level":0.95,"lower_bound":633.1446803946804,"upper_bound":650.355968213111},"point_estimate":640.3533871947008,"standard_error":3.7543483176442827},"median_abs_dev":{"confidence_interval":{"confidence_level":0.95,"lower_bound":22.515405727352462,"upper_bound":38.846248661606296},"point_estimate":28.349342703260298,"standard_error":4.185386242229323},"slope":{"confidence_interval":{"confidence_level":0.95,"lower_bound":598.2361557692652,"upper_bound":626.6596467705094},"point_estimate":611.8684395523054,"standard_error":7.262934093191724},"std_dev":{"confidence_interval":{"confidence_level":0.95,"lower_bound":36.324491753240956,"upper_bound":50.508055331597525},"point_estimate":43.89685657011726,"standard_error":3.6094766867827723}}