{"mean":{"confidence_interval":{"confidence_level":0.95,"lower_bound":127990.97227380778,"upper_bound":134656.19207210204},"point_estimate":131108.86116626282,"standard_error":1698.2555416267867},"median":{"confidence_interval":{"confidence_level":0.95,"lower_bound":123558.46313364056,"upper_bound":133082.40188383046},"point_estimate":127479.01135444743,"standard_error":2090.3255424711615},"median_abs_dev":{"confidence_interval":{"confidence_level":0.95,"lower_bound":10429.434072541691,"upper_bound":16008.43903477692},"point_estimate":13777.529414440773,"standard_error":1430.6722415132929},"slope":{"confidence_interval":{"confidence_level":0.95,"lower_bound":132510.66663374729,"upper_bound":139214.62078974076},"point_estimate":135889.14645443222,"standard_error":1706.4604507794145},"std_dev":{"confidence_interval":{"confidence_level":0.95,"lower_bound":11937.283279631214,"upper_bound":22763.51587128691},"point_estimate":17085.042362420503,"standard_error":2921.0549336201534}}