{"mean":{"confidence_interval":{"confidence_level":0.95,"lower_bound":31683597.015,"upper_bound":32473426.524499997},"point_estimate":32048984.945,"standard_error":202057.3686126224},"median":{"confidence_interval":{"confidence_level":0.95,"lower_bound":31415253.5,"upper_bound":32111462.0},"point_estimate":31760932.75,"standard_error":192141.1751623194},"median_abs_dev":{"confidence_interval":{"confidence_level":0.95,"lower_bound":926265.8237054944,"upper_bound":1457340.17662704},"point_estimate":1139911.8157625198,"standard_error":140196.46298665574},"slope":null,"std_dev":{"confidence_interval":{"confidence_level":0.95,"lower_bound":1239888.6204150752,"upper_bound":2755422.3883354957},"point_estimate":2031682.1981396726,"standard_error":400002.5420046348}}