{"mean":{"confidence_interval":{"confidence_level":0.95,"lower_bound":41394815.144875,"upper_bound":42616897.120125},"point_estimate":41951065.425,"standard_error":311387.3602599428},"median":{"confidence_interval":{"confidence_level":0.95,"lower_bound":41087207.75,"upper_bound":41917876.75},"point_estimate":41637266.0,"standard_error":204305.6359358694},"median_abs_dev":{"confidence_interval":{"confidence_level":0.95,"lower_bound":1719879.3506160378,"upper_bound":2726373.477347195},"point_estimate":2247803.54924351,"standard_error":265143.93630112585},"slope":null,"std_dev":{"confidence_interval":{"confidence_level":0.95,"lower_bound":1892635.4676199423,"upper_bound":4483101.080217495},"point_estimate":3144591.7137019555,"standard_error":725944.682758399}}