{"mean":{"confidence_interval":{"confidence_level":0.95,"lower_bound":31648640.077375002,"upper_bound":32319133.976999998},"point_estimate":31977228.73,"standard_error":171120.80723104064},"median":{"confidence_interval":{"confidence_level":0.95,"lower_bound":31450284.75,"upper_bound":32018142.5},"point_estimate":31726113.5,"standard_error":161333.20103329766},"median_abs_dev":{"confidence_interval":{"confidence_level":0.95,"lower_bound":877674.3508681655,"upper_bound":1705236.4519760013},"point_estimate":1195473.3617261052,"standard_error":212820.8273406355},"slope":null,"std_dev":{"confidence_interval":{"confidence_level":0.95,"lower_bound":1349660.6884605833,"upper_bound":2090476.679489506},"point_estimate":1719472.998897945,"standard_error":190984.66229807405}}