{"mean":{"confidence_interval":{"confidence_level":0.95,"lower_bound":32657421.534125,"upper_bound":33699591.22475},"point_estimate":33106302.965,"standard_error":268321.1568481318},"median":{"confidence_interval":{"confidence_level":0.95,"lower_bound":32558579.5,"upper_bound":33136586.25},"point_estimate":32907308.75,"standard_error":142698.53881841592},"median_abs_dev":{"confidence_interval":{"confidence_level":0.95,"lower_bound":936458.3278745413,"upper_bound":1628543.7792375684},"point_estimate":1265932.8135252,"standard_error":179489.6746760158},"slope":null,"std_dev":{"confidence_interval":{"confidence_level":0.95,"lower_bound":1300222.5565756918,"upper_bound":4179716.733362071},"point_estimate":2703080.8021755214,"standard_error":899167.497032963}}