{"mean":{"confidence_interval":{"confidence_level":0.95,"lower_bound":42377765.602625,"upper_bound":44367443.1765},"point_estimate":43279314.315,"standard_error":510374.47600693774},"median":{"confidence_interval":{"confidence_level":0.95,"lower_bound":41728704.5,"upper_bound":42821029.75},"point_estimate":42129454.5,"standard_error":264486.77952083683},"median_abs_dev":{"confidence_interval":{"confidence_level":0.95,"lower_bound":1807955.7966023684,"upper_bound":2991625.809288025},"point_estimate":2534206.6524088383,"standard_error":287060.9742855054},"slope":null,"std_dev":{"confidence_interval":{"confidence_level":0.95,"lower_bound":2756120.8587281075,"upper_bound":7091814.655022628},"point_estimate":5140025.653805733,"standard_error":1116166.1391198132}}