{"mean":{"confidence_interval":{"confidence_level":0.95,"lower_bound":31506673.071625,"upper_bound":32217324.035125},"point_estimate":31826856.565,"standard_error":181637.0211782048},"median":{"confidence_interval":{"confidence_level":0.95,"lower_bound":31300413.75,"upper_bound":31839568.25},"point_estimate":31650616.75,"standard_error":130036.97899676162},"median_abs_dev":{"confidence_interval":{"confidence_level":0.95,"lower_bound":828705.5563375354,"upper_bound":1356552.659766376},"point_estimate":1109957.3658943176,"standard_error":136332.45233519163},"slope":null,"std_dev":{"confidence_interval":{"confidence_level":0.95,"lower_bound":1081350.322689967,"upper_bound":2666069.1907235733},"point_estimate":1826352.7086465722,"standard_error":479725.4482759547}}