{"mean":{"confidence_interval":{"confidence_level":0.95,"lower_bound":30688137.574375,"upper_bound":31366606.036125},"point_estimate":31006961.685,"standard_error":172799.22310956244},"median":{"confidence_interval":{"confidence_level":0.95,"lower_bound":30485777.25,"upper_bound":30986381.25},"point_estimate":30780130.75,"standard_error":137311.86649329157},"median_abs_dev":{"confidence_interval":{"confidence_level":0.95,"lower_bound":806990.2851730585,"upper_bound":1407598.2062101364},"point_estimate":991724.0951433778,"standard_error":161144.9093816246},"slope":null,"std_dev":{"confidence_interval":{"confidence_level":0.95,"lower_bound":1162212.4962673322,"upper_bound":2295318.394690556},"point_estimate":1735784.8845862756,"standard_error":295428.88681239146}}