{"mean":{"confidence_interval":{"confidence_level":0.95,"lower_bound":41512362.227125004,"upper_bound":42456914.272874996},"point_estimate":41978454.015,"standard_error":241122.33933332097},"median":{"confidence_interval":{"confidence_level":0.95,"lower_bound":41171585.0,"upper_bound":42390136.5},"point_estimate":41812811.0,"standard_error":258926.7954968206},"median_abs_dev":{"confidence_interval":{"confidence_level":0.95,"lower_bound":1872970.3999981284,"upper_bound":2921947.3170250654},"point_estimate":2385431.451550126,"standard_error":274223.3572219731},"slope":null,"std_dev":{"confidence_interval":{"confidence_level":0.95,"lower_bound":2038489.8157936046,"upper_bound":2800302.172020902},"point_estimate":2424776.1834130674,"standard_error":194344.22742107447}}