{"mean":{"confidence_interval":{"confidence_level":0.95,"lower_bound":33792158.037875,"upper_bound":34634771.350875},"point_estimate":34189919.775,"standard_error":215052.36102123364},"median":{"confidence_interval":{"confidence_level":0.95,"lower_bound":33376940.0,"upper_bound":34130050.0},"point_estimate":33762320.0,"standard_error":185248.05586285173},"median_abs_dev":{"confidence_interval":{"confidence_level":0.95,"lower_bound":1176792.2314077616,"upper_bound":1972662.6461282372},"point_estimate":1570131.5641745925,"standard_error":199152.96709416268},"slope":null,"std_dev":{"confidence_interval":{"confidence_level":0.95,"lower_bound":1538387.6687504407,"upper_bound":2708261.788212836},"point_estimate":2155054.907686696,"standard_error":300239.65899906395}}