{"mean":{"confidence_interval":{"confidence_level":0.95,"lower_bound":142366624.67374998,"upper_bound":145822349.68875},"point_estimate":144054367.06,"standard_error":879358.291280471},"median":{"confidence_interval":{"confidence_level":0.95,"lower_bound":139860726.0,"upper_bound":143253716.5},"point_estimate":141531896.5,"standard_error":962275.3334750921},"median_abs_dev":{"confidence_interval":{"confidence_level":0.95,"lower_bound":4759423.161703348,"upper_bound":9532332.052767277},"point_estimate":6723131.27464056,"standard_error":1265429.817830939},"slope":null,"std_dev":{"confidence_interval":{"confidence_level":0.95,"lower_bound":7349953.010986297,"upper_bound":10183653.075836811},"point_estimate":8881718.690385329,"standard_error":722129.2741334795}}