{"mean":{"confidence_interval":{"confidence_level":0.95,"lower_bound":137050596.38175002,"upper_bound":138427963.49175},"point_estimate":137724740.06,"standard_error":351605.2683768991},"median":{"confidence_interval":{"confidence_level":0.95,"lower_bound":136146765.0,"upper_bound":137997574.0},"point_estimate":137039667.5,"standard_error":510229.2115689875},"median_abs_dev":{"confidence_interval":{"confidence_level":0.95,"lower_bound":2513758.633571863,"upper_bound":4166206.5760425455},"point_estimate":3511258.5675626993,"standard_error":402417.57220998796},"slope":null,"std_dev":{"confidence_interval":{"confidence_level":0.95,"lower_bound":2890148.014517951,"upper_bound":4161789.304765678},"point_estimate":3525690.7446793998,"standard_error":327727.4188783012}}