{"mean":{"confidence_interval":{"confidence_level":0.95,"lower_bound":115482485.38475001,"upper_bound":117886731.543},"point_estimate":116678780.36,"standard_error":612965.845335967},"median":{"confidence_interval":{"confidence_level":0.95,"lower_bound":114861313.0,"upper_bound":117978797.0},"point_estimate":116451306.0,"standard_error":879856.4169220483},"median_abs_dev":{"confidence_interval":{"confidence_level":0.95,"lower_bound":4772294.279244842,"upper_bound":8004312.758622537},"point_estimate":6079298.151370883,"standard_error":786564.3107140027},"slope":null,"std_dev":{"confidence_interval":{"confidence_level":0.95,"lower_bound":5241606.947529481,"upper_bound":7032337.107365518},"point_estimate":6153770.998315746,"standard_error":458902.3859145837}}