{"mean":{"confidence_interval":{"confidence_level":0.95,"lower_bound":90622065.2685,"upper_bound":90801578.33925},"point_estimate":90710715.69,"standard_error":45911.95279874336},"median":{"confidence_interval":{"confidence_level":0.95,"lower_bound":90433984.0,"upper_bound":90977439.0},"point_estimate":90519933.0,"standard_error":148841.99657115823},"median_abs_dev":{"confidence_interval":{"confidence_level":0.95,"lower_bound":314019.863525033,"upper_bound":661257.3794603348},"point_estimate":536937.6651674509,"standard_error":98309.98695217632},"slope":null,"std_dev":{"confidence_interval":{"confidence_level":0.95,"lower_bound":414028.1054987046,"upper_bound":508902.10473603674},"point_estimate":460357.40695445775,"standard_error":24356.499706527622}}