{"mean":{"confidence_interval":{"confidence_level":0.95,"lower_bound":11305519.681849997,"upper_bound":11526665.301949995},"point_estimate":11413071.226000002,"standard_error":56561.29566891203},"median":{"confidence_interval":{"confidence_level":0.95,"lower_bound":11106597.1,"upper_bound":11410845.5},"point_estimate":11272466.1,"standard_error":81721.47227941365},"median_abs_dev":{"confidence_interval":{"confidence_level":0.95,"lower_bound":354517.9713660487,"upper_bound":628574.5008605735},"point_estimate":534474.7700911758,"standard_error":74579.44396834412},"slope":null,"std_dev":{"confidence_interval":{"confidence_level":0.95,"lower_bound":472474.84827767,"upper_bound":661942.7467748459},"point_estimate":569356.069146647,"standard_error":48638.121583442204}}