{"mean":{"confidence_interval":{"confidence_level":0.95,"lower_bound":13208549.2575,"upper_bound":13530632.7229375},"point_estimate":13360033.5275,"standard_error":82191.14478255024},"median":{"confidence_interval":{"confidence_level":0.95,"lower_bound":13020823.0,"upper_bound":13284096.5},"point_estimate":13188847.0,"standard_error":70919.76928835335},"median_abs_dev":{"confidence_interval":{"confidence_level":0.95,"lower_bound":351596.35985791683,"upper_bound":785736.2879253924},"point_estimate":547057.5219377875,"standard_error":107488.99392344472},"slope":null,"std_dev":{"confidence_interval":{"confidence_level":0.95,"lower_bound":573997.9411346529,"upper_bound":1104709.9322347266},"point_estimate":828187.0987129756,"standard_error":142914.66708392263}}