{"mean":{"confidence_interval":{"confidence_level":0.95,"lower_bound":10826375.549699996,"upper_bound":10988455.763200002},"point_estimate":10906952.300000003,"standard_error":41221.92666220664},"median":{"confidence_interval":{"confidence_level":0.95,"lower_bound":10794641.0,"upper_bound":10966313.899999999},"point_estimate":10896562.7,"standard_error":41210.21610494887},"median_abs_dev":{"confidence_interval":{"confidence_level":0.95,"lower_bound":320618.0264478927,"upper_bound":554889.3674182442},"point_estimate":435774.2350834611,"standard_error":61786.25250778298},"slope":null,"std_dev":{"confidence_interval":{"confidence_level":0.95,"lower_bound":356635.3454488452,"upper_bound":467443.5449038129},"point_estimate":414962.1507482528,"standard_error":28237.44067575891}}