{"mean":{"confidence_interval":{"confidence_level":0.95,"lower_bound":14597608.769875,"upper_bound":15014193.462062499},"point_estimate":14797090.805,"standard_error":106388.25118637455},"median":{"confidence_interval":{"confidence_level":0.95,"lower_bound":14383168.75,"upper_bound":14695122.75},"point_estimate":14485245.125,"standard_error":77770.27892349126},"median_abs_dev":{"confidence_interval":{"confidence_level":0.95,"lower_bound":555296.8859665096,"upper_bound":915561.7345161533},"point_estimate":759527.6268906891,"standard_error":89418.05247790078},"slope":null,"std_dev":{"confidence_interval":{"confidence_level":0.95,"lower_bound":847099.2092460265,"upper_bound":1251754.9471181592},"point_estimate":1063828.508085498,"standard_error":103764.48964894658}}