{"mean":{"confidence_interval":{"confidence_level":0.95,"lower_bound":16948.23784575293,"upper_bound":18599.3396790998},"point_estimate":17749.514696315426,"standard_error":421.0171973856858},"median":{"confidence_interval":{"confidence_level":0.95,"lower_bound":15076.617197188922,"upper_bound":16610.830508474577},"point_estimate":15493.121175505741,"standard_error":402.8391459223236},"median_abs_dev":{"confidence_interval":{"confidence_level":0.95,"lower_bound":983.4121392908626,"upper_bound":3022.2018329129896},"point_estimate":1602.0503155510955,"standard_error":522.064896553105},"slope":{"confidence_interval":{"confidence_level":0.95,"lower_bound":17665.691020755305,"upper_bound":19914.837407756804},"point_estimate":18762.1054222761,"standard_error":574.2655770390788},"std_dev":{"confidence_interval":{"confidence_level":0.95,"lower_bound":3598.6902362402316,"upper_bound":4748.511489620867},"point_estimate":4253.4044952519325,"standard_error":293.97414090076023}}