{"mean":{"confidence_interval":{"confidence_level":0.95,"lower_bound":39314181.871625,"upper_bound":40402488.399125},"point_estimate":39843422.26,"standard_error":277477.4116353262},"median":{"confidence_interval":{"confidence_level":0.95,"lower_bound":39063297.5,"upper_bound":40196281.5},"point_estimate":39589697.5,"standard_error":245629.29474793345},"median_abs_dev":{"confidence_interval":{"confidence_level":0.95,"lower_bound":1819001.9077062607,"upper_bound":3041775.49469769},"point_estimate":2594401.3232901692,"standard_error":316340.5470451144},"slope":null,"std_dev":{"confidence_interval":{"confidence_level":0.95,"lower_bound":2180470.7577573936,"upper_bound":3487626.413290277},"point_estimate":2788156.9786093095,"standard_error":346491.4182791621}}