{"mean":{"confidence_interval":{"confidence_level":0.95,"lower_bound":31785625.66125,"upper_bound":32565401.618499998},"point_estimate":32140609.8,"standard_error":199280.8208303695},"median":{"confidence_interval":{"confidence_level":0.95,"lower_bound":31489803.0,"upper_bound":32427471.5},"point_estimate":31943387.0,"standard_error":252954.95461168556},"median_abs_dev":{"confidence_interval":{"confidence_level":0.95,"lower_bound":1255378.9256125689,"upper_bound":1891250.8484073335},"point_estimate":1515839.123788476,"standard_error":163418.21869291342},"slope":null,"std_dev":{"confidence_interval":{"confidence_level":0.95,"lower_bound":1269642.048729287,"upper_bound":2878906.0813353714},"point_estimate":2010384.1978208148,"standard_error":486072.0533171133}}