{"mean":{"confidence_interval":{"confidence_level":0.95,"lower_bound":29600492.40425,"upper_bound":30108176.75875},"point_estimate":29853459.47,"standard_error":129323.79360842098},"median":{"confidence_interval":{"confidence_level":0.95,"lower_bound":29402818.75,"upper_bound":30117471.75},"point_estimate":29856908.5,"standard_error":194986.47051991077},"median_abs_dev":{"confidence_interval":{"confidence_level":0.95,"lower_bound":1089269.1658616066,"upper_bound":1753182.6231747866},"point_estimate":1412490.044823289,"standard_error":166361.8487262712},"slope":null,"std_dev":{"confidence_interval":{"confidence_level":0.95,"lower_bound":1137791.9215758133,"upper_bound":1441555.8955677415},"point_estimate":1299159.8421468094,"standard_error":77425.38056561621}}