{"mean":{"confidence_interval":{"confidence_level":0.95,"lower_bound":38598772.3905,"upper_bound":40644374.017375},"point_estimate":39554434.21,"standard_error":522467.3534984537},"median":{"confidence_interval":{"confidence_level":0.95,"lower_bound":37923377.0,"upper_bound":39177531.0},"point_estimate":38462998.75,"standard_error":300432.73426615057},"median_abs_dev":{"confidence_interval":{"confidence_level":0.95,"lower_bound":2638741.811352968,"upper_bound":4215268.941164017},"point_estimate":3289967.178091407,"standard_error":375078.06913428934},"slope":null,"std_dev":{"confidence_interval":{"confidence_level":0.95,"lower_bound":3553598.378515426,"upper_bound":6957364.681753065},"point_estimate":5275640.591893259,"standard_error":885344.0521154815}}