{"mean":{"confidence_interval":{"confidence_level":0.95,"lower_bound":38053991.792875,"upper_bound":39146074.088},"point_estimate":38539202.28,"standard_error":279505.7129376011},"median":{"confidence_interval":{"confidence_level":0.95,"lower_bound":37850486.25,"upper_bound":38706867.0},"point_estimate":38153732.0,"standard_error":180761.1500023209},"median_abs_dev":{"confidence_interval":{"confidence_level":0.95,"lower_bound":1057537.4492749572,"upper_bound":1780982.8552812338},"point_estimate":1437739.0930250287,"standard_error":185231.89834102473},"slope":null,"std_dev":{"confidence_interval":{"confidence_level":0.95,"lower_bound":1546409.4257572058,"upper_bound":4139255.574307341},"point_estimate":2805520.494560761,"standard_error":762511.0838542753}}