{"mean":{"confidence_interval":{"confidence_level":0.95,"lower_bound":32543289.727625,"upper_bound":33088607.859125},"point_estimate":32814890.785,"standard_error":139400.26862508492},"median":{"confidence_interval":{"confidence_level":0.95,"lower_bound":32440066.5,"upper_bound":33056128.0},"point_estimate":32778147.5,"standard_error":158569.25371133783},"median_abs_dev":{"confidence_interval":{"confidence_level":0.95,"lower_bound":824156.1983183026,"upper_bound":1579890.4078513384},"point_estimate":1122979.7827631235,"standard_error":195383.83850168795},"slope":null,"std_dev":{"confidence_interval":{"confidence_level":0.95,"lower_bound":1172531.3822779665,"upper_bound":1612131.1417668043},"point_estimate":1398812.1853460772,"standard_error":112176.78313883353}}