{"mean":{"confidence_interval":{"confidence_level":0.95,"lower_bound":42934686.044,"upper_bound":44776161.678625},"point_estimate":43778041.73,"standard_error":469786.8488114919},"median":{"confidence_interval":{"confidence_level":0.95,"lower_bound":42367392.5,"upper_bound":43573206.75},"point_estimate":42930588.25,"standard_error":328962.4866271111},"median_abs_dev":{"confidence_interval":{"confidence_level":0.95,"lower_bound":2239543.614140153,"upper_bound":3624057.192051373},"point_estimate":2943631.8242400885,"standard_error":355134.6069285385},"slope":null,"std_dev":{"confidence_interval":{"confidence_level":0.95,"lower_bound":2790425.1219228785,"upper_bound":6451174.216746888},"point_estimate":4707687.6290232185,"standard_error":951103.2272369296}}