{"mean":{"confidence_interval":{"confidence_level":0.95,"lower_bound":40491057.098625004,"upper_bound":42210828.844},"point_estimate":41305294.8,"standard_error":439230.00902215583},"median":{"confidence_interval":{"confidence_level":0.95,"lower_bound":40052817.65625002,"upper_bound":40985219.5},"point_estimate":40498634.5,"standard_error":232603.8737260467},"median_abs_dev":{"confidence_interval":{"confidence_level":0.95,"lower_bound":2422601.3448402286,"upper_bound":4497945.788750495},"point_estimate":3506130.6249037385,"standard_error":500360.60395679844},"slope":null,"std_dev":{"confidence_interval":{"confidence_level":0.95,"lower_bound":3225126.168824173,"upper_bound":5783614.39599806},"point_estimate":4424774.338969466,"standard_error":696707.9495889695}}