{"mean":{"confidence_interval":{"confidence_level":0.95,"lower_bound":40312547.322125,"upper_bound":41483115.330749996},"point_estimate":40868143.935,"standard_error":298433.32697794354},"median":{"confidence_interval":{"confidence_level":0.95,"lower_bound":39823910.75,"upper_bound":41359995.0},"point_estimate":40517120.0,"standard_error":388246.37438058853},"median_abs_dev":{"confidence_interval":{"confidence_level":0.95,"lower_bound":1749504.6632900834,"upper_bound":2641775.359159111},"point_estimate":2135203.4170925617,"standard_error":228223.3469971766},"slope":null,"std_dev":{"confidence_interval":{"confidence_level":0.95,"lower_bound":2075802.1920051286,"upper_bound":3810368.9189822995},"point_estimate":2997481.0011018063,"standard_error":440210.92804575514}}