{"mean":{"confidence_interval":{"confidence_level":0.95,"lower_bound":953421.0606506832,"upper_bound":961378.242181512},"point_estimate":957058.044291116,"standard_error":2032.3233215496468},"median":{"confidence_interval":{"confidence_level":0.95,"lower_bound":948854.3421052631,"upper_bound":953749.1477272727},"point_estimate":951388.8953557312,"standard_error":1293.7786072365295},"median_abs_dev":{"confidence_interval":{"confidence_level":0.95,"lower_bound":6327.7428499364805,"upper_bound":11829.85812273664},"point_estimate":8453.523071407177,"standard_error":1400.7281857745559},"slope":{"confidence_interval":{"confidence_level":0.95,"lower_bound":945806.8944771861,"upper_bound":947700.149565663},"point_estimate":946671.5608334565,"standard_error":484.10997801674364},"std_dev":{"confidence_interval":{"confidence_level":0.95,"lower_bound":11535.583874557307,"upper_bound":28877.922968483334},"point_estimate":20476.7743948273,"standard_error":4525.4921749919}}