{"mean":{"confidence_interval":{"confidence_level":0.95,"lower_bound":379724.6204878151,"upper_bound":400084.6963754263},"point_estimate":389153.43765078834,"standard_error":5215.04367054371},"median":{"confidence_interval":{"confidence_level":0.95,"lower_bound":366911.0654654655,"upper_bound":375788.91030286136},"point_estimate":371185.256898775,"standard_error":2167.1129196367638},"median_abs_dev":{"confidence_interval":{"confidence_level":0.95,"lower_bound":14087.813330481387,"upper_bound":25286.45067738642},"point_estimate":20173.40608680433,"standard_error":2884.843782992319},"slope":{"confidence_interval":{"confidence_level":0.95,"lower_bound":375669.8304877662,"upper_bound":388327.58974454104},"point_estimate":381525.32804393873,"standard_error":3229.0510254340384},"std_dev":{"confidence_interval":{"confidence_level":0.95,"lower_bound":32944.38051534043,"upper_bound":69772.30650258056},"point_estimate":52610.856237699314,"standard_error":9444.27449751479}}