{"mean":{"confidence_interval":{"confidence_level":0.95,"lower_bound":288039.4583488472,"upper_bound":301426.24328519864},"point_estimate":293895.65060743777,"standard_error":3435.068408452517},"median":{"confidence_interval":{"confidence_level":0.95,"lower_bound":286036.4913793103,"upper_bound":288011.81111111114},"point_estimate":287329.3553841992,"standard_error":458.93441641644375},"median_abs_dev":{"confidence_interval":{"confidence_level":0.95,"lower_bound":3125.459509041149,"upper_bound":6904.291681370663},"point_estimate":5213.391637820278,"standard_error":1009.7937616247159},"slope":{"confidence_interval":{"confidence_level":0.95,"lower_bound":287685.116418413,"upper_bound":290424.234998553},"point_estimate":288924.95581202896,"standard_error":704.7561420759275},"std_dev":{"confidence_interval":{"confidence_level":0.95,"lower_bound":14842.62654817495,"upper_bound":51223.77790046201},"point_estimate":34432.865909681444,"standard_error":9560.728219564926}}