{"mean":{"confidence_interval":{"confidence_level":0.95,"lower_bound":178353.82180290474,"upper_bound":179924.461288307},"point_estimate":179108.52009767163,"standard_error":399.98649179354624},"median":{"confidence_interval":{"confidence_level":0.95,"lower_bound":178728.8492063492,"upper_bound":180273.51835847477},"point_estimate":179727.14633260714,"standard_error":361.8714564286106},"median_abs_dev":{"confidence_interval":{"confidence_level":0.95,"lower_bound":2110.220988555903,"upper_bound":3842.6279557726434},"point_estimate":3039.0253383984846,"standard_error":449.9112831018537},"slope":{"confidence_interval":{"confidence_level":0.95,"lower_bound":180447.1931463383,"upper_bound":181415.50720487323},"point_estimate":180941.43846904094,"standard_error":246.74927357330634},"std_dev":{"confidence_interval":{"confidence_level":0.95,"lower_bound":2963.9998515562083,"upper_bound":5301.404983108156},"point_estimate":4029.2915846547585,"standard_error":642.8355927553163}}