{"mean":{"confidence_interval":{"confidence_level":0.95,"lower_bound":183623.39583291998,"upper_bound":186502.85821364203},"point_estimate":184970.0804400866,"standard_error":737.3432559435147},"median":{"confidence_interval":{"confidence_level":0.95,"lower_bound":183133.41016785504,"upper_bound":185057.36111111112},"point_estimate":183983.34206349205,"standard_error":489.6888998644861},"median_abs_dev":{"confidence_interval":{"confidence_level":0.95,"lower_bound":2573.579118996256,"upper_bound":4513.630912043675},"point_estimate":3470.528614267278,"standard_error":502.201569976471},"slope":{"confidence_interval":{"confidence_level":0.95,"lower_bound":186362.82210626223,"upper_bound":191907.76648367682},"point_estimate":189029.5992699867,"standard_error":1420.0687989552032},"std_dev":{"confidence_interval":{"confidence_level":0.95,"lower_bound":4921.9284104561075,"upper_bound":9554.533565007321},"point_estimate":7402.7508053063575,"standard_error":1181.7207957587393}}