{"mean":{"confidence_interval":{"confidence_level":0.95,"lower_bound":277857.3368259758,"upper_bound":284340.17149761744},"point_estimate":280723.71466789563,"standard_error":1664.4797152403885},"median":{"confidence_interval":{"confidence_level":0.95,"lower_bound":275781.96484375,"upper_bound":277523.9464285714},"point_estimate":276558.08038949274,"standard_error":388.21636617081685},"median_abs_dev":{"confidence_interval":{"confidence_level":0.95,"lower_bound":2644.0542996933036,"upper_bound":4687.428732280724},"point_estimate":3544.015056215299,"standard_error":530.2428115262004},"slope":{"confidence_interval":{"confidence_level":0.95,"lower_bound":280366.43569247593,"upper_bound":292671.50378805265},"point_estimate":285824.32551573816,"standard_error":3185.004268800018},"std_dev":{"confidence_interval":{"confidence_level":0.95,"lower_bound":8025.048536051425,"upper_bound":24550.93437092729},"point_estimate":16699.301427202732,"standard_error":4408.389505544571}}