{"mean":{"confidence_interval":{"confidence_level":0.95,"lower_bound":429091.11358659755,"upper_bound":452771.58820258355},"point_estimate":440539.35871242016,"standard_error":6047.840379824115},"median":{"confidence_interval":{"confidence_level":0.95,"lower_bound":412257.65,"upper_bound":437015.1052631579},"point_estimate":424095.24690539343,"standard_error":6325.080185747689},"median_abs_dev":{"confidence_interval":{"confidence_level":0.95,"lower_bound":31249.784753609507,"upper_bound":58111.263590158094},"point_estimate":42452.348194070146,"standard_error":7063.39075766505},"slope":{"confidence_interval":{"confidence_level":0.95,"lower_bound":429473.13115065533,"upper_bound":459082.2955541259},"point_estimate":443391.42924289446,"standard_error":7562.360542761347},"std_dev":{"confidence_interval":{"confidence_level":0.95,"lower_bound":47896.07361127986,"upper_bound":72256.09837606645},"point_estimate":60737.805548484095,"standard_error":6209.93007226127}}