{"mean":{"confidence_interval":{"confidence_level":0.95,"lower_bound":185700.81314664992,"upper_bound":189238.33665771436},"point_estimate":187342.16771775612,"standard_error":905.903338072544},"median":{"confidence_interval":{"confidence_level":0.95,"lower_bound":184720.455,"upper_bound":187219.0463276836},"point_estimate":185885.81923076924,"standard_error":694.8935039693113},"median_abs_dev":{"confidence_interval":{"confidence_level":0.95,"lower_bound":4337.602147992167,"upper_bound":6823.887964701821},"point_estimate":6078.020103444923,"standard_error":641.2498357196433},"slope":{"confidence_interval":{"confidence_level":0.95,"lower_bound":188980.62048017068,"upper_bound":193507.74667897978},"point_estimate":190999.65705157383,"standard_error":1158.5828024949003},"std_dev":{"confidence_interval":{"confidence_level":0.95,"lower_bound":5859.474121785647,"upper_bound":12114.408648967565},"point_estimate":9096.012130362367,"standard_error":1614.1744059655712}}