{"mean":{"confidence_interval":{"confidence_level":0.95,"lower_bound":129706.95020859037,"upper_bound":134259.89475889085},"point_estimate":131900.43667008163,"standard_error":1160.165400729991},"median":{"confidence_interval":{"confidence_level":0.95,"lower_bound":127853.375,"upper_bound":131523.9704694976},"point_estimate":129836.47619047618,"standard_error":818.5580393115281},"median_abs_dev":{"confidence_interval":{"confidence_level":0.95,"lower_bound":6250.091565664875,"upper_bound":10633.952228916602},"point_estimate":8232.289186802183,"standard_error":1144.5189886297528},"slope":{"confidence_interval":{"confidence_level":0.95,"lower_bound":128747.98652796747,"upper_bound":133591.6916654202},"point_estimate":131060.67543741688,"standard_error":1234.527719103797},"std_dev":{"confidence_interval":{"confidence_level":0.95,"lower_bound":8738.793415502381,"upper_bound":14415.551371604013},"point_estimate":11686.825820754408,"standard_error":1458.3301279014208}}