{"mean":{"confidence_interval":{"confidence_level":0.95,"lower_bound":12866733.2905625,"upper_bound":13304976.535},"point_estimate":13071995.745,"standard_error":111968.36589322543},"median":{"confidence_interval":{"confidence_level":0.95,"lower_bound":12652006.5,"upper_bound":13117217.75},"point_estimate":12867811.875,"standard_error":139349.63976963368},"median_abs_dev":{"confidence_interval":{"confidence_level":0.95,"lower_bound":580449.1945199668,"upper_bound":1000190.3896305707},"point_estimate":747184.0554848313,"standard_error":112749.05359756808},"slope":null,"std_dev":{"confidence_interval":{"confidence_level":0.95,"lower_bound":764623.0489149293,"upper_bound":1538513.258342089},"point_estimate":1126571.1532366567,"standard_error":219161.21775015382}}