{"mean":{"confidence_interval":{"confidence_level":0.95,"lower_bound":6890849.589625,"upper_bound":7184415.37371875},"point_estimate":7032663.175,"standard_error":74888.53864294515},"median":{"confidence_interval":{"confidence_level":0.95,"lower_bound":6781512.75,"upper_bound":7129002.125},"point_estimate":6979445.0,"standard_error":88067.06041558862},"median_abs_dev":{"confidence_interval":{"confidence_level":0.95,"lower_bound":458413.0548365414,"upper_bound":763756.3726656139},"point_estimate":630015.8474899828,"standard_error":76325.60898245109},"slope":null,"std_dev":{"confidence_interval":{"confidence_level":0.95,"lower_bound":578242.0095446005,"upper_bound":929662.9980206478},"point_estimate":750836.8596666824,"standard_error":91486.88932589038}}