{"mean":{"confidence_interval":{"confidence_level":0.95,"lower_bound":6416879.308361112,"upper_bound":6635078.940666665},"point_estimate":6524823.6,"standard_error":55844.65214726455},"median":{"confidence_interval":{"confidence_level":0.95,"lower_bound":6239125.666666667,"upper_bound":6620552.222222222},"point_estimate":6419799.888888889,"standard_error":93559.66743180313},"median_abs_dev":{"confidence_interval":{"confidence_level":0.95,"lower_bound":425494.4140126321,"upper_bound":725905.5747459331},"point_estimate":564456.7798455558,"standard_error":72429.42481823573},"slope":null,"std_dev":{"confidence_interval":{"confidence_level":0.95,"lower_bound":491211.5337900992,"upper_bound":624429.1996809226},"point_estimate":562610.2755482921,"standard_error":34180.9060754768}}