{"mean":{"confidence_interval":{"confidence_level":0.95,"lower_bound":1893230.7295909093,"upper_bound":2002176.6952386373},"point_estimate":1946851.8431818176,"standard_error":27777.41314409367},"median":{"confidence_interval":{"confidence_level":0.95,"lower_bound":1859846.2727272727,"upper_bound":1987708.3409090908},"point_estimate":1932517.75,"standard_error":35677.359560203855},"median_abs_dev":{"confidence_interval":{"confidence_level":0.95,"lower_bound":191128.39843861104,"upper_bound":292417.97756308864},"point_estimate":252971.0465815934,"standard_error":25414.100176525782},"slope":null,"std_dev":{"confidence_interval":{"confidence_level":0.95,"lower_bound":222698.15750081977,"upper_bound":340659.53792721685},"point_estimate":279470.14511065127,"standard_error":30683.475861179697}}