{"mean":{"confidence_interval":{"confidence_level":0.95,"lower_bound":2107176.217229166,"upper_bound":2197603.2434166665},"point_estimate":2152220.8362499997,"standard_error":23041.81419217972},"median":{"confidence_interval":{"confidence_level":0.95,"lower_bound":2089700.6458333335,"upper_bound":2185557.0},"point_estimate":2140544.458333333,"standard_error":23597.41937013742},"median_abs_dev":{"confidence_interval":{"confidence_level":0.95,"lower_bound":192849.40778873867,"upper_bound":297660.05234047794},"point_estimate":247853.95947471267,"standard_error":26287.558675723558},"slope":null,"std_dev":{"confidence_interval":{"confidence_level":0.95,"lower_bound":202343.34028762285,"upper_bound":257537.5030286529},"point_estimate":231731.57282963255,"standard_error":14085.005908933103}}