{"mean":{"confidence_interval":{"confidence_level":0.95,"lower_bound":2954506.3802058822,"upper_bound":3025528.764117647},"point_estimate":2989079.308235294,"standard_error":18098.31463270272},"median":{"confidence_interval":{"confidence_level":0.95,"lower_bound":2936081.588235294,"upper_bound":3027675.8235294116},"point_estimate":2969872.794117647,"standard_error":25378.379274020834},"median_abs_dev":{"confidence_interval":{"confidence_level":0.95,"lower_bound":126613.07842275663,"upper_bound":195053.8842360724},"point_estimate":169461.43862675212,"standard_error":17568.29292739339},"slope":null,"std_dev":{"confidence_interval":{"confidence_level":0.95,"lower_bound":143272.2707277688,"upper_bound":225918.2285401823},"point_estimate":182125.44397836854,"standard_error":21778.517608605813}}