{"mean":{"confidence_interval":{"confidence_level":0.95,"lower_bound":2538072.0171000008,"upper_bound":2571618.9972499986},"point_estimate":2554537.6959999995,"standard_error":8568.591722774458},"median":{"confidence_interval":{"confidence_level":0.95,"lower_bound":2531026.425,"upper_bound":2560254.15},"point_estimate":2547426.55,"standard_error":7555.278552709581},"median_abs_dev":{"confidence_interval":{"confidence_level":0.95,"lower_bound":51991.48229196654,"upper_bound":94286.64956107715},"point_estimate":76851.162675619,"standard_error":10709.242872337996},"slope":null,"std_dev":{"confidence_interval":{"confidence_level":0.95,"lower_bound":70772.82720479235,"upper_bound":100195.78201175391},"point_estimate":86033.27135631705,"standard_error":7502.2310467310435}}