{"mean":{"confidence_interval":{"confidence_level":0.95,"lower_bound":3078210.042044118,"upper_bound":3152537.643735293},"point_estimate":3114445.288235294,"standard_error":18995.488345479305},"median":{"confidence_interval":{"confidence_level":0.95,"lower_bound":3037190.2352941176,"upper_bound":3125800.6470588236},"point_estimate":3086499.852941177,"standard_error":22338.335145319772},"median_abs_dev":{"confidence_interval":{"confidence_level":0.95,"lower_bound":119201.14580831544,"upper_bound":210486.46031811793},"point_estimate":153828.46844546974,"standard_error":23409.17533834394},"slope":null,"std_dev":{"confidence_interval":{"confidence_level":0.95,"lower_bound":156828.26749453862,"upper_bound":220057.9584347679},"point_estimate":190632.77752808455,"standard_error":16127.07870432991}}