{"mean":{"confidence_interval":{"confidence_level":0.95,"lower_bound":2719356.702847222,"upper_bound":2769932.2683611107},"point_estimate":2744119.893888889,"standard_error":12941.444399078564},"median":{"confidence_interval":{"confidence_level":0.95,"lower_bound":2700875.222222222,"upper_bound":2781609.0},"point_estimate":2744381.0,"standard_error":19284.1365415996},"median_abs_dev":{"confidence_interval":{"confidence_level":0.95,"lower_bound":104202.72708336543,"upper_bound":159701.55083139706},"point_estimate":132891.07775737834,"standard_error":14517.774640280313},"slope":null,"std_dev":{"confidence_interval":{"confidence_level":0.95,"lower_bound":107563.09581655441,"upper_bound":151640.13352758466},"point_estimate":129996.23355969999,"standard_error":11346.174232645482}}