{"mean":{"confidence_interval":{"confidence_level":0.95,"lower_bound":2440805.432602272,"upper_bound":2471175.455977273},"point_estimate":2456136.887727272,"standard_error":7729.967891842794},"median":{"confidence_interval":{"confidence_level":0.95,"lower_bound":2455449.6818181816,"upper_bound":2482336.409090909},"point_estimate":2470974.9772727275,"standard_error":7296.571123277457},"median_abs_dev":{"confidence_interval":{"confidence_level":0.95,"lower_bound":41978.335654735565,"upper_bound":75350.75128498384},"point_estimate":59025.06797936814,"standard_error":8160.668344168531},"slope":null,"std_dev":{"confidence_interval":{"confidence_level":0.95,"lower_bound":63890.959350493504,"upper_bound":89987.21894420072},"point_estimate":77530.78678894415,"standard_error":6661.38707924594}}