{"mean":{"confidence_interval":{"confidence_level":0.95,"lower_bound":2372778.0972840907,"upper_bound":2390275.3933636365},"point_estimate":2381562.5081818174,"standard_error":4446.0270509949105},"median":{"confidence_interval":{"confidence_level":0.95,"lower_bound":2374678.7727272725,"upper_bound":2395619.8181818184},"point_estimate":2385735.6818181816,"standard_error":4978.681240832529},"median_abs_dev":{"confidence_interval":{"confidence_level":0.95,"lower_bound":34436.95610680411,"upper_bound":59530.162834037714},"point_estimate":45256.66745562417,"standard_error":6550.560924383772},"slope":null,"std_dev":{"confidence_interval":{"confidence_level":0.95,"lower_bound":38879.27929919025,"upper_bound":50081.54516983213},"point_estimate":44812.95466334162,"standard_error":2853.3920535937687}}