{"mean":{"confidence_interval":{"confidence_level":0.95,"lower_bound":2696314.3288750006,"upper_bound":2770887.8616944444},"point_estimate":2732845.6444444447,"standard_error":19012.439851684037},"median":{"confidence_interval":{"confidence_level":0.95,"lower_bound":2664571.388888889,"upper_bound":2756100.277777778},"point_estimate":2693467.972222222,"standard_error":22610.90965537267},"median_abs_dev":{"confidence_interval":{"confidence_level":0.95,"lower_bound":143155.44684181642,"upper_bound":225618.7693277998},"point_estimate":178060.87458878767,"standard_error":21277.414355281704},"slope":null,"std_dev":{"confidence_interval":{"confidence_level":0.95,"lower_bound":161398.20748892616,"upper_bound":215988.95822191748},"point_estimate":190796.51893638365,"standard_error":13941.71914579442}}