{"mean":{"confidence_interval":{"confidence_level":0.95,"lower_bound":2369622.8904285724,"upper_bound":2386522.1644761898},"point_estimate":2377934.1995238094,"standard_error":4305.570677999474},"median":{"confidence_interval":{"confidence_level":0.95,"lower_bound":2364518.0476190476,"upper_bound":2383996.1666666665},"point_estimate":2376696.7142857146,"standard_error":5364.933062571443},"median_abs_dev":{"confidence_interval":{"confidence_level":0.95,"lower_bound":26838.766023516655,"upper_bound":46172.75218026966},"point_estimate":36429.88175324015,"standard_error":4826.6462400612145},"slope":null,"std_dev":{"confidence_interval":{"confidence_level":0.95,"lower_bound":35301.02780872843,"upper_bound":50618.642273194026},"point_estimate":43327.095579558634,"standard_error":3901.987939302104}}