{"mean":{"confidence_interval":{"confidence_level":0.95,"lower_bound":2665792.6870000004,"upper_bound":2719877.315775001},"point_estimate":2691596.9839999997,"standard_error":13862.866407682961},"median":{"confidence_interval":{"confidence_level":0.95,"lower_bound":2628765.2,"upper_bound":2664910.55},"point_estimate":2646087.85,"standard_error":9021.658770117569},"median_abs_dev":{"confidence_interval":{"confidence_level":0.95,"lower_bound":56776.68490201249,"upper_bound":94383.27801436173},"point_estimate":78648.96340370178,"standard_error":9917.957891104246},"slope":null,"std_dev":{"confidence_interval":{"confidence_level":0.95,"lower_bound":106201.08630380452,"upper_bound":168220.805057863},"point_estimate":139619.20277847224,"standard_error":15891.785695434124}}