{"mean":{"confidence_interval":{"confidence_level":0.95,"lower_bound":4928391.1084,"upper_bound":5030950.599625},"point_estimate":4974391.084,"standard_error":26163.71545457048},"median":{"confidence_interval":{"confidence_level":0.95,"lower_bound":4897744.5,"upper_bound":4987265.3},"point_estimate":4942259.95,"standard_error":24367.054923134743},"median_abs_dev":{"confidence_interval":{"confidence_level":0.95,"lower_bound":132219.397988387,"upper_bound":212651.1674746871},"point_estimate":166556.83777302477,"standard_error":20926.051524965107},"slope":null,"std_dev":{"confidence_interval":{"confidence_level":0.95,"lower_bound":143536.55690614748,"upper_bound":370230.8852842194},"point_estimate":261895.89548465775,"standard_error":60463.40424268306}}