{"mean":{"confidence_interval":{"confidence_level":0.95,"lower_bound":6089596.039916667,"upper_bound":6154151.223000001},"point_estimate":6121612.124444444,"standard_error":16513.271691551145},"median":{"confidence_interval":{"confidence_level":0.95,"lower_bound":6056124.666666667,"upper_bound":6132295.666666666},"point_estimate":6089943.166666666,"standard_error":20394.264093507696},"median_abs_dev":{"confidence_interval":{"confidence_level":0.95,"lower_bound":122757.8343447799,"upper_bound":208028.95614008163},"point_estimate":170039.2262478671,"standard_error":23125.848593000697},"slope":null,"std_dev":{"confidence_interval":{"confidence_level":0.95,"lower_bound":145085.11096705231,"upper_bound":183289.36932853193},"point_estimate":165496.13696925424,"standard_error":9755.626089833873}}