{"mean":{"confidence_interval":{"confidence_level":0.95,"lower_bound":7739189.969678573,"upper_bound":7959469.1113214325},"point_estimate":7845445.107142856,"standard_error":56255.03553950616},"median":{"confidence_interval":{"confidence_level":0.95,"lower_bound":7659982.571428571,"upper_bound":7851927.5},"point_estimate":7724247.5,"standard_error":50418.189970011226},"median_abs_dev":{"confidence_interval":{"confidence_level":0.95,"lower_bound":319281.3990316223,"upper_bound":533561.7850273848},"point_estimate":421624.21621467435,"standard_error":53409.02239425109},"slope":null,"std_dev":{"confidence_interval":{"confidence_level":0.95,"lower_bound":432117.66636414686,"upper_bound":696838.5319210661},"point_estimate":565944.2850560336,"standard_error":68394.03134009738}}