{"mean":{"confidence_interval":{"confidence_level":0.95,"lower_bound":108205.19794520216,"upper_bound":113727.66048062238},"point_estimate":110751.98328385648,"standard_error":1410.568353416312},"median":{"confidence_interval":{"confidence_level":0.95,"lower_bound":105787.64375,"upper_bound":107573.7131147541},"point_estimate":106688.55576599327,"standard_error":410.01975287971976},"median_abs_dev":{"confidence_interval":{"confidence_level":0.95,"lower_bound":2474.8229273046577,"upper_bound":4791.325145720336},"point_estimate":3505.6704423452416,"standard_error":627.5657551848177},"slope":{"confidence_interval":{"confidence_level":0.95,"lower_bound":106674.75890680973,"upper_bound":110290.38072180103},"point_estimate":108296.66904891384,"standard_error":924.3104230086973},"std_dev":{"confidence_interval":{"confidence_level":0.95,"lower_bound":9231.713367008093,"upper_bound":17919.213108877884},"point_estimate":14089.66904792051,"standard_error":2218.909341701464}}