{"mean":{"confidence_interval":{"confidence_level":0.95,"lower_bound":2018781.124947917,"upper_bound":2103750.5922708344},"point_estimate":2060198.2358333329,"standard_error":21692.75068794587},"median":{"confidence_interval":{"confidence_level":0.95,"lower_bound":1957515.2083333333,"upper_bound":2021754.0},"point_estimate":1982300.2291666665,"standard_error":14305.208388791567},"median_abs_dev":{"confidence_interval":{"confidence_level":0.95,"lower_bound":107751.10361203534,"upper_bound":219657.1318753066},"point_estimate":157655.32606355863,"standard_error":27558.217916395235},"slope":null,"std_dev":{"confidence_interval":{"confidence_level":0.95,"lower_bound":185529.84992858296,"upper_bound":244095.0905146853},"point_estimate":217842.0923559303,"standard_error":14920.719061088459}}