{"mean":{"confidence_interval":{"confidence_level":0.95,"lower_bound":2541007.48238158,"upper_bound":2694885.740868422},"point_estimate":2614852.9194736863,"standard_error":39438.99474428464},"median":{"confidence_interval":{"confidence_level":0.95,"lower_bound":2498761.0,"upper_bound":2616940.736842105},"point_estimate":2553824.5263157897,"standard_error":29358.55624171703},"median_abs_dev":{"confidence_interval":{"confidence_level":0.95,"lower_bound":227904.44862230838,"upper_bound":382961.9717905396},"point_estimate":310938.35751131916,"standard_error":39998.02687129233},"slope":null,"std_dev":{"confidence_interval":{"confidence_level":0.95,"lower_bound":296951.39817349496,"upper_bound":499202.2051009882},"point_estimate":395516.5484355095,"standard_error":52653.53523361056}}