{"mean":{"confidence_interval":{"confidence_level":0.95,"lower_bound":26189961.4885,"upper_bound":26659622.073125},"point_estimate":26411723.54,"standard_error":120275.08501559276},"median":{"confidence_interval":{"confidence_level":0.95,"lower_bound":25978022.5,"upper_bound":26301649.75},"point_estimate":26085923.0,"standard_error":90788.06373818763},"median_abs_dev":{"confidence_interval":{"confidence_level":0.95,"lower_bound":579093.9128190279,"upper_bound":935969.8111832142},"point_estimate":751472.8465586901,"standard_error":93771.4503819387},"slope":null,"std_dev":{"confidence_interval":{"confidence_level":0.95,"lower_bound":809101.5072795552,"upper_bound":1576525.503878511},"point_estimate":1211381.3218012226,"standard_error":198301.9747269035}}