{"mean":{"confidence_interval":{"confidence_level":0.95,"lower_bound":30368142.772625,"upper_bound":31289936.615125},"point_estimate":30814651.215,"standard_error":235725.96151227644},"median":{"confidence_interval":{"confidence_level":0.95,"lower_bound":29797670.75,"upper_bound":30686481.0},"point_estimate":30315402.75,"standard_error":222996.79260051923},"median_abs_dev":{"confidence_interval":{"confidence_level":0.95,"lower_bound":1200094.3941878157,"upper_bound":2119553.8330703974},"point_estimate":1620058.4889382124,"standard_error":226019.82321671073},"slope":null,"std_dev":{"confidence_interval":{"confidence_level":0.95,"lower_bound":1876502.052621945,"upper_bound":2793546.895152419},"point_estimate":2366334.3537129387,"standard_error":234245.03531511774}}