{"mean":{"confidence_interval":{"confidence_level":0.95,"lower_bound":26427213.69625,"upper_bound":27234831.16875},"point_estimate":26833161.0,"standard_error":206920.52181209874},"median":{"confidence_interval":{"confidence_level":0.95,"lower_bound":26460040.25,"upper_bound":27830552.0},"point_estimate":27079995.0,"standard_error":366741.2930636916},"median_abs_dev":{"confidence_interval":{"confidence_level":0.95,"lower_bound":1282148.7507373095,"upper_bound":2546390.2883425355},"point_estimate":1966483.169437945,"standard_error":311728.19627453823},"slope":null,"std_dev":{"confidence_interval":{"confidence_level":0.95,"lower_bound":1762404.4908117705,"upper_bound":2381867.2602668963},"point_estimate":2083869.1653787573,"standard_error":158491.38972948957}}