{"mean":{"confidence_interval":{"confidence_level":0.95,"lower_bound":26264577.747625,"upper_bound":27048405.006125},"point_estimate":26663864.645,"standard_error":200084.31423044307},"median":{"confidence_interval":{"confidence_level":0.95,"lower_bound":26494169.5,"upper_bound":27278157.25},"point_estimate":26973721.5,"standard_error":199417.8142965812},"median_abs_dev":{"confidence_interval":{"confidence_level":0.95,"lower_bound":1335239.914494753,"upper_bound":2411758.34993273},"point_estimate":1806722.2734242678,"standard_error":283252.9448715544},"slope":null,"std_dev":{"confidence_interval":{"confidence_level":0.95,"lower_bound":1751951.5745729615,"upper_bound":2229492.5122509697},"point_estimate":2008546.8695751745,"standard_error":121619.46465173746}}