{"mean":{"confidence_interval":{"confidence_level":0.95,"lower_bound":109116644.714,"upper_bound":111893130.08150001},"point_estimate":110490406.62,"standard_error":708337.9323918059},"median":{"confidence_interval":{"confidence_level":0.95,"lower_bound":108724249.5,"upper_bound":111581735.0},"point_estimate":110201779.0,"standard_error":701965.8022547704},"median_abs_dev":{"confidence_interval":{"confidence_level":0.95,"lower_bound":6244331.543540955,"upper_bound":9697571.71165868},"point_estimate":7866451.587742567,"standard_error":899162.9171188143},"slope":null,"std_dev":{"confidence_interval":{"confidence_level":0.95,"lower_bound":6195240.182636738,"upper_bound":7975589.897989498},"point_estimate":7112218.52516217,"standard_error":453806.62286898366}}