{"mean":{"confidence_interval":{"confidence_level":0.95,"lower_bound":132897386.39025,"upper_bound":133678776.23625},"point_estimate":133287586.36,"standard_error":199671.91859456035},"median":{"confidence_interval":{"confidence_level":0.95,"lower_bound":132973073.0,"upper_bound":133605524.0},"point_estimate":133392423.5,"standard_error":176483.7063498805},"median_abs_dev":{"confidence_interval":{"confidence_level":0.95,"lower_bound":1130411.3151311874,"upper_bound":2040579.4389724731},"point_estimate":1590906.1256557703,"standard_error":228390.64224614034},"slope":null,"std_dev":{"confidence_interval":{"confidence_level":0.95,"lower_bound":1643328.218882043,"upper_bound":2343499.550297036},"point_estimate":2004553.8934874577,"standard_error":179103.68402157037}}