{"mean":{"confidence_interval":{"confidence_level":0.95,"lower_bound":129296250.63525,"upper_bound":130994195.83375},"point_estimate":130114632.22,"standard_error":434175.18695668364},"median":{"confidence_interval":{"confidence_level":0.95,"lower_bound":128179328.0,"upper_bound":130239616.0},"point_estimate":128994323.5,"standard_error":583655.9413775896},"median_abs_dev":{"confidence_interval":{"confidence_level":0.95,"lower_bound":2587939.0406548977,"upper_bound":4545327.27468431},"point_estimate":3265553.2043248415,"standard_error":499370.03935653693},"slope":null,"std_dev":{"confidence_interval":{"confidence_level":0.95,"lower_bound":3427846.9691686765,"upper_bound":5223576.806458735},"point_estimate":4377650.086717843,"standard_error":460053.3963317228}}