{"mean":{"confidence_interval":{"confidence_level":0.95,"lower_bound":106123671.5535,"upper_bound":107393652.76474999},"point_estimate":106753930.98,"standard_error":324839.23038775724},"median":{"confidence_interval":{"confidence_level":0.95,"lower_bound":105820140.5,"upper_bound":107175568.0},"point_estimate":106464452.0,"standard_error":288426.04562915774},"median_abs_dev":{"confidence_interval":{"confidence_level":0.95,"lower_bound":2359011.5200191736,"upper_bound":4186346.380877495},"point_estimate":3124710.6546252966,"standard_error":444542.0773601507},"slope":null,"std_dev":{"confidence_interval":{"confidence_level":0.95,"lower_bound":2774649.4871471515,"upper_bound":3725681.813376828},"point_estimate":3271294.446277659,"standard_error":243808.5221356245}}