{"mean":{"confidence_interval":{"confidence_level":0.95,"lower_bound":1105686.5902832847,"upper_bound":1122761.4218915512},"point_estimate":1112552.7528180652,"standard_error":4461.915291833862},"median":{"confidence_interval":{"confidence_level":0.95,"lower_bound":1103130.8169014084,"upper_bound":1113527.0588235294},"point_estimate":1108831.9910483174,"standard_error":2497.993884258285},"median_abs_dev":{"confidence_interval":{"confidence_level":0.95,"lower_bound":14306.402808010514,"upper_bound":24367.6562371632},"point_estimate":21032.386387503346,"standard_error":2577.89551175018},"slope":{"confidence_interval":{"confidence_level":0.95,"lower_bound":1103933.313910989,"upper_bound":1114495.6944466727},"point_estimate":1109177.791931432,"standard_error":2701.919205470443},"std_dev":{"confidence_interval":{"confidence_level":0.95,"lower_bound":16648.85643724327,"upper_bound":72660.69366816599},"point_estimate":44833.06348496268,"standard_error":18658.713735342564}}