{"mean":{"confidence_interval":{"confidence_level":0.95,"lower_bound":1334302.560328548,"upper_bound":1407135.3482920718},"point_estimate":1368165.9118483844,"standard_error":18690.01840061653},"median":{"confidence_interval":{"confidence_level":0.95,"lower_bound":1279512.0681818181,"upper_bound":1334746.9277813924},"point_estimate":1302301.265625,"standard_error":14139.57305154663},"median_abs_dev":{"confidence_interval":{"confidence_level":0.95,"lower_bound":67023.67305889376,"upper_bound":140603.40645002335},"point_estimate":98737.10266568755,"standard_error":18445.639328842943},"slope":{"confidence_interval":{"confidence_level":0.95,"lower_bound":1277296.2873040913,"upper_bound":1329232.2508986727},"point_estimate":1300997.615220925,"standard_error":13329.712226857579},"std_dev":{"confidence_interval":{"confidence_level":0.95,"lower_bound":123465.06417024176,"upper_bound":252501.77451129653},"point_estimate":188151.49333433993,"standard_error":33829.415556584485}}