{"mean":{"confidence_interval":{"confidence_level":0.95,"lower_bound":1159258.1461838325,"upper_bound":1189675.2905966234},"point_estimate":1173762.2300412622,"standard_error":7776.028637031246},"median":{"confidence_interval":{"confidence_level":0.95,"lower_bound":1142651.746031746,"upper_bound":1177355.1860465116},"point_estimate":1159830.695945946,"standard_error":8386.673677125858},"median_abs_dev":{"confidence_interval":{"confidence_level":0.95,"lower_bound":43110.726184176674,"upper_bound":72989.04975418541},"point_estimate":57476.28794056722,"standard_error":8086.1917243327525},"slope":{"confidence_interval":{"confidence_level":0.95,"lower_bound":1172066.596460372,"upper_bound":1223406.5293753622},"point_estimate":1196418.313075218,"standard_error":13150.04395296395},"std_dev":{"confidence_interval":{"confidence_level":0.95,"lower_bound":58025.365898215445,"upper_bound":98041.49852008448},"point_estimate":77924.43593427421,"standard_error":10337.969941113746}}