{"mean":{"confidence_interval":{"confidence_level":0.95,"lower_bound":1079808.5288191852,"upper_bound":1110002.5076797006},"point_estimate":1092490.5686449711,"standard_error":7846.256348918189},"median":{"confidence_interval":{"confidence_level":0.95,"lower_bound":1073613.5844947735,"upper_bound":1076360.4615384615},"point_estimate":1075105.7524435455,"standard_error":802.9505844342051},"median_abs_dev":{"confidence_interval":{"confidence_level":0.95,"lower_bound":4689.186363701782,"upper_bound":9093.63644878311},"point_estimate":6625.343270573177,"standard_error":1090.0975699582518},"slope":{"confidence_interval":{"confidence_level":0.95,"lower_bound":1076165.1483735095,"upper_bound":1082571.6742849883},"point_estimate":1079054.549120733,"standard_error":1645.5454604488425},"std_dev":{"confidence_interval":{"confidence_level":0.95,"lower_bound":16262.905454717551,"upper_bound":121961.0494475523},"point_estimate":78756.00868434848,"standard_error":27653.535443624165}}