{"mean":{"confidence_interval":{"confidence_level":0.95,"lower_bound":891045.777396139,"upper_bound":896347.2007467578},"point_estimate":893470.5017644054,"standard_error":1356.940594410243},"median":{"confidence_interval":{"confidence_level":0.95,"lower_bound":889341.4462986735,"upper_bound":892211.7321428572},"point_estimate":890448.0340524158,"standard_error":781.9603104882342},"median_abs_dev":{"confidence_interval":{"confidence_level":0.95,"lower_bound":4352.002816516313,"upper_bound":7394.743677736765},"point_estimate":5828.411364266919,"standard_error":714.4373732860814},"slope":{"confidence_interval":{"confidence_level":0.95,"lower_bound":891820.1608284094,"upper_bound":894113.1911239352},"point_estimate":892966.597465642,"standard_error":582.6902290791572},"std_dev":{"confidence_interval":{"confidence_level":0.95,"lower_bound":8023.200394614873,"upper_bound":18167.72961368875},"point_estimate":13605.412582491086,"standard_error":2586.0217366491493}}