{"mean":{"confidence_interval":{"confidence_level":0.95,"lower_bound":497083.52050509886,"upper_bound":500633.39787839353},"point_estimate":498760.0928925362,"standard_error":907.5345675732365},"median":{"confidence_interval":{"confidence_level":0.95,"lower_bound":494952.02777777775,"upper_bound":499384.94897959183},"point_estimate":497842.95577249577,"standard_error":1141.6634473750953},"median_abs_dev":{"confidence_interval":{"confidence_level":0.95,"lower_bound":5147.428496202836,"upper_bound":8284.89037161933},"point_estimate":6728.472153945993,"standard_error":790.6698843906318},"slope":{"confidence_interval":{"confidence_level":0.95,"lower_bound":498192.6160883241,"upper_bound":500885.6464618932},"point_estimate":499488.58891236887,"standard_error":686.7110354486657},"std_dev":{"confidence_interval":{"confidence_level":0.95,"lower_bound":6232.384078855762,"upper_bound":11765.151959746861},"point_estimate":9120.997910946584,"standard_error":1416.0983296668292}}