{"mean":{"confidence_interval":{"confidence_level":0.95,"lower_bound":491217.9069499902,"upper_bound":496419.63119241106},"point_estimate":493447.5201856946,"standard_error":1349.4048760263781},"median":{"confidence_interval":{"confidence_level":0.95,"lower_bound":490621.3461538461,"upper_bound":493143.76342696627},"point_estimate":491783.01715686277,"standard_error":655.2131151092875},"median_abs_dev":{"confidence_interval":{"confidence_level":0.95,"lower_bound":4040.4813982470073,"upper_bound":6621.053974690753},"point_estimate":5209.575677230858,"standard_error":651.4524133577605},"slope":{"confidence_interval":{"confidence_level":0.95,"lower_bound":492554.6352338963,"upper_bound":494542.2906441349},"point_estimate":493528.5720614748,"standard_error":506.88296901503463},"std_dev":{"confidence_interval":{"confidence_level":0.95,"lower_bound":4814.488479514449,"upper_bound":21030.75667378831},"point_estimate":13557.847235257519,"standard_error":4403.153460699458}}