{"mean":{"confidence_interval":{"confidence_level":0.95,"lower_bound":877953.2970418481,"upper_bound":884001.017069337},"point_estimate":880689.2172085196,"standard_error":1549.0999618835285},"median":{"confidence_interval":{"confidence_level":0.95,"lower_bound":875565.4714285714,"upper_bound":878817.703125},"point_estimate":877539.8591811415,"standard_error":824.7371830738314},"median_abs_dev":{"confidence_interval":{"confidence_level":0.95,"lower_bound":4850.344292041651,"upper_bound":8695.168412799181},"point_estimate":6721.00500063867,"standard_error":1026.588671437342},"slope":{"confidence_interval":{"confidence_level":0.95,"lower_bound":874998.5295112658,"upper_bound":879266.4509311687},"point_estimate":876830.5695256392,"standard_error":1102.045833648921},"std_dev":{"confidence_interval":{"confidence_level":0.95,"lower_bound":8238.41106855393,"upper_bound":21575.869097174476},"point_estimate":15556.610214479073,"standard_error":3388.223527950387}}