{"mean":{"confidence_interval":{"confidence_level":0.95,"lower_bound":1179078.7000251948,"upper_bound":1218402.1070757268},"point_estimate":1197767.020989814,"standard_error":10065.106260880419},"median":{"confidence_interval":{"confidence_level":0.95,"lower_bound":1156579.875,"upper_bound":1176583.222826087},"point_estimate":1167134.3464693492,"standard_error":4681.516227593185},"median_abs_dev":{"confidence_interval":{"confidence_level":0.95,"lower_bound":30463.70652742695,"upper_bound":61768.956833189535},"point_estimate":42973.74340939571,"standard_error":7672.612425255935},"slope":{"confidence_interval":{"confidence_level":0.95,"lower_bound":1184029.603538801,"upper_bound":1235593.5442158014},"point_estimate":1208978.6603457958,"standard_error":13198.822994889186},"std_dev":{"confidence_interval":{"confidence_level":0.95,"lower_bound":74211.91762133392,"upper_bound":124980.47746601302},"point_estimate":101310.35577345935,"standard_error":13013.930189939896}}