{"mean":{"confidence_interval":{"confidence_level":0.95,"lower_bound":5476625.925149999,"upper_bound":5626704.159600001},"point_estimate":5544685.892999998,"standard_error":38315.125517977765},"median":{"confidence_interval":{"confidence_level":0.95,"lower_bound":5398348.6,"upper_bound":5505224.15},"point_estimate":5443588.85,"standard_error":28350.633229902778},"median_abs_dev":{"confidence_interval":{"confidence_level":0.95,"lower_bound":128578.77923727066,"upper_bound":219566.75505191088},"point_estimate":171256.01251959815,"standard_error":23709.445580435135},"slope":null,"std_dev":{"confidence_interval":{"confidence_level":0.95,"lower_bound":221194.5564541009,"upper_bound":544364.5198947312},"point_estimate":385694.64880221814,"standard_error":86184.30517147187}}