{"mean":{"confidence_interval":{"confidence_level":0.95,"lower_bound":15694.731045640292,"upper_bound":16247.991269230455},"point_estimate":15940.22553329781,"standard_error":141.40127904351024},"median":{"confidence_interval":{"confidence_level":0.95,"lower_bound":15783.526725589225,"upper_bound":16033.10606060606},"point_estimate":15883.5898989899,"standard_error":55.152262626271515},"median_abs_dev":{"confidence_interval":{"confidence_level":0.95,"lower_bound":390.55735081032986,"upper_bound":800.2199483736056},"point_estimate":544.299393251774,"standard_error":101.5814223999825},"slope":{"confidence_interval":{"confidence_level":0.95,"lower_bound":15318.631101022163,"upper_bound":15709.821023385392},"point_estimate":15515.94115502595,"standard_error":100.42552830748579},"std_dev":{"confidence_interval":{"confidence_level":0.95,"lower_bound":662.1401385282637,"upper_bound":2104.3110613730705},"point_estimate":1420.0425547150112,"standard_error":391.22449797546875}}