{"mean":{"confidence_interval":{"confidence_level":0.95,"lower_bound":100663.6765877594,"upper_bound":103498.78403476767},"point_estimate":101868.21554021892,"standard_error":733.7971831962815},"median":{"confidence_interval":{"confidence_level":0.95,"lower_bound":100419.28923076922,"upper_bound":101173.05949367088},"point_estimate":100875.1593448667,"standard_error":195.74943507043852},"median_abs_dev":{"confidence_interval":{"confidence_level":0.95,"lower_bound":1388.0582722068966,"upper_bound":2119.5627352082192},"point_estimate":1798.7900105650892,"standard_error":184.0138153933206},"slope":{"confidence_interval":{"confidence_level":0.95,"lower_bound":100148.74725170295,"upper_bound":101027.58322373079},"point_estimate":100562.69810669425,"standard_error":223.00203495132888},"std_dev":{"confidence_interval":{"confidence_level":0.95,"lower_bound":2415.6323533279688,"upper_bound":11528.497147528113},"point_estimate":7366.318920560324,"standard_error":2475.280706029089}}