{"mean":{"confidence_interval":{"confidence_level":0.95,"lower_bound":79092.69637132878,"upper_bound":80937.28048027019},"point_estimate":79827.61790156947,"standard_error":485.27508531151807},"median":{"confidence_interval":{"confidence_level":0.95,"lower_bound":79074.65158371041,"upper_bound":79334.58181818182},"point_estimate":79203.13020637899,"standard_error":67.12928793684578},"median_abs_dev":{"confidence_interval":{"confidence_level":0.95,"lower_bound":448.865504728241,"upper_bound":817.6530238713367},"point_estimate":579.4000415772078,"standard_error":94.07546980739662},"slope":{"confidence_interval":{"confidence_level":0.95,"lower_bound":79108.1922635447,"upper_bound":79805.9695036399},"point_estimate":79382.69628945903,"standard_error":186.00852921752627},"std_dev":{"confidence_interval":{"confidence_level":0.95,"lower_bound":866.2081141908518,"upper_bound":7971.524515526228},"point_estimate":4881.574794722173,"standard_error":2039.2904349029034}}