{"mean":{"confidence_interval":{"confidence_level":0.95,"lower_bound":156330.21029144517,"upper_bound":159503.03604299773},"point_estimate":157773.41596306907,"standard_error":809.5645426226876},"median":{"confidence_interval":{"confidence_level":0.95,"lower_bound":156127.4401234568,"upper_bound":158476.86764705883},"point_estimate":157050.17243186582,"standard_error":672.6651417971397},"median_abs_dev":{"confidence_interval":{"confidence_level":0.95,"lower_bound":3762.6322418820946,"upper_bound":6187.30945634177},"point_estimate":4965.548941083759,"standard_error":623.8709490546804},"slope":{"confidence_interval":{"confidence_level":0.95,"lower_bound":159723.98817935225,"upper_bound":161902.46084822936},"point_estimate":160801.5411157086,"standard_error":555.670108873298},"std_dev":{"confidence_interval":{"confidence_level":0.95,"lower_bound":4855.622145633346,"upper_bound":11780.388528241638},"point_estimate":8145.492863123828,"standard_error":2017.9466201157254}}