{"mean":{"confidence_interval":{"confidence_level":0.95,"lower_bound":166796.0068582827,"upper_bound":174867.82432741995},"point_estimate":170056.7198448193,"standard_error":2105.2935089828025},"median":{"confidence_interval":{"confidence_level":0.95,"lower_bound":165073.77109053498,"upper_bound":167187.51196581195},"point_estimate":166005.47222222222,"standard_error":513.4060513500071},"median_abs_dev":{"confidence_interval":{"confidence_level":0.95,"lower_bound":4156.766552270167,"upper_bound":7438.0848118303},"point_estimate":5684.3972674230845,"standard_error":822.1563664615945},"slope":{"confidence_interval":{"confidence_level":0.95,"lower_bound":168331.38490056948,"upper_bound":174568.72870178244},"point_estimate":171056.9046115955,"standard_error":1596.902617842947},"std_dev":{"confidence_interval":{"confidence_level":0.95,"lower_bound":7685.683063333996,"upper_bound":34099.64350149328},"point_estimate":21161.073701375695,"standard_error":8629.512435574728}}