{"mean":{"confidence_interval":{"confidence_level":0.95,"lower_bound":607969.5951203495,"upper_bound":643658.9371580827},"point_estimate":625386.8156893168,"standard_error":9083.322789163582},"median":{"confidence_interval":{"confidence_level":0.95,"lower_bound":596767.9655205905,"upper_bound":650145.92},"point_estimate":624614.458135169,"standard_error":13516.346216549713},"median_abs_dev":{"confidence_interval":{"confidence_level":0.95,"lower_bound":71176.6575726795,"upper_bound":108646.50455108687},"point_estimate":89457.50490319115,"standard_error":9644.389238096643},"slope":{"confidence_interval":{"confidence_level":0.95,"lower_bound":638303.9786663603,"upper_bound":670301.7895395339},"point_estimate":653643.5772661446,"standard_error":8134.409289385396},"std_dev":{"confidence_interval":{"confidence_level":0.95,"lower_bound":72215.15286532513,"upper_bound":114629.0879195292},"point_estimate":91682.41909842847,"standard_error":11315.576518663805}}