{"mean":{"confidence_interval":{"confidence_level":0.95,"lower_bound":132644.76273400293,"upper_bound":135010.16281574054},"point_estimate":133769.77547087238,"standard_error":600.9030212128359},"median":{"confidence_interval":{"confidence_level":0.95,"lower_bound":132687.6977425876,"upper_bound":134741.85835682956},"point_estimate":133738.10578039847,"standard_error":477.47099944889766},"median_abs_dev":{"confidence_interval":{"confidence_level":0.95,"lower_bound":3827.2014767847186,"upper_bound":6361.720838716836},"point_estimate":5514.375604595168,"standard_error":697.5713170876865},"slope":{"confidence_interval":{"confidence_level":0.95,"lower_bound":135468.0149396713,"upper_bound":137619.45710087777},"point_estimate":136426.98138571638,"standard_error":554.0923034850883},"std_dev":{"confidence_interval":{"confidence_level":0.95,"lower_bound":4132.210172149832,"upper_bound":8159.501833463744},"point_estimate":6048.210767736841,"standard_error":1086.117735980813}}