{"mean":{"confidence_interval":{"confidence_level":0.95,"lower_bound":112055.81096747366,"upper_bound":115475.60047964139},"point_estimate":113660.48340261121,"standard_error":871.2785158999205},"median":{"confidence_interval":{"confidence_level":0.95,"lower_bound":111403.29521276595,"upper_bound":114163.17004901961},"point_estimate":112950.0145430757,"standard_error":634.2778862008959},"median_abs_dev":{"confidence_interval":{"confidence_level":0.95,"lower_bound":4340.8085764912685,"upper_bound":7345.984380200675},"point_estimate":6374.873964304985,"standard_error":772.0684387431854},"slope":{"confidence_interval":{"confidence_level":0.95,"lower_bound":115015.71161405084,"upper_bound":117537.200041385},"point_estimate":116286.73213536279,"standard_error":643.1590621495656},"std_dev":{"confidence_interval":{"confidence_level":0.95,"lower_bound":5698.046514790778,"upper_bound":11627.60189071407},"point_estimate":8732.404608953058,"standard_error":1536.6507257822002}}