{"mean":{"confidence_interval":{"confidence_level":0.95,"lower_bound":13358368.738312501,"upper_bound":13511235.7623125},"point_estimate":13432947.0675,"standard_error":38952.77674437544},"median":{"confidence_interval":{"confidence_level":0.95,"lower_bound":13316822.0,"upper_bound":13459149.0},"point_estimate":13404792.5,"standard_error":37270.62437330998},"median_abs_dev":{"confidence_interval":{"confidence_level":0.95,"lower_bound":239163.57617899776,"upper_bound":402450.6509050727},"point_estimate":318879.455588758,"standard_error":43595.55340621007},"slope":null,"std_dev":{"confidence_interval":{"confidence_level":0.95,"lower_bound":316825.2596002392,"upper_bound":459508.74457386247},"point_estimate":390699.5785413308,"standard_error":36570.79145925893}}