{"mean":{"confidence_interval":{"confidence_level":0.95,"lower_bound":11485975.474700002,"upper_bound":11713211.2142},"point_estimate":11595180.234,"standard_error":58096.50565807509},"median":{"confidence_interval":{"confidence_level":0.95,"lower_bound":11368353.8,"upper_bound":11622995.3},"point_estimate":11490282.8,"standard_error":59285.01938882159},"median_abs_dev":{"confidence_interval":{"confidence_level":0.95,"lower_bound":355292.9708502894,"upper_bound":612281.1719298363},"point_estimate":482836.2577879451,"standard_error":67851.77523971697},"slope":null,"std_dev":{"confidence_interval":{"confidence_level":0.95,"lower_bound":456315.0795709925,"upper_bound":715881.8396689176},"point_estimate":583520.9706281758,"standard_error":67389.4425897203}}