{"mean":{"confidence_interval":{"confidence_level":0.95,"lower_bound":12106641.930950005,"upper_bound":12531448.528599998},"point_estimate":12314135.528000005,"standard_error":108146.71020368721},"median":{"confidence_interval":{"confidence_level":0.95,"lower_bound":11951580.6,"upper_bound":12517932.0},"point_estimate":12276910.4,"standard_error":138051.578395524},"median_abs_dev":{"confidence_interval":{"confidence_level":0.95,"lower_bound":855333.7190347912,"upper_bound":1324806.1876034867},"point_estimate":1081267.2772836683,"standard_error":120639.28924943265},"slope":null,"std_dev":{"confidence_interval":{"confidence_level":0.95,"lower_bound":903737.2413800552,"upper_bound":1256475.4645971493},"point_estimate":1088016.3824826868,"standard_error":90226.25977993158}}