{"mean":{"confidence_interval":{"confidence_level":0.95,"lower_bound":10461102.304125002,"upper_bound":10686811.870750004},"point_estimate":10575154.280000001,"standard_error":57504.317165220884},"median":{"confidence_interval":{"confidence_level":0.95,"lower_bound":10883173.916666668,"upper_bound":10951116.0},"point_estimate":10931457.5,"standard_error":70318.37779006535},"median_abs_dev":{"confidence_interval":{"confidence_level":0.95,"lower_bound":138623.96238893087,"upper_bound":473088.3853509995},"point_estimate":329522.4230498071,"standard_error":96252.36840811743},"slope":null,"std_dev":{"confidence_interval":{"confidence_level":0.95,"lower_bound":533986.4041871483,"upper_bound":604328.2620218603},"point_estimate":577471.460814919,"standard_error":17903.21942329605}}