{"mean":{"confidence_interval":{"confidence_level":0.95,"lower_bound":1301412.450362906,"upper_bound":1364845.6450706844},"point_estimate":1330109.5619522256,"standard_error":16280.290264459982},"median":{"confidence_interval":{"confidence_level":0.95,"lower_bound":1283190.181372549,"upper_bound":1307074.0721649486},"point_estimate":1291815.3979310347,"standard_error":5929.50916215667},"median_abs_dev":{"confidence_interval":{"confidence_level":0.95,"lower_bound":36306.436734562376,"upper_bound":60824.0862534102},"point_estimate":47195.491780818214,"standard_error":6257.440160019007},"slope":{"confidence_interval":{"confidence_level":0.95,"lower_bound":1298908.210914428,"upper_bound":1332156.6791596883},"point_estimate":1314544.891612236,"standard_error":8502.40767872475},"std_dev":{"confidence_interval":{"confidence_level":0.95,"lower_bound":80033.90065557108,"upper_bound":224823.63111294963},"point_estimate":163303.5415550047,"standard_error":35952.95799771796}}