{"mean":{"confidence_interval":{"confidence_level":0.95,"lower_bound":4625.130127479103,"upper_bound":4664.811151470711},"point_estimate":4647.720750392631,"standard_error":10.272508059512472},"median":{"confidence_interval":{"confidence_level":0.95,"lower_bound":4649.034531490015,"upper_bound":4665.7242346568655},"point_estimate":4658.599032673226,"standard_error":4.326661152053886},"median_abs_dev":{"confidence_interval":{"confidence_level":0.95,"lower_bound":27.069301792731203,"upper_bound":44.020889059893975},"point_estimate":35.367857173280015,"standard_error":4.402056932835436},"slope":{"confidence_interval":{"confidence_level":0.95,"lower_bound":4654.990189969935,"upper_bound":4666.535806212916},"point_estimate":4660.670980612746,"standard_error":2.9441322651916035},"std_dev":{"confidence_interval":{"confidence_level":0.95,"lower_bound":42.69415109923375,"upper_bound":159.66103101631933},"point_estimate":103.64051580121843,"standard_error":33.146798469246136}}