{"mean":{"confidence_interval":{"confidence_level":0.95,"lower_bound":145287.6330202996,"upper_bound":232214.9019583666},"point_estimate":174925.86789311824,"standard_error":27759.56593103332},"median":{"confidence_interval":{"confidence_level":0.95,"lower_bound":143679.49010989012,"upper_bound":146849.5254195243},"point_estimate":145332.8424227799,"standard_error":789.8742695942452},"median_abs_dev":{"confidence_interval":{"confidence_level":0.95,"lower_bound":6639.906212207388,"upper_bound":10548.952090218669},"point_estimate":8450.477413032797,"standard_error":1016.9810272186907},"slope":{"confidence_interval":{"confidence_level":0.95,"lower_bound":146209.8651666888,"upper_bound":152202.71072186512},"point_estimate":149069.03373007663,"standard_error":1529.311667076076},"std_dev":{"confidence_interval":{"confidence_level":0.95,"lower_bound":9001.042004650955,"upper_bound":479504.017585181},"point_estimate":279713.93128498126,"standard_error":170359.99968358292}}