{"mean":{"confidence_interval":{"confidence_level":0.95,"lower_bound":144627.14861808709,"upper_bound":149344.09839497006},"point_estimate":146904.73785779777,"standard_error":1201.9615255545896},"median":{"confidence_interval":{"confidence_level":0.95,"lower_bound":141723.493711351,"upper_bound":147715.44805194804},"point_estimate":144575.55989974938,"standard_error":1311.0941698796175},"median_abs_dev":{"confidence_interval":{"confidence_level":0.95,"lower_bound":7145.64941339725,"upper_bound":11543.37848089017},"point_estimate":9301.21854979045,"standard_error":1131.2455377327715},"slope":{"confidence_interval":{"confidence_level":0.95,"lower_bound":143946.04144670733,"upper_bound":150546.1493095244},"point_estimate":147105.60531444615,"standard_error":1688.8078301383025},"std_dev":{"confidence_interval":{"confidence_level":0.95,"lower_bound":9453.88408352155,"upper_bound":14465.90410720835},"point_estimate":12083.103565837171,"standard_error":1279.513117179742}}