{"mean":{"confidence_interval":{"confidence_level":0.95,"lower_bound":88576.66112070435,"upper_bound":91314.97982653129},"point_estimate":89897.51304124977,"standard_error":699.2877996211781},"median":{"confidence_interval":{"confidence_level":0.95,"lower_bound":87814.51424694709,"upper_bound":89362.33773784355},"point_estimate":88417.7825203252,"standard_error":448.40463619800954},"median_abs_dev":{"confidence_interval":{"confidence_level":0.95,"lower_bound":2773.7673320901813,"upper_bound":5848.673759929865},"point_estimate":3962.7052232172978,"standard_error":790.038688045155},"slope":{"confidence_interval":{"confidence_level":0.95,"lower_bound":88480.36695196739,"upper_bound":92368.89809719082},"point_estimate":90224.4502282467,"standard_error":999.3862650120969},"std_dev":{"confidence_interval":{"confidence_level":0.95,"lower_bound":5074.353424450908,"upper_bound":8794.739538136964},"point_estimate":7065.261233441503,"standard_error":952.6663571616614}}