{"mean":{"confidence_interval":{"confidence_level":0.95,"lower_bound":2144383.778738636,"upper_bound":2216182.4553636364},"point_estimate":2179057.336363636,"standard_error":18365.19423639661},"median":{"confidence_interval":{"confidence_level":0.95,"lower_bound":2120465.3181818184,"upper_bound":2186288.3636363638},"point_estimate":2161406.4545454546,"standard_error":19897.526994155443},"median_abs_dev":{"confidence_interval":{"confidence_level":0.95,"lower_bound":104819.7507481684,"upper_bound":179024.8229034921},"point_estimate":134101.26870559028,"standard_error":19725.07302690243},"slope":null,"std_dev":{"confidence_interval":{"confidence_level":0.95,"lower_bound":144113.35988356435,"upper_bound":221635.18283745792},"point_estimate":183770.7077082193,"standard_error":19884.079023350587}}