{"mean":{"confidence_interval":{"confidence_level":0.95,"lower_bound":2694453.492352942,"upper_bound":2878135.2140441174},"point_estimate":2786217.319411763,"standard_error":46883.45585781576},"median":{"confidence_interval":{"confidence_level":0.95,"lower_bound":2634003.0588235296,"upper_bound":2873659.411764706},"point_estimate":2753574.117647059,"standard_error":53143.40292576336},"median_abs_dev":{"confidence_interval":{"confidence_level":0.95,"lower_bound":326303.0734893156,"upper_bound":553358.7244465069},"point_estimate":459035.14724461455,"standard_error":59968.93960393353},"slope":null,"std_dev":{"confidence_interval":{"confidence_level":0.95,"lower_bound":398976.577571858,"upper_bound":539285.8685112031},"point_estimate":471714.28200274316,"standard_error":35919.84408249967}}