{"mean":{"confidence_interval":{"confidence_level":0.95,"lower_bound":1662531.1083020836,"upper_bound":1805292.1364479167},"point_estimate":1733957.3129166674,"standard_error":36427.388303521206},"median":{"confidence_interval":{"confidence_level":0.95,"lower_bound":1585361.6666666665,"upper_bound":1827321.7916666667},"point_estimate":1716260.5416666665,"standard_error":58152.353873822},"median_abs_dev":{"confidence_interval":{"confidence_level":0.95,"lower_bound":332234.59260165686,"upper_bound":506740.9646410496},"point_estimate":466089.61773775524,"standard_error":45518.21131108369},"slope":null,"std_dev":{"confidence_interval":{"confidence_level":0.95,"lower_bound":325257.5381905741,"upper_bound":404389.4536093749},"point_estimate":367022.33398843097,"standard_error":20175.42841698515}}