{"mean":{"confidence_interval":{"confidence_level":0.95,"lower_bound":8894949.694625,"upper_bound":9026022.414708335},"point_estimate":8960037.636666667,"standard_error":33499.59145127201},"median":{"confidence_interval":{"confidence_level":0.95,"lower_bound":8857454.916666666,"upper_bound":9012397.333333334},"point_estimate":8931222.0,"standard_error":39250.59320988038},"median_abs_dev":{"confidence_interval":{"confidence_level":0.95,"lower_bound":250993.17959398124,"upper_bound":410583.765024431},"point_estimate":362448.25036525726,"standard_error":42319.46123102131},"slope":null,"std_dev":{"confidence_interval":{"confidence_level":0.95,"lower_bound":288022.00213182764,"upper_bound":380919.70787749346},"point_estimate":337722.9518191363,"standard_error":23722.48095699644}}