{"mean":{"confidence_interval":{"confidence_level":0.95,"lower_bound":7375374.946249998,"upper_bound":7480050.226285714},"point_estimate":7426898.014285713,"standard_error":26735.823862629655},"median":{"confidence_interval":{"confidence_level":0.95,"lower_bound":7335115.857142857,"upper_bound":7449331.571428571},"point_estimate":7398780.857142857,"standard_error":33715.04182941496},"median_abs_dev":{"confidence_interval":{"confidence_level":0.95,"lower_bound":184618.00832237565,"upper_bound":340113.3053617828},"point_estimate":281094.2833095789,"standard_error":40780.29296009455},"slope":null,"std_dev":{"confidence_interval":{"confidence_level":0.95,"lower_bound":220890.61402535843,"upper_bound":318278.90035034984},"point_estimate":268678.1498695172,"standard_error":25050.59855729887}}