{"mean":{"confidence_interval":{"confidence_level":0.95,"lower_bound":7668635.007142858,"upper_bound":7749742.566178576},"point_estimate":7710332.7885714285,"standard_error":20614.583807677336},"median":{"confidence_interval":{"confidence_level":0.95,"lower_bound":7698842.071428571,"upper_bound":7746099.785714285},"point_estimate":7719042.285714285,"standard_error":11504.347688065469},"median_abs_dev":{"confidence_interval":{"confidence_level":0.95,"lower_bound":98742.53229946905,"upper_bound":175880.8348774903},"point_estimate":133520.30612954043,"standard_error":20160.551342315197},"slope":null,"std_dev":{"confidence_interval":{"confidence_level":0.95,"lower_bound":146263.83739021764,"upper_bound":268933.2733728685},"point_estimate":207016.90762597596,"standard_error":31753.390032521038}}