{"mean":{"confidence_interval":{"confidence_level":0.95,"lower_bound":7826389.582964285,"upper_bound":7888126.424464285},"point_estimate":7856872.727142858,"standard_error":15751.006412157376},"median":{"confidence_interval":{"confidence_level":0.95,"lower_bound":7837212.857142856,"upper_bound":7895492.214285715},"point_estimate":7854413.071428572,"standard_error":16560.084048455796},"median_abs_dev":{"confidence_interval":{"confidence_level":0.95,"lower_bound":80442.69757185683,"upper_bound":151873.51710370637},"point_estimate":106610.90480727868,"standard_error":17740.350266701782},"slope":null,"std_dev":{"confidence_interval":{"confidence_level":0.95,"lower_bound":125937.21724406291,"upper_bound":190744.3550546848},"point_estimate":158184.1301820407,"standard_error":16710.60178036218}}