{"mean":{"confidence_interval":{"confidence_level":0.95,"lower_bound":8190946.502458335,"upper_bound":8379851.059416665},"point_estimate":8271220.165000001,"standard_error":48852.35805674423},"median":{"confidence_interval":{"confidence_level":0.95,"lower_bound":8185813.5,"upper_bound":8278719.5},"point_estimate":8238975.333333334,"standard_error":23579.08979267998},"median_abs_dev":{"confidence_interval":{"confidence_level":0.95,"lower_bound":124003.1791985035,"upper_bound":218957.03581273556},"point_estimate":166296.81444764114,"standard_error":24655.96695205626},"slope":null,"std_dev":{"confidence_interval":{"confidence_level":0.95,"lower_bound":191148.37960071256,"upper_bound":775373.0836758917},"point_estimate":493446.4719893795,"standard_error":174504.89132263965}}