{"mean":{"confidence_interval":{"confidence_level":0.95,"lower_bound":8860796.565541666,"upper_bound":9199320.958958333},"point_estimate":9027659.856666666,"standard_error":86488.51983874352},"median":{"confidence_interval":{"confidence_level":0.95,"lower_bound":8739647.333333334,"upper_bound":9172130.25},"point_estimate":8901541.583333334,"standard_error":124504.7743049516},"median_abs_dev":{"confidence_interval":{"confidence_level":0.95,"lower_bound":631437.8461897373,"upper_bound":996009.9210172892},"point_estimate":839919.4483384488,"standard_error":94329.74386951579},"slope":null,"std_dev":{"confidence_interval":{"confidence_level":0.95,"lower_bound":733293.7979820146,"upper_bound":996556.3813404685},"point_estimate":870031.0357834294,"standard_error":67285.87701091805}}