{"mean":{"confidence_interval":{"confidence_level":0.95,"lower_bound":10172461.108649999,"upper_bound":10464521.1692},"point_estimate":10303284.190000003,"standard_error":74721.10611466973},"median":{"confidence_interval":{"confidence_level":0.95,"lower_bound":10139198.4,"upper_bound":10323437.399999999},"point_estimate":10211629.899999999,"standard_error":53286.99575649752},"median_abs_dev":{"confidence_interval":{"confidence_level":0.95,"lower_bound":326925.9037089063,"upper_bound":577130.3574138874},"point_estimate":488126.0262340307,"standard_error":62998.86302176316},"slope":null,"std_dev":{"confidence_interval":{"confidence_level":0.95,"lower_bound":432587.39307732135,"upper_bound":1104605.1077405263},"point_estimate":749427.8230973276,"standard_error":204487.94220410584}}