{"mean":{"confidence_interval":{"confidence_level":0.95,"lower_bound":9233085.846375002,"upper_bound":9355275.709},"point_estimate":9294303.061666664,"standard_error":31062.45778289946},"median":{"confidence_interval":{"confidence_level":0.95,"lower_bound":9231588.5,"upper_bound":9404840.333333334},"point_estimate":9356356.916666668,"standard_error":50978.9496192423},"median_abs_dev":{"confidence_interval":{"confidence_level":0.95,"lower_bound":249944.85786259174,"upper_bound":427464.0892609949},"point_estimate":332699.8818933964,"standard_error":44095.371712990425},"slope":null,"std_dev":{"confidence_interval":{"confidence_level":0.95,"lower_bound":276558.8070460757,"upper_bound":344581.4042914185},"point_estimate":313178.30556489946,"standard_error":17325.547075383165}}