{"mean":{"confidence_interval":{"confidence_level":0.95,"lower_bound":10622580.024749998,"upper_bound":11116481.079500003},"point_estimate":10855149.974000001,"standard_error":126044.23448497317},"median":{"confidence_interval":{"confidence_level":0.95,"lower_bound":10370718.0,"upper_bound":10921161.600000001},"point_estimate":10653979.8,"standard_error":137749.6951016305},"median_abs_dev":{"confidence_interval":{"confidence_level":0.95,"lower_bound":734677.6575368653,"upper_bound":1254006.0380369425},"point_estimate":1004838.8038605438,"standard_error":129759.47693287564},"slope":null,"std_dev":{"confidence_interval":{"confidence_level":0.95,"lower_bound":890156.1444878635,"upper_bound":1719065.8835038792},"point_estimate":1268099.232374082,"standard_error":238011.84836224176}}