{"mean":{"confidence_interval":{"confidence_level":0.95,"lower_bound":92691.55032637388,"upper_bound":95145.50744487192},"point_estimate":93693.37555253724,"standard_error":642.266846630651},"median":{"confidence_interval":{"confidence_level":0.95,"lower_bound":92069.15006993007,"upper_bound":93860.47272727273},"point_estimate":92712.57954545454,"standard_error":443.81761859094564},"median_abs_dev":{"confidence_interval":{"confidence_level":0.95,"lower_bound":2156.44780618063,"upper_bound":3284.038973832914},"point_estimate":2855.782665322458,"standard_error":287.18073889426915},"slope":{"confidence_interval":{"confidence_level":0.95,"lower_bound":92042.32173996799,"upper_bound":93088.51305196036},"point_estimate":92545.0120354125,"standard_error":266.56416561450925},"std_dev":{"confidence_interval":{"confidence_level":0.95,"lower_bound":2499.301815686899,"upper_bound":10446.181113785467},"point_estimate":6481.945500461842,"standard_error":2612.898703488525}}