{"mean":{"confidence_interval":{"confidence_level":0.95,"lower_bound":17136.46224793719,"upper_bound":17903.216493996955},"point_estimate":17505.74449220864,"standard_error":195.94132466602227},"median":{"confidence_interval":{"confidence_level":0.95,"lower_bound":16720.58350558082,"upper_bound":17438.092673851374},"point_estimate":17156.573139171265,"standard_error":215.9830074091512},"median_abs_dev":{"confidence_interval":{"confidence_level":0.95,"lower_bound":968.275868982149,"upper_bound":1628.8838430695077},"point_estimate":1279.4472916110162,"standard_error":163.05107187344598},"slope":{"confidence_interval":{"confidence_level":0.95,"lower_bound":16181.060205258169,"upper_bound":16789.09174319267},"point_estimate":16462.734213593885,"standard_error":154.88824338860536},"std_dev":{"confidence_interval":{"confidence_level":0.95,"lower_bound":1486.6580611655609,"upper_bound":2398.840264502699},"point_estimate":1973.4822410968088,"standard_error":233.64217039609335}}