{"mean":{"confidence_interval":{"confidence_level":0.95,"lower_bound":115539.9186822097,"upper_bound":121731.04759184616},"point_estimate":118519.5606917344,"standard_error":1580.6124311277879},"median":{"confidence_interval":{"confidence_level":0.95,"lower_bound":113271.05528846153,"upper_bound":118868.33333333333},"point_estimate":115731.18241869919,"standard_error":1301.3710467155486},"median_abs_dev":{"confidence_interval":{"confidence_level":0.95,"lower_bound":9292.071643117215,"upper_bound":16422.991797684153},"point_estimate":12886.500094008385,"standard_error":1752.8414580543047},"slope":{"confidence_interval":{"confidence_level":0.95,"lower_bound":120778.5111584429,"upper_bound":127794.52465873412},"point_estimate":124245.27325070194,"standard_error":1793.2805449530792},"std_dev":{"confidence_interval":{"confidence_level":0.95,"lower_bound":12637.747130964028,"upper_bound":18720.78389612484},"point_estimate":15875.522228681617,"standard_error":1553.8989664808103}}