{"mean":{"confidence_interval":{"confidence_level":0.95,"lower_bound":152221.95941257128,"upper_bound":159035.16063790905},"point_estimate":155413.2038723513,"standard_error":1741.1091563337798},"median":{"confidence_interval":{"confidence_level":0.95,"lower_bound":148508.94491525425,"upper_bound":153529.63362530328},"point_estimate":152083.43821705427,"standard_error":1564.6823060859758},"median_abs_dev":{"confidence_interval":{"confidence_level":0.95,"lower_bound":7873.063282354374,"upper_bound":13336.550085150102},"point_estimate":11105.613232737927,"standard_error":1391.1812559750458},"slope":{"confidence_interval":{"confidence_level":0.95,"lower_bound":153226.87727827075,"upper_bound":159657.58724924873},"point_estimate":156283.24109100888,"standard_error":1643.9054132246138},"std_dev":{"confidence_interval":{"confidence_level":0.95,"lower_bound":11578.071156921444,"upper_bound":23078.4740670362},"point_estimate":17460.976125965364,"standard_error":2993.2263136112338}}