{"mean":{"confidence_interval":{"confidence_level":0.95,"lower_bound":39148.88107790036,"upper_bound":40180.43417413524},"point_estimate":39675.09257069625,"standard_error":264.8800083483075},"median":{"confidence_interval":{"confidence_level":0.95,"lower_bound":39418.81125,"upper_bound":41081.18766478343},"point_estimate":40417.116583333336,"standard_error":433.93813493150856},"median_abs_dev":{"confidence_interval":{"confidence_level":0.95,"lower_bound":1896.4136553504811,"upper_bound":3290.937756008343},"point_estimate":2730.67848047739,"standard_error":372.96831595739144},"slope":{"confidence_interval":{"confidence_level":0.95,"lower_bound":41439.62523806198,"upper_bound":41902.092582073994},"point_estimate":41697.19990926555,"standard_error":117.93448119080175},"std_dev":{"confidence_interval":{"confidence_level":0.95,"lower_bound":2261.0445269718607,"upper_bound":3015.8216568294824},"point_estimate":2666.4353067551606,"standard_error":193.00342861198777}}