{"mean":{"confidence_interval":{"confidence_level":0.95,"lower_bound":2174.2890270906537,"upper_bound":2292.09541250369},"point_estimate":2224.519757682864,"standard_error":30.355778321743408},"median":{"confidence_interval":{"confidence_level":0.95,"lower_bound":2132.1013389711065,"upper_bound":2163.9472276055126},"point_estimate":2145.4211497804517,"standard_error":8.746164809857586},"median_abs_dev":{"confidence_interval":{"confidence_level":0.95,"lower_bound":41.92572510942758,"upper_bound":81.25433855399756},"point_estimate":60.32679894984865,"standard_error":10.179188955587225},"slope":{"confidence_interval":{"confidence_level":0.95,"lower_bound":2118.97783970388,"upper_bound":2163.613698362203},"point_estimate":2140.1763124490167,"standard_error":11.416580532799445},"std_dev":{"confidence_interval":{"confidence_level":0.95,"lower_bound":119.70154679817699,"upper_bound":473.4355474970314},"point_estimate":304.60147889483306,"standard_error":100.36214959005162}}