{"mean":{"confidence_interval":{"confidence_level":0.95,"lower_bound":10626.759644468893,"upper_bound":11433.528958829958},"point_estimate":10963.366427596533,"standard_error":209.65431085923242},"median":{"confidence_interval":{"confidence_level":0.95,"lower_bound":10521.407393260335,"upper_bound":10690.548199385155},"point_estimate":10596.17664853665,"standard_error":39.7775943159211},"median_abs_dev":{"confidence_interval":{"confidence_level":0.95,"lower_bound":291.11615259641724,"upper_bound":476.95015076904014},"point_estimate":362.0022578666239,"standard_error":47.18116682653263},"slope":{"confidence_interval":{"confidence_level":0.95,"lower_bound":10465.898759491327,"upper_bound":10610.661892256792},"point_estimate":10542.411330147941,"standard_error":37.00722745725729},"std_dev":{"confidence_interval":{"confidence_level":0.95,"lower_bound":663.1895821596574,"upper_bound":3319.7956699101824},"point_estimate":2097.906455620748,"standard_error":749.667159449248}}