{"mean":{"confidence_interval":{"confidence_level":0.95,"lower_bound":1034638.5118948816,"upper_bound":1069048.4215922877},"point_estimate":1050741.4521213733,"standard_error":8815.668127038709},"median":{"confidence_interval":{"confidence_level":0.95,"lower_bound":1010770.4375,"upper_bound":1026269.9305555555},"point_estimate":1013520.7326219513,"standard_error":4616.256798781007},"median_abs_dev":{"confidence_interval":{"confidence_level":0.95,"lower_bound":16203.065496608551,"upper_bound":33629.483229479025},"point_estimate":21368.616432995004,"standard_error":4390.414774644092},"slope":{"confidence_interval":{"confidence_level":0.95,"lower_bound":1033557.3156673876,"upper_bound":1080144.8427355015},"point_estimate":1053995.7118338998,"standard_error":12047.344466566823},"std_dev":{"confidence_interval":{"confidence_level":0.95,"lower_bound":58066.10111330728,"upper_bound":114413.02829661343},"point_estimate":88611.46097972104,"standard_error":14412.27807383833}}