{"mean":{"confidence_interval":{"confidence_level":0.95,"lower_bound":860672.3344305184,"upper_bound":872469.6800874644},"point_estimate":865204.7842280015,"standard_error":3163.0808448807156},"median":{"confidence_interval":{"confidence_level":0.95,"lower_bound":858870.0306818183,"upper_bound":861741.5678137651},"point_estimate":860200.7039735627,"standard_error":844.0772779453569},"median_abs_dev":{"confidence_interval":{"confidence_level":0.95,"lower_bound":4309.9847082586375,"upper_bound":7396.066001398227},"point_estimate":5819.492236372397,"standard_error":810.6830962730158},"slope":{"confidence_interval":{"confidence_level":0.95,"lower_bound":860342.979717062,"upper_bound":866970.1360207085},"point_estimate":863123.714600266,"standard_error":1711.9129401194598},"std_dev":{"confidence_interval":{"confidence_level":0.95,"lower_bound":7270.2149136314465,"upper_bound":52623.41664162681},"point_estimate":31716.013395720613,"standard_error":14683.04207919016}}