{"mean":{"confidence_interval":{"confidence_level":0.95,"lower_bound":10012518.23379167,"upper_bound":10571267.526708335},"point_estimate":10229356.37666667,"standard_error":149182.94433368417},"median":{"confidence_interval":{"confidence_level":0.95,"lower_bound":9885523.833333334,"upper_bound":9993232.833333334},"point_estimate":9916665.583333332,"standard_error":28826.40347881243},"median_abs_dev":{"confidence_interval":{"confidence_level":0.95,"lower_bound":199559.315507113,"upper_bound":433516.43300354446},"point_estimate":295348.1230065208,"standard_error":61075.70055416037},"slope":null,"std_dev":{"confidence_interval":{"confidence_level":0.95,"lower_bound":443793.8517053172,"upper_bound":2454699.229363707},"point_estimate":1489971.2989491266,"standard_error":675663.5662924463}}