{"mean":{"confidence_interval":{"confidence_level":0.95,"lower_bound":9461821.312050002,"upper_bound":9760041.416500002},"point_estimate":9609678.343999997,"standard_error":76202.63122698475},"median":{"confidence_interval":{"confidence_level":0.95,"lower_bound":9319750.2,"upper_bound":9643272.3},"point_estimate":9501341.3,"standard_error":81941.29129444205},"median_abs_dev":{"confidence_interval":{"confidence_level":0.95,"lower_bound":548121.0650289067,"upper_bound":866217.0369550736},"point_estimate":708331.7077446,"standard_error":77723.42498497166},"slope":null,"std_dev":{"confidence_interval":{"confidence_level":0.95,"lower_bound":642527.3751151308,"upper_bound":866826.1721382185},"point_estimate":762709.3815619684,"standard_error":57081.30433048665}}