{"mean":{"confidence_interval":{"confidence_level":0.95,"lower_bound":9883108.035,"upper_bound":10072128.618700001},"point_estimate":9971398.594,"standard_error":48330.78442893431},"median":{"confidence_interval":{"confidence_level":0.95,"lower_bound":9787233.2,"upper_bound":9891113.2},"point_estimate":9854613.3,"standard_error":28112.394593486875},"median_abs_dev":{"confidence_interval":{"confidence_level":0.95,"lower_bound":169639.23724830232,"upper_bound":293747.82930493384},"point_estimate":243042.91020512607,"standard_error":31090.68911023946},"slope":null,"std_dev":{"confidence_interval":{"confidence_level":0.95,"lower_bound":318749.10857092345,"upper_bound":623030.885666863},"point_estimate":485636.32281414774,"standard_error":77592.36447389665}}