{"mean":{"confidence_interval":{"confidence_level":0.95,"lower_bound":5272138.107000001,"upper_bound":5454384.942550002},"point_estimate":5352498.828999997,"standard_error":46849.06542838409},"median":{"confidence_interval":{"confidence_level":0.95,"lower_bound":5193915.6,"upper_bound":5311907.2},"point_estimate":5265036.65,"standard_error":30436.87603526764},"median_abs_dev":{"confidence_interval":{"confidence_level":0.95,"lower_bound":171968.99484694004,"upper_bound":303469.9045023321},"point_estimate":253794.72521424253,"standard_error":32629.946407863707},"slope":null,"std_dev":{"confidence_interval":{"confidence_level":0.95,"lower_bound":213719.58455187661,"upper_bound":685938.6989667765},"point_estimate":468701.36697080306,"standard_error":126635.85803188826}}