{"mean":{"confidence_interval":{"confidence_level":0.95,"lower_bound":90389.583510806,"upper_bound":94092.06264081165},"point_estimate":92052.95026822647,"standard_error":948.8783887454165},"median":{"confidence_interval":{"confidence_level":0.95,"lower_bound":89000.88888888889,"upper_bound":90651.21630094043},"point_estimate":89667.15258264463,"standard_error":434.8643675916739},"median_abs_dev":{"confidence_interval":{"confidence_level":0.95,"lower_bound":2786.430687869251,"upper_bound":5168.929836091931},"point_estimate":3721.3541999172985,"standard_error":617.8832413168093},"slope":{"confidence_interval":{"confidence_level":0.95,"lower_bound":89420.4034495612,"upper_bound":91848.01573279526},"point_estimate":90540.55677418488,"standard_error":620.5036146876627},"std_dev":{"confidence_interval":{"confidence_level":0.95,"lower_bound":5210.46120688426,"upper_bound":13803.129631559157},"point_estimate":9531.578495384592,"standard_error":2367.5256825912065}}