{"mean":{"confidence_interval":{"confidence_level":0.95,"lower_bound":86900.61561877994,"upper_bound":88855.83266213094},"point_estimate":87841.83480766695,"standard_error":499.9285015953258},"median":{"confidence_interval":{"confidence_level":0.95,"lower_bound":86594.38333333333,"upper_bound":88581.50239950317},"point_estimate":87645.83652518978,"standard_error":495.94423560024126},"median_abs_dev":{"confidence_interval":{"confidence_level":0.95,"lower_bound":2993.165168451601,"upper_bound":4578.513838747189},"point_estimate":3995.5706619181874,"standard_error":435.4766801787028},"slope":{"confidence_interval":{"confidence_level":0.95,"lower_bound":86684.53022466511,"upper_bound":88350.27094327507},"point_estimate":87506.55893404265,"standard_error":424.9516965094274},"std_dev":{"confidence_interval":{"confidence_level":0.95,"lower_bound":3674.363757242867,"upper_bound":6486.543134623102},"point_estimate":5030.968181525762,"standard_error":740.9311383249543}}