{"mean":{"confidence_interval":{"confidence_level":0.95,"lower_bound":139353.2751899621,"upper_bound":142786.376785624},"point_estimate":140981.01039395866,"standard_error":875.3133869728842},"median":{"confidence_interval":{"confidence_level":0.95,"lower_bound":138357.41379310345,"upper_bound":140900.16515837103},"point_estimate":139433.46801346802,"standard_error":667.1561305994757},"median_abs_dev":{"confidence_interval":{"confidence_level":0.95,"lower_bound":4195.834166383719,"upper_bound":6601.658301643309},"point_estimate":5358.951837910437,"standard_error":617.4338899982608},"slope":{"confidence_interval":{"confidence_level":0.95,"lower_bound":139743.0944101879,"upper_bound":142713.95509049445},"point_estimate":141187.24829867634,"standard_error":756.7065810959732},"std_dev":{"confidence_interval":{"confidence_level":0.95,"lower_bound":5769.848894625622,"upper_bound":11512.113876711324},"point_estimate":8830.921509832051,"standard_error":1466.7788294457423}}