{"mean":{"confidence_interval":{"confidence_level":0.95,"lower_bound":45665636.9755,"upper_bound":47136667.908},"point_estimate":46318597.94,"standard_error":377128.9526432133},"median":{"confidence_interval":{"confidence_level":0.95,"lower_bound":45144764.25,"upper_bound":46096893.0},"point_estimate":45729743.5,"standard_error":234399.1055626232},"median_abs_dev":{"confidence_interval":{"confidence_level":0.95,"lower_bound":1529977.5677874684,"upper_bound":2629330.63737005},"point_estimate":2003377.2991329432,"standard_error":291684.69784884586},"slope":null,"std_dev":{"confidence_interval":{"confidence_level":0.95,"lower_bound":1945374.2855115852,"upper_bound":5624068.381988053},"point_estimate":3780601.148483215,"standard_error":1003599.0989016461}}