{"mean":{"confidence_interval":{"confidence_level":0.95,"lower_bound":7933056.752166669,"upper_bound":8021438.079499999},"point_estimate":7976261.06166667,"standard_error":22481.843401320893},"median":{"confidence_interval":{"confidence_level":0.95,"lower_bound":7925005.666666666,"upper_bound":8008681.666666667},"point_estimate":7963846.583333333,"standard_error":23666.970389631097},"median_abs_dev":{"confidence_interval":{"confidence_level":0.95,"lower_bound":148482.38736390998,"upper_bound":238973.24740737677},"point_estimate":192073.17404001975,"standard_error":23573.47925339529},"slope":null,"std_dev":{"confidence_interval":{"confidence_level":0.95,"lower_bound":176450.8003794499,"upper_bound":273323.3786490325},"point_estimate":226093.5011952102,"standard_error":24829.558354342258}}