{"mean":{"confidence_interval":{"confidence_level":0.95,"lower_bound":8978794.52804166,"upper_bound":9338872.357624996},"point_estimate":9147040.261666663,"standard_error":91878.18481397172},"median":{"confidence_interval":{"confidence_level":0.95,"lower_bound":8877117.666666668,"upper_bound":9048959.666666666},"point_estimate":8932264.166666668,"standard_error":48017.18448619032},"median_abs_dev":{"confidence_interval":{"confidence_level":0.95,"lower_bound":369187.532095612,"upper_bound":669607.2589620947},"point_estimate":498872.7756932373,"standard_error":72804.69900410339},"slope":null,"std_dev":{"confidence_interval":{"confidence_level":0.95,"lower_bound":617929.64926516,"upper_bound":1236131.7216990204},"point_estimate":923457.5666002078,"standard_error":162705.32782823933}}