{"mean":{"confidence_interval":{"confidence_level":0.95,"lower_bound":9210420.790708339,"upper_bound":9429825.039250001},"point_estimate":9315867.551666666,"standard_error":55873.9322232168},"median":{"confidence_interval":{"confidence_level":0.95,"lower_bound":9266260.5,"upper_bound":9451479.666666666},"point_estimate":9390053.916666668,"standard_error":42720.820408013285},"median_abs_dev":{"confidence_interval":{"confidence_level":0.95,"lower_bound":265067.6246941108,"upper_bound":463750.8471667757},"point_estimate":363711.17844283534,"standard_error":49454.30252532995},"slope":null,"std_dev":{"confidence_interval":{"confidence_level":0.95,"lower_bound":400276.7521916356,"upper_bound":734375.3589557084},"point_estimate":560064.061954512,"standard_error":88499.16444594921}}