{"mean":{"confidence_interval":{"confidence_level":0.95,"lower_bound":8230516.35675,"upper_bound":8287600.866333335},"point_estimate":8258676.396666663,"standard_error":14630.30296788144},"median":{"confidence_interval":{"confidence_level":0.95,"lower_bound":8231110.833333333,"upper_bound":8278994.666666667},"point_estimate":8247611.666666666,"standard_error":12203.525448627064},"median_abs_dev":{"confidence_interval":{"confidence_level":0.95,"lower_bound":88068.16813647724,"upper_bound":156317.43402481056},"point_estimate":124020.47619819618,"standard_error":17673.528669281106},"slope":null,"std_dev":{"confidence_interval":{"confidence_level":0.95,"lower_bound":120435.3998534185,"upper_bound":171702.95331950797},"point_estimate":147074.44515733613,"standard_error":13062.832588097488}}