{"mean":{"confidence_interval":{"confidence_level":0.95,"lower_bound":8778960.830875,"upper_bound":9076664.245083338},"point_estimate":8917104.601666667,"standard_error":76066.82265338997},"median":{"confidence_interval":{"confidence_level":0.95,"lower_bound":8677302.0,"upper_bound":8910785.333333332},"point_estimate":8760579.916666666,"standard_error":64929.349691483265},"median_abs_dev":{"confidence_interval":{"confidence_level":0.95,"lower_bound":386243.48574280646,"upper_bound":649006.9029778233},"point_estimate":530209.1322869053,"standard_error":66368.6249609185},"slope":null,"std_dev":{"confidence_interval":{"confidence_level":0.95,"lower_bound":453650.60396489693,"upper_bound":1040621.5877904973},"point_estimate":763733.8025936526,"standard_error":150208.51227956917}}