{"mean":{"confidence_interval":{"confidence_level":0.95,"lower_bound":10281997.953350002,"upper_bound":10725639.056099998},"point_estimate":10494191.25,"standard_error":113120.26544210264},"median":{"confidence_interval":{"confidence_level":0.95,"lower_bound":10198392.2,"upper_bound":10582394.2},"point_estimate":10322999.4,"standard_error":92580.62968459065},"median_abs_dev":{"confidence_interval":{"confidence_level":0.95,"lower_bound":684720.2653437853,"upper_bound":1071481.0796374078},"point_estimate":814677.7142965802,"standard_error":96208.88880205507},"slope":null,"std_dev":{"confidence_interval":{"confidence_level":0.95,"lower_bound":841801.2800180903,"upper_bound":1463968.2977870295},"point_estimate":1139277.183641531,"standard_error":166235.28646808717}}