{"mean":{"confidence_interval":{"confidence_level":0.95,"lower_bound":7613216.134,"upper_bound":7714036.490321428},"point_estimate":7659951.744285716,"standard_error":25801.64513089559},"median":{"confidence_interval":{"confidence_level":0.95,"lower_bound":7603730.642857143,"upper_bound":7656945.285714285},"point_estimate":7632252.285714285,"standard_error":13129.489351127413},"median_abs_dev":{"confidence_interval":{"confidence_level":0.95,"lower_bound":89994.34790228114,"upper_bound":152962.9103843654},"point_estimate":118354.57919878609,"standard_error":16021.473623071237},"slope":null,"std_dev":{"confidence_interval":{"confidence_level":0.95,"lower_bound":150644.05698979908,"upper_bound":361400.62564113573},"point_estimate":259640.46370861755,"standard_error":55605.4676662142}}