{"mean":{"confidence_interval":{"confidence_level":0.95,"lower_bound":623.0930775223972,"upper_bound":637.3322757739179},"point_estimate":629.9785751342031,"standard_error":3.619886973451612},"median":{"confidence_interval":{"confidence_level":0.95,"lower_bound":619.5562589031339,"upper_bound":628.1312566773504},"point_estimate":623.5624392130858,"standard_error":2.684276954749551},"median_abs_dev":{"confidence_interval":{"confidence_level":0.95,"lower_bound":12.695102719820055,"upper_bound":22.098281237319064},"point_estimate":16.875469666697413,"standard_error":2.6201444195333443},"slope":{"confidence_interval":{"confidence_level":0.95,"lower_bound":627.1582101944042,"upper_bound":642.6871414582434},"point_estimate":634.4254475717377,"standard_error":3.9695017316971972},"std_dev":{"confidence_interval":{"confidence_level":0.95,"lower_bound":25.89210056964714,"upper_bound":45.64715115404005},"point_estimate":36.35785777607051,"standard_error":5.044105847173484}}