{"mean":{"confidence_interval":{"confidence_level":0.95,"lower_bound":1164680.320944608,"upper_bound":1190288.4683705294},"point_estimate":1176041.328182828,"standard_error":6569.525903686095},"median":{"confidence_interval":{"confidence_level":0.95,"lower_bound":1157652.5294117648,"upper_bound":1171638.8358251867},"point_estimate":1164936.71875,"standard_error":3315.2469912667134},"median_abs_dev":{"confidence_interval":{"confidence_level":0.95,"lower_bound":20839.31818670832,"upper_bound":37496.37549252304},"point_estimate":26621.34978631072,"standard_error":4240.65057648631},"slope":{"confidence_interval":{"confidence_level":0.95,"lower_bound":1165315.3103630014,"upper_bound":1215877.3599982932},"point_estimate":1184417.8564445102,"standard_error":13886.929071056791},"std_dev":{"confidence_interval":{"confidence_level":0.95,"lower_bound":33088.58031891173,"upper_bound":98649.23739229594},"point_estimate":66117.22945299311,"standard_error":18179.776444671726}}