{"mean":{"confidence_interval":{"confidence_level":0.95,"lower_bound":835897.7491952801,"upper_bound":850069.3382250589},"point_estimate":842283.6844265417,"standard_error":3628.492263340238},"median":{"confidence_interval":{"confidence_level":0.95,"lower_bound":826890.7387873754,"upper_bound":832172.3125},"point_estimate":828634.7839285715,"standard_error":1279.9702005788542},"median_abs_dev":{"confidence_interval":{"confidence_level":0.95,"lower_bound":6045.129868475358,"upper_bound":13227.004201771679},"point_estimate":8864.122237842063,"standard_error":1753.2760796856217},"slope":{"confidence_interval":{"confidence_level":0.95,"lower_bound":839366.2130628388,"upper_bound":863881.9934777187},"point_estimate":850338.24219004,"standard_error":6280.751330442096},"std_dev":{"confidence_interval":{"confidence_level":0.95,"lower_bound":19404.204269030008,"upper_bound":51714.14613778295},"point_estimate":36461.660165844616,"standard_error":8534.143958698016}}