{"mean":{"confidence_interval":{"confidence_level":0.95,"lower_bound":976535.9141715987,"upper_bound":1000106.6823651685},"point_estimate":987885.6339609686,"standard_error":6034.763720096688},"median":{"confidence_interval":{"confidence_level":0.95,"lower_bound":957795.8815298508,"upper_bound":989664.625},"point_estimate":969743.8452380953,"standard_error":8690.070665822663},"median_abs_dev":{"confidence_interval":{"confidence_level":0.95,"lower_bound":32557.126042450127,"upper_bound":58156.346754753766},"point_estimate":39508.43782074413,"standard_error":6629.9052353685265},"slope":{"confidence_interval":{"confidence_level":0.95,"lower_bound":976940.5837287663,"upper_bound":1005282.1661156932},"point_estimate":990420.8805039161,"standard_error":7251.436438836549},"std_dev":{"confidence_interval":{"confidence_level":0.95,"lower_bound":47661.70184733914,"upper_bound":73422.60910704086},"point_estimate":60707.641448686874,"standard_error":6621.315827298987}}