{"mean":{"confidence_interval":{"confidence_level":0.95,"lower_bound":4737578.093136364,"upper_bound":4897945.662818181},"point_estimate":4815212.8136363635,"standard_error":40928.63989144103},"median":{"confidence_interval":{"confidence_level":0.95,"lower_bound":4631363.681818182,"upper_bound":4774966.2727272725},"point_estimate":4670655.5,"standard_error":37705.57340315179},"median_abs_dev":{"confidence_interval":{"confidence_level":0.95,"lower_bound":217235.0633342157,"upper_bound":411954.91026429256},"point_estimate":300966.1772749642,"standard_error":50934.61529368096},"slope":null,"std_dev":{"confidence_interval":{"confidence_level":0.95,"lower_bound":338199.1754166107,"upper_bound":475402.1912758502},"point_estimate":411182.6053910133,"standard_error":35184.85273587035}}