{"mean":{"confidence_interval":{"confidence_level":0.95,"lower_bound":4172.354829358939,"upper_bound":4278.699300424561},"point_estimate":4220.975883597481,"standard_error":27.055251472512904},"median":{"confidence_interval":{"confidence_level":0.95,"lower_bound":4170.869499698613,"upper_bound":4241.20030026494},"point_estimate":4202.130009134804,"standard_error":18.114615218632032},"median_abs_dev":{"confidence_interval":{"confidence_level":0.95,"lower_bound":102.59743147444205,"upper_bound":174.31469699505413},"point_estimate":125.55314779525911,"standard_error":19.745231645638466},"slope":{"confidence_interval":{"confidence_level":0.95,"lower_bound":4217.80288983224,"upper_bound":4370.793685547872},"point_estimate":4282.953056287681,"standard_error":39.591050004483016},"std_dev":{"confidence_interval":{"confidence_level":0.95,"lower_bound":139.7583941435905,"upper_bound":406.334012784838},"point_estimate":271.7478035730775,"standard_error":74.6530364680415}}