{"mean":{"confidence_interval":{"confidence_level":0.95,"lower_bound":4487.457009115035,"upper_bound":4558.533480917986},"point_estimate":4520.718351179667,"standard_error":18.129428187635433},"median":{"confidence_interval":{"confidence_level":0.95,"lower_bound":4502.258143346096,"upper_bound":4525.6565537360075},"point_estimate":4514.585801453449,"standard_error":5.951366283995939},"median_abs_dev":{"confidence_interval":{"confidence_level":0.95,"lower_bound":44.306910800589684,"upper_bound":92.44549807310791},"point_estimate":73.73932359741633,"standard_error":11.737642770804637},"slope":{"confidence_interval":{"confidence_level":0.95,"lower_bound":4510.300035008226,"upper_bound":4593.585813355884},"point_estimate":4546.9294486351455,"standard_error":21.61269483574769},"std_dev":{"confidence_interval":{"confidence_level":0.95,"lower_bound":96.24472626641274,"upper_bound":255.61362169492745},"point_estimate":181.3894337010901,"standard_error":40.8066487754843}}