{"mean":{"confidence_interval":{"confidence_level":0.95,"lower_bound":32287653.962,"upper_bound":33152126.5245},"point_estimate":32696590.375,"standard_error":220850.47602743073},"median":{"confidence_interval":{"confidence_level":0.95,"lower_bound":31776490.5,"upper_bound":32755354.0},"point_estimate":32175246.25,"standard_error":289241.5456417159},"median_abs_dev":{"confidence_interval":{"confidence_level":0.95,"lower_bound":1343624.7586458921,"upper_bound":2216480.659599602},"point_estimate":1815357.6769709587,"standard_error":220548.76419730388},"slope":null,"std_dev":{"confidence_interval":{"confidence_level":0.95,"lower_bound":1568087.678914426,"upper_bound":2967318.1905043935},"point_estimate":2225814.7972016754,"standard_error":383995.25512849644}}