{"mean":{"confidence_interval":{"confidence_level":0.95,"lower_bound":31597363.480125,"upper_bound":32232342.009999998},"point_estimate":31865351.46,"standard_error":164143.9663250614},"median":{"confidence_interval":{"confidence_level":0.95,"lower_bound":31426348.0,"upper_bound":31858856.5},"point_estimate":31724728.75,"standard_error":104585.5373964599},"median_abs_dev":{"confidence_interval":{"confidence_level":0.95,"lower_bound":587157.7648096159,"upper_bound":935620.8442144076},"point_estimate":722039.9012312293,"standard_error":85801.24788846605},"slope":null,"std_dev":{"confidence_interval":{"confidence_level":0.95,"lower_bound":743684.0637390554,"upper_bound":2567717.647314292},"point_estimate":1645016.664226196,"standard_error":576476.7763772404}}