{"mean":{"confidence_interval":{"confidence_level":0.95,"lower_bound":40992551.188125,"upper_bound":42079346.615375005},"point_estimate":41482291.75,"standard_error":277827.82220488554},"median":{"confidence_interval":{"confidence_level":0.95,"lower_bound":40686088.0,"upper_bound":41744970.0},"point_estimate":41087738.0,"standard_error":256134.37711377986},"median_abs_dev":{"confidence_interval":{"confidence_level":0.95,"lower_bound":1557085.7963562012,"upper_bound":2285591.3809363903},"point_estimate":2018884.182907641,"standard_error":185444.1945277628},"slope":null,"std_dev":{"confidence_interval":{"confidence_level":0.95,"lower_bound":1665282.3524334012,"upper_bound":4073820.3251692825},"point_estimate":2815217.561937299,"standard_error":700408.2990873797}}