{"mean":{"confidence_interval":{"confidence_level":0.95,"lower_bound":31390052.88975,"upper_bound":31976450.925499998},"point_estimate":31631613.275,"standard_error":152943.34349863726},"median":{"confidence_interval":{"confidence_level":0.95,"lower_bound":31355071.0,"upper_bound":31657269.5},"point_estimate":31455792.0,"standard_error":81814.07885184858},"median_abs_dev":{"confidence_interval":{"confidence_level":0.95,"lower_bound":483876.8947094679,"upper_bound":809825.3869727254},"point_estimate":664203.3056080341,"standard_error":86165.35695485062},"slope":null,"std_dev":{"confidence_interval":{"confidence_level":0.95,"lower_bound":631165.9180348457,"upper_bound":2468290.1253332514},"point_estimate":1540286.316020788,"standard_error":606981.3370162102}}