{"mean":{"confidence_interval":{"confidence_level":0.95,"lower_bound":42871409.264125004,"upper_bound":43858069.931},"point_estimate":43352154.995,"standard_error":251363.23591890032},"median":{"confidence_interval":{"confidence_level":0.95,"lower_bound":42468402.5,"upper_bound":43892852.5},"point_estimate":43071586.0,"standard_error":314447.03424412},"median_abs_dev":{"confidence_interval":{"confidence_level":0.95,"lower_bound":1813316.1368072033,"upper_bound":2630754.6746447682},"point_estimate":2338259.197537601,"standard_error":198992.44748729604},"slope":null,"std_dev":{"confidence_interval":{"confidence_level":0.95,"lower_bound":1933640.1967166103,"upper_bound":3107445.6558082937},"point_estimate":2529190.373532415,"standard_error":302907.04229033185}}