{"mean":{"confidence_interval":{"confidence_level":0.95,"lower_bound":41001407.372125,"upper_bound":42453458.308125},"point_estimate":41692873.065,"standard_error":371053.37925354077},"median":{"confidence_interval":{"confidence_level":0.95,"lower_bound":41089279.25,"upper_bound":42558954.5},"point_estimate":41676254.0,"standard_error":346263.10789121035},"median_abs_dev":{"confidence_interval":{"confidence_level":0.95,"lower_bound":2616418.3035492897,"upper_bound":4062916.226568818},"point_estimate":3488705.9980630875,"standard_error":364401.7885592208},"slope":null,"std_dev":{"confidence_interval":{"confidence_level":0.95,"lower_bound":2704621.649254061,"upper_bound":5023664.626143693},"point_estimate":3735769.011071542,"standard_error":666831.5730421456}}