{"mean":{"confidence_interval":{"confidence_level":0.95,"lower_bound":35734305.441,"upper_bound":36183466.032625},"point_estimate":35948721.6,"standard_error":114372.17892385002},"median":{"confidence_interval":{"confidence_level":0.95,"lower_bound":35730691.5,"upper_bound":36011694.0},"point_estimate":35898768.0,"standard_error":90199.45257908679},"median_abs_dev":{"confidence_interval":{"confidence_level":0.95,"lower_bound":481552.9192507267,"upper_bound":1081492.9289996624},"point_estimate":683521.9539150596,"standard_error":166790.04162869792},"slope":null,"std_dev":{"confidence_interval":{"confidence_level":0.95,"lower_bound":849094.5589560987,"upper_bound":1435673.3249582292},"point_estimate":1153909.1258196323,"standard_error":149934.00754586846}}