{"mean":{"confidence_interval":{"confidence_level":0.95,"lower_bound":31924534.73525,"upper_bound":32562888.197750002},"point_estimate":32195580.03,"standard_error":164964.29748705696},"median":{"confidence_interval":{"confidence_level":0.95,"lower_bound":31894509.5,"upper_bound":32252564.25},"point_estimate":32037011.5,"standard_error":98412.74273226869},"median_abs_dev":{"confidence_interval":{"confidence_level":0.95,"lower_bound":551311.8425622582,"upper_bound":969643.7430016298},"point_estimate":776447.6137652993,"standard_error":109126.8219593461},"slope":null,"std_dev":{"confidence_interval":{"confidence_level":0.95,"lower_bound":739784.5755799314,"upper_bound":2594555.4257048224},"point_estimate":1657256.097836978,"standard_error":581872.3161475189}}