{"mean":{"confidence_interval":{"confidence_level":0.95,"lower_bound":39876940.235374995,"upper_bound":41319237.86575},"point_estimate":40580950.095,"standard_error":367101.04438821203},"median":{"confidence_interval":{"confidence_level":0.95,"lower_bound":39022675.5,"upper_bound":40646345.5},"point_estimate":39724827.5,"standard_error":424538.9485141994},"median_abs_dev":{"confidence_interval":{"confidence_level":0.95,"lower_bound":2284817.769536376,"upper_bound":3916687.7618148923},"point_estimate":3295988.387234509,"standard_error":418650.16467506805},"slope":null,"std_dev":{"confidence_interval":{"confidence_level":0.95,"lower_bound":3004696.78816614,"upper_bound":4313387.785998742},"point_estimate":3689906.3219433865,"standard_error":335036.12715435284}}