{"mean":{"confidence_interval":{"confidence_level":0.95,"lower_bound":42282176.4845,"upper_bound":43614732.166625},"point_estimate":42859360.385,"standard_error":344814.4138572961},"median":{"confidence_interval":{"confidence_level":0.95,"lower_bound":41821825.0,"upper_bound":42448214.5},"point_estimate":42130144.5,"standard_error":145678.1714322892},"median_abs_dev":{"confidence_interval":{"confidence_level":0.95,"lower_bound":782121.6165270662,"upper_bound":1435065.2239724994},"point_estimate":1136112.282679975,"standard_error":166600.72119909825},"slope":null,"std_dev":{"confidence_interval":{"confidence_level":0.95,"lower_bound":1376127.663151401,"upper_bound":5325324.377418342},"point_estimate":3474456.635545408,"standard_error":1084612.4829983045}}