{"mean":{"confidence_interval":{"confidence_level":0.95,"lower_bound":26595925.050750002,"upper_bound":27115745.1425},"point_estimate":26843188.005,"standard_error":132371.7855750998},"median":{"confidence_interval":{"confidence_level":0.95,"lower_bound":26333898.5,"upper_bound":26971699.5},"point_estimate":26640521.5,"standard_error":158012.90731148893},"median_abs_dev":{"confidence_interval":{"confidence_level":0.95,"lower_bound":858948.5572256149,"upper_bound":1372223.0001881719},"point_estimate":1158954.3298244476,"standard_error":133975.44217630813},"slope":null,"std_dev":{"confidence_interval":{"confidence_level":0.95,"lower_bound":971425.2378376471,"upper_bound":1761674.8825437732},"point_estimate":1336111.538145532,"standard_error":218053.43805816447}}