{"mean":{"confidence_interval":{"confidence_level":0.95,"lower_bound":25970836.134125,"upper_bound":26727388.839},"point_estimate":26341774.865,"standard_error":192486.23158881202},"median":{"confidence_interval":{"confidence_level":0.95,"lower_bound":25637845.5,"upper_bound":26359555.5},"point_estimate":25984542.25,"standard_error":193877.32420483266},"median_abs_dev":{"confidence_interval":{"confidence_level":0.95,"lower_bound":1232398.6260205507,"upper_bound":2259842.6316797733},"point_estimate":1714424.494662881,"standard_error":251239.80612006632},"slope":null,"std_dev":{"confidence_interval":{"confidence_level":0.95,"lower_bound":1604141.280215419,"upper_bound":2251588.158194784},"point_estimate":1934059.7900833967,"standard_error":166188.96477560257}}