{"mean":{"confidence_interval":{"confidence_level":0.95,"lower_bound":29611095.752749998,"upper_bound":30600411.572375},"point_estimate":30092512.145,"standard_error":252172.8992793828},"median":{"confidence_interval":{"confidence_level":0.95,"lower_bound":29095560.0,"upper_bound":30077699.0},"point_estimate":29601040.0,"standard_error":264098.1784832325},"median_abs_dev":{"confidence_interval":{"confidence_level":0.95,"lower_bound":1460826.510465145,"upper_bound":2801855.977857113},"point_estimate":1970770.47791183,"standard_error":338764.1191224946},"slope":null,"std_dev":{"confidence_interval":{"confidence_level":0.95,"lower_bound":2106668.862063035,"upper_bound":2904925.3989662607},"point_estimate":2535970.577161009,"standard_error":203172.16878692593}}