{"mean":{"confidence_interval":{"confidence_level":0.95,"lower_bound":39240412.089625,"upper_bound":40557437.965375},"point_estimate":39851379.43,"standard_error":336611.6868812892},"median":{"confidence_interval":{"confidence_level":0.95,"lower_bound":38165154.0,"upper_bound":39918242.0},"point_estimate":38877164.25,"standard_error":413208.17328557634},"median_abs_dev":{"confidence_interval":{"confidence_level":0.95,"lower_bound":1374372.028850019,"upper_bound":2754156.0757802036},"point_estimate":2155035.04499048,"standard_error":328775.48054866906},"slope":null,"std_dev":{"confidence_interval":{"confidence_level":0.95,"lower_bound":2158534.0731249647,"upper_bound":4590669.351704026},"point_estimate":3379315.1837287513,"standard_error":641436.943098299}}