{"mean":{"confidence_interval":{"confidence_level":0.95,"lower_bound":33571838.29125,"upper_bound":34225220.082875},"point_estimate":33842777.62,"standard_error":170196.1746263603},"median":{"confidence_interval":{"confidence_level":0.95,"lower_bound":33453371.0,"upper_bound":33981450.0},"point_estimate":33702223.0,"standard_error":132013.3493629887},"median_abs_dev":{"confidence_interval":{"confidence_level":0.95,"lower_bound":639671.8357935548,"upper_bound":1057249.45423007},"point_estimate":840121.9467848539,"standard_error":106774.54007185623},"slope":null,"std_dev":{"confidence_interval":{"confidence_level":0.95,"lower_bound":678673.7532895956,"upper_bound":2734873.8210930345},"point_estimate":1709508.8879475396,"standard_error":662855.1190464277}}