{"mean":{"confidence_interval":{"confidence_level":0.95,"lower_bound":13602000.6195,"upper_bound":13836878.139625},"point_estimate":13719281.655,"standard_error":59703.998054475866},"median":{"confidence_interval":{"confidence_level":0.95,"lower_bound":13533992.75,"upper_bound":13802792.0},"point_estimate":13667167.25,"standard_error":71177.11440946817},"median_abs_dev":{"confidence_interval":{"confidence_level":0.95,"lower_bound":390700.67546367645,"upper_bound":681918.5220435262},"point_estimate":540405.4665058851,"standard_error":71664.82494762124},"slope":null,"std_dev":{"confidence_interval":{"confidence_level":0.95,"lower_bound":503399.06736771116,"upper_bound":691605.3431991304},"point_estimate":601270.1421139174,"standard_error":47890.3278856436}}