{"mean":{"confidence_interval":{"confidence_level":0.95,"lower_bound":13002152.16825,"upper_bound":13413175.515},"point_estimate":13204780.63,"standard_error":104630.80103781403},"median":{"confidence_interval":{"confidence_level":0.95,"lower_bound":12892694.5,"upper_bound":13353044.0},"point_estimate":13092019.25,"standard_error":110138.0813137262},"median_abs_dev":{"confidence_interval":{"confidence_level":0.95,"lower_bound":789039.3353417516,"upper_bound":1350203.054729104},"point_estimate":1069732.204708457,"standard_error":140501.5687963408},"slope":null,"std_dev":{"confidence_interval":{"confidence_level":0.95,"lower_bound":896007.6736476764,"upper_bound":1194108.4540675497},"point_estimate":1051356.8522558603,"standard_error":75867.32093963797}}