{"mean":{"confidence_interval":{"confidence_level":0.95,"lower_bound":95747.49097627729,"upper_bound":97518.25799923761},"point_estimate":96558.9263964949,"standard_error":451.3589755256294},"median":{"confidence_interval":{"confidence_level":0.95,"lower_bound":95216.54822361546,"upper_bound":96607.89090909091},"point_estimate":95751.04447379433,"standard_error":354.097439098058},"median_abs_dev":{"confidence_interval":{"confidence_level":0.95,"lower_bound":2359.4702383034114,"upper_bound":3712.1015481466106},"point_estimate":3070.2149734179684,"standard_error":348.73664780351766},"slope":{"confidence_interval":{"confidence_level":0.95,"lower_bound":95776.41136167805,"upper_bound":97440.77387689067},"point_estimate":96594.19081720112,"standard_error":423.87328288590805},"std_dev":{"confidence_interval":{"confidence_level":0.95,"lower_bound":2959.048179335787,"upper_bound":6322.267410032893},"point_estimate":4530.826605236151,"standard_error":970.5139732307364}}