{"mean":{"confidence_interval":{"confidence_level":0.95,"lower_bound":86781.15017402658,"upper_bound":88939.70048428039},"point_estimate":87735.30486949674,"standard_error":556.027959698955},"median":{"confidence_interval":{"confidence_level":0.95,"lower_bound":85913.25543478261,"upper_bound":87392.93902439025},"point_estimate":86847.35835941575,"standard_error":393.36538648631307},"median_abs_dev":{"confidence_interval":{"confidence_level":0.95,"lower_bound":1809.435646961178,"upper_bound":2925.4653176779916},"point_estimate":2452.1953296699617,"standard_error":282.8801997977551},"slope":{"confidence_interval":{"confidence_level":0.95,"lower_bound":86713.98337756797,"upper_bound":87999.42504438692},"point_estimate":87290.72786242056,"standard_error":329.02226826803104},"std_dev":{"confidence_interval":{"confidence_level":0.95,"lower_bound":2369.9143987692732,"upper_bound":8117.398092823368},"point_estimate":5585.971447962894,"standard_error":1522.3942841256846}}