{"mean":{"confidence_interval":{"confidence_level":0.95,"lower_bound":105410.83380677158,"upper_bound":111356.55340009353},"point_estimate":108074.08959336538,"standard_error":1523.2465606953224},"median":{"confidence_interval":{"confidence_level":0.95,"lower_bound":106399.24608274648,"upper_bound":108684.75740740741},"point_estimate":107528.56593137255,"standard_error":550.4131005190945},"median_abs_dev":{"confidence_interval":{"confidence_level":0.95,"lower_bound":3163.465394290754,"upper_bound":5013.700610404211},"point_estimate":4241.932212288233,"standard_error":478.59182330497487},"slope":{"confidence_interval":{"confidence_level":0.95,"lower_bound":106959.51833132278,"upper_bound":108883.06854244106},"point_estimate":107859.00552889021,"standard_error":493.0485831215866},"std_dev":{"confidence_interval":{"confidence_level":0.95,"lower_bound":7493.819643797832,"upper_bound":23063.225960854223},"point_estimate":15216.164259750902,"standard_error":4425.317643479771}}