{"mean":{"confidence_interval":{"confidence_level":0.95,"lower_bound":95573.01686377641,"upper_bound":97088.2342939976},"point_estimate":96233.5419357781,"standard_error":387.9463936205489},"median":{"confidence_interval":{"confidence_level":0.95,"lower_bound":95565.91588478367,"upper_bound":96507.72394678493},"point_estimate":96047.91988142292,"standard_error":262.0909665835865},"median_abs_dev":{"confidence_interval":{"confidence_level":0.95,"lower_bound":1319.4391222814668,"upper_bound":1969.0126680156636},"point_estimate":1697.3402666231102,"standard_error":164.83077225096332},"slope":{"confidence_interval":{"confidence_level":0.95,"lower_bound":95514.97306157976,"upper_bound":96586.01717066982},"point_estimate":96029.93307817349,"standard_error":271.7652072194004},"std_dev":{"confidence_interval":{"confidence_level":0.95,"lower_bound":1791.8663822031501,"upper_bound":6058.334472813791},"point_estimate":3900.376235211764,"standard_error":1289.3473331160662}}