{"mean":{"confidence_interval":{"confidence_level":0.95,"lower_bound":10408.90535394417,"upper_bound":10928.190139334545},"point_estimate":10650.006787811295,"standard_error":132.37997188032736},"median":{"confidence_interval":{"confidence_level":0.95,"lower_bound":10172.717499527083,"upper_bound":10597.184612211222},"point_estimate":10321.40606712003,"standard_error":100.26438085673234},"median_abs_dev":{"confidence_interval":{"confidence_level":0.95,"lower_bound":536.1368245764126,"upper_bound":975.2867291023491},"point_estimate":752.7383451515168,"standard_error":120.05703919423338},"slope":{"confidence_interval":{"confidence_level":0.95,"lower_bound":9968.537004584658,"upper_bound":10203.266184612374},"point_estimate":10081.186764247579,"standard_error":59.90128334077109},"std_dev":{"confidence_interval":{"confidence_level":0.95,"lower_bound":831.9705112632923,"upper_bound":1855.4886830445257},"point_estimate":1341.2176589065937,"standard_error":275.30455439622136}}