{"mean":{"confidence_interval":{"confidence_level":0.95,"lower_bound":125888216.45,"upper_bound":128572853.21875},"point_estimate":127226546.59,"standard_error":686429.1345383602},"median":{"confidence_interval":{"confidence_level":0.95,"lower_bound":125876398.0,"upper_bound":129312631.0},"point_estimate":127328503.5,"standard_error":961050.4784853965},"median_abs_dev":{"confidence_interval":{"confidence_level":0.95,"lower_bound":4832246.989810467,"upper_bound":8157206.492480636},"point_estimate":6489414.956089854,"standard_error":853816.2786352818},"slope":null,"std_dev":{"confidence_interval":{"confidence_level":0.95,"lower_bound":5944265.669845302,"upper_bound":7763008.052407606},"point_estimate":6903497.04049309,"standard_error":464049.8460896785}}