{"mean":{"confidence_interval":{"confidence_level":0.95,"lower_bound":20604080.98058333,"upper_bound":20923203.76974999},"point_estimate":20757147.56666666,"standard_error":81625.85352702},"median":{"confidence_interval":{"confidence_level":0.95,"lower_bound":20333241.666666664,"upper_bound":20650530.333333332},"point_estimate":20507997.666666664,"standard_error":73469.88123144383},"median_abs_dev":{"confidence_interval":{"confidence_level":0.95,"lower_bound":438713.68721127603,"upper_bound":819478.2247513533},"point_estimate":664819.3258970921,"standard_error":96259.1063160205},"slope":null,"std_dev":{"confidence_interval":{"confidence_level":0.95,"lower_bound":642732.5619529876,"upper_bound":988318.1542113683},"point_estimate":819285.8479798129,"standard_error":88724.3247765558}}