{"mean":{"confidence_interval":{"confidence_level":0.95,"lower_bound":26565510.038625,"upper_bound":26976423.02975},"point_estimate":26763921.1,"standard_error":104811.50300807912},"median":{"confidence_interval":{"confidence_level":0.95,"lower_bound":26451564.5,"upper_bound":26984419.5},"point_estimate":26619638.5,"standard_error":140852.98159793875},"median_abs_dev":{"confidence_interval":{"confidence_level":0.95,"lower_bound":791487.4785482883,"upper_bound":1221599.358546024},"point_estimate":1026515.8980756998,"standard_error":109118.8004605173},"slope":null,"std_dev":{"confidence_interval":{"confidence_level":0.95,"lower_bound":812881.3583991891,"upper_bound":1328028.6732248561},"point_estimate":1052516.7709994344,"standard_error":136966.31227182766}}