{"mean":{"confidence_interval":{"confidence_level":0.95,"lower_bound":77593.49793752123,"upper_bound":78205.64746831793},"point_estimate":77835.2703436978,"standard_error":162.52328688209778},"median":{"confidence_interval":{"confidence_level":0.95,"lower_bound":77540.90384615384,"upper_bound":77793.62774193549},"point_estimate":77704.8935483871,"standard_error":57.02829048273551},"median_abs_dev":{"confidence_interval":{"confidence_level":0.95,"lower_bound":364.5583036980932,"upper_bound":546.2377864384051},"point_estimate":463.4146307152558,"standard_error":45.62010658524477},"slope":{"confidence_interval":{"confidence_level":0.95,"lower_bound":77585.33621400446,"upper_bound":77820.39034140865},"point_estimate":77695.51278580441,"standard_error":59.8355481790208},"std_dev":{"confidence_interval":{"confidence_level":0.95,"lower_bound":478.3406673169818,"upper_bound":2693.006732074302},"point_estimate":1636.242168557652,"standard_error":724.2460934919707}}