{"mean":{"confidence_interval":{"confidence_level":0.95,"lower_bound":129241.84489102535,"upper_bound":132598.83904920061},"point_estimate":130826.13556961605,"standard_error":855.2720086639729},"median":{"confidence_interval":{"confidence_level":0.95,"lower_bound":128079.88888888889,"upper_bound":129648.72222222222},"point_estimate":128913.20833333334,"standard_error":400.31675097819215},"median_abs_dev":{"confidence_interval":{"confidence_level":0.95,"lower_bound":2712.1824511985524,"upper_bound":5508.033359685605},"point_estimate":4406.7124121877605,"standard_error":718.6900010578382},"slope":{"confidence_interval":{"confidence_level":0.95,"lower_bound":129000.09551562973,"upper_bound":131290.5680341036},"point_estimate":130054.83264962317,"standard_error":584.5820125344086},"std_dev":{"confidence_interval":{"confidence_level":0.95,"lower_bound":5881.744699438278,"upper_bound":10990.615912493722},"point_estimate":8604.126656780598,"standard_error":1303.7528524828033}}