{"mean":{"confidence_interval":{"confidence_level":0.95,"lower_bound":4885260.490125001,"upper_bound":5318764.361225002},"point_estimate":5101331.005000001,"standard_error":111089.00502703348},"median":{"confidence_interval":{"confidence_level":0.95,"lower_bound":4082187.8,"upper_bound":5933758.05},"point_estimate":4979403.55,"standard_error":808653.5099231536},"median_abs_dev":{"confidence_interval":{"confidence_level":0.95,"lower_bound":249723.4093175254,"upper_bound":1807976.1823520078},"point_estimate":1518787.866876125,"standard_error":485143.7672909668},"slope":null,"std_dev":{"confidence_interval":{"confidence_level":0.95,"lower_bound":1070422.911159761,"upper_bound":1166151.1892567764},"point_estimate":1123670.7450652486,"standard_error":24396.868015720906}}