{"mean":{"confidence_interval":{"confidence_level":0.95,"lower_bound":5429326.037555557,"upper_bound":5830022.710666665},"point_estimate":5625841.991111112,"standard_error":102131.07427073247},"median":{"confidence_interval":{"confidence_level":0.95,"lower_bound":5111163.444444444,"upper_bound":5896664.611111111},"point_estimate":5652210.166666667,"standard_error":220666.9825332292},"median_abs_dev":{"confidence_interval":{"confidence_level":0.95,"lower_bound":917072.5095520418,"upper_bound":1362667.1079744897},"point_estimate":1133621.3088075318,"standard_error":110715.85227295829},"slope":null,"std_dev":{"confidence_interval":{"confidence_level":0.95,"lower_bound":873153.9607875588,"upper_bound":1160814.5445937216},"point_estimate":1022661.3151009906,"standard_error":73510.67124390772}}