{"mean":{"confidence_interval":{"confidence_level":0.95,"lower_bound":5695732.39671875,"upper_bound":5845201.383375},"point_estimate":5769612.5425,"standard_error":38146.376698845015},"median":{"confidence_interval":{"confidence_level":0.95,"lower_bound":5616542.0,"upper_bound":5816598.375},"point_estimate":5730060.75,"standard_error":50149.766447312104},"median_abs_dev":{"confidence_interval":{"confidence_level":0.95,"lower_bound":323058.8122520596,"upper_bound":502119.9167355895},"point_estimate":428823.88053685427,"standard_error":46304.40173171661},"slope":null,"std_dev":{"confidence_interval":{"confidence_level":0.95,"lower_bound":333037.16756320134,"upper_bound":426374.2118226843},"point_estimate":382716.91918761085,"standard_error":23842.94815513611}}