{"mean":{"confidence_interval":{"confidence_level":0.95,"lower_bound":5261521.113166664,"upper_bound":5568794.749972222},"point_estimate":5413840.338888886,"standard_error":78379.93354952334},"median":{"confidence_interval":{"confidence_level":0.95,"lower_bound":5039362.222222222,"upper_bound":5624662.277777778},"point_estimate":5252694.0,"standard_error":157771.22000847562},"median_abs_dev":{"confidence_interval":{"confidence_level":0.95,"lower_bound":657924.329986175,"upper_bound":1161441.3912802935},"point_estimate":946411.0214978456,"standard_error":131589.0978384555},"slope":null,"std_dev":{"confidence_interval":{"confidence_level":0.95,"lower_bound":714204.2881142924,"upper_bound":854574.5278814328},"point_estimate":789807.738826165,"standard_error":35918.287012141474}}