{"mean":{"confidence_interval":{"confidence_level":0.95,"lower_bound":4936496.666549999,"upper_bound":5355546.672750002},"point_estimate":5145194.602,"standard_error":107283.00393330207},"median":{"confidence_interval":{"confidence_level":0.95,"lower_bound":4162742.9,"upper_bound":5982726.0},"point_estimate":5162165.65,"standard_error":734936.1799652919},"median_abs_dev":{"confidence_interval":{"confidence_level":0.95,"lower_bound":339623.4755104779,"upper_bound":1878448.384510875},"point_estimate":1549277.3129448295,"standard_error":415641.0223654872},"slope":null,"std_dev":{"confidence_interval":{"confidence_level":0.95,"lower_bound":1013471.1650202881,"upper_bound":1150107.0280963671},"point_estimate":1079368.6113533536,"standard_error":35251.38548506303}}