{"mean":{"confidence_interval":{"confidence_level":0.95,"lower_bound":5755403.238555558,"upper_bound":5984098.467861111},"point_estimate":5867356.756666666,"standard_error":58215.87959028258},"median":{"confidence_interval":{"confidence_level":0.95,"lower_bound":5651839.388888889,"upper_bound":5946845.333333333},"point_estimate":5783534.611111112,"standard_error":82732.46190499874},"median_abs_dev":{"confidence_interval":{"confidence_level":0.95,"lower_bound":407076.89820627216,"upper_bound":683125.885568757},"point_estimate":536704.7322382531,"standard_error":72695.22858282141},"slope":null,"std_dev":{"confidence_interval":{"confidence_level":0.95,"lower_bound":479333.1846286051,"upper_bound":683254.2040719126},"point_estimate":584512.0310920503,"standard_error":52315.42272677692}}