{"mean":{"confidence_interval":{"confidence_level":0.95,"lower_bound":5135606.367194446,"upper_bound":5424269.406166666},"point_estimate":5277719.013333335,"standard_error":73611.08374158127},"median":{"confidence_interval":{"confidence_level":0.95,"lower_bound":4901776.055555556,"upper_bound":5292051.222222222},"point_estimate":5187411.611111111,"standard_error":103442.89561910628},"median_abs_dev":{"confidence_interval":{"confidence_level":0.95,"lower_bound":629269.461361568,"upper_bound":1147697.524790962},"point_estimate":1014905.1634818313,"standard_error":137216.81102833815},"slope":null,"std_dev":{"confidence_interval":{"confidence_level":0.95,"lower_bound":664041.393854562,"upper_bound":803839.2047046493},"point_estimate":739794.2569468976,"standard_error":35679.424325243854}}