{"mean":{"confidence_interval":{"confidence_level":0.95,"lower_bound":5104286.4998,"upper_bound":5456620.013500001},"point_estimate":5279755.197000002,"standard_error":89581.37557496586},"median":{"confidence_interval":{"confidence_level":0.95,"lower_bound":4991352.949999999,"upper_bound":5468376.9},"point_estimate":5255159.5,"standard_error":127312.34890438356},"median_abs_dev":{"confidence_interval":{"confidence_level":0.95,"lower_bound":1031892.3244902486,"upper_bound":1435570.5681735273},"point_estimate":1290627.2210767863,"standard_error":98421.91203637386},"slope":null,"std_dev":{"confidence_interval":{"confidence_level":0.95,"lower_bound":826777.1706197242,"upper_bound":973030.3942729906},"point_estimate":905573.5347409549,"standard_error":37335.38041653449}}