{"mean":{"confidence_interval":{"confidence_level":0.95,"lower_bound":4978544.7585681835,"upper_bound":5121196.823022728},"point_estimate":5047034.067272727,"standard_error":36456.45563122682},"median":{"confidence_interval":{"confidence_level":0.95,"lower_bound":4922853.318181818,"upper_bound":5042430.181818182},"point_estimate":4969166.545454545,"standard_error":31981.253304442274},"median_abs_dev":{"confidence_interval":{"confidence_level":0.95,"lower_bound":204207.86171094893,"upper_bound":339751.12736821175},"point_estimate":255499.08170943803,"standard_error":34009.546399794504},"slope":null,"std_dev":{"confidence_interval":{"confidence_level":0.95,"lower_bound":278827.7128508994,"upper_bound":452269.44707032014},"point_estimate":366474.3633041398,"standard_error":44683.70374061643}}