{"mean":{"confidence_interval":{"confidence_level":0.95,"lower_bound":3813055.7412500014,"upper_bound":3906325.619946428},"point_estimate":3853057.0221428573,"standard_error":24014.12963661848},"median":{"confidence_interval":{"confidence_level":0.95,"lower_bound":3767038.0714285714,"upper_bound":3895193.4285714286},"point_estimate":3875375.6785714286,"standard_error":33404.03228757267},"median_abs_dev":{"confidence_interval":{"confidence_level":0.95,"lower_bound":110700.61182717135,"upper_bound":202642.42362987698},"point_estimate":163840.58754124815,"standard_error":24377.46035164333},"slope":null,"std_dev":{"confidence_interval":{"confidence_level":0.95,"lower_bound":121565.51240083856,"upper_bound":372716.2547743341},"point_estimate":240903.37661371042,"standard_error":82086.24246412933}}