{"mean":{"confidence_interval":{"confidence_level":0.95,"lower_bound":3741978.3431964293,"upper_bound":3781801.570571432},"point_estimate":3761520.902142858,"standard_error":10199.976135470695},"median":{"confidence_interval":{"confidence_level":0.95,"lower_bound":3704747.8571428573,"upper_bound":3782281.428571428},"point_estimate":3741562.8214285714,"standard_error":20135.21510368877},"median_abs_dev":{"confidence_interval":{"confidence_level":0.95,"lower_bound":76985.4862332344,"upper_bound":127336.5404893244},"point_estimate":110757.57808365997,"standard_error":12641.130386928258},"slope":null,"std_dev":{"confidence_interval":{"confidence_level":0.95,"lower_bound":86101.97219361387,"upper_bound":117558.10465745447},"point_estimate":102409.76959830226,"standard_error":8029.948255774406}}