{"mean":{"confidence_interval":{"confidence_level":0.95,"lower_bound":4298535.2375625,"upper_bound":4342063.7927291645},"point_estimate":4319405.274166666,"standard_error":11078.030155573239},"median":{"confidence_interval":{"confidence_level":0.95,"lower_bound":4285021.25,"upper_bound":4320415.041666667},"point_estimate":4300696.875,"standard_error":7297.684461100279},"median_abs_dev":{"confidence_interval":{"confidence_level":0.95,"lower_bound":57738.126274944276,"upper_bound":94324.18405041075},"point_estimate":74956.48639425659,"standard_error":9073.851349883822},"slope":null,"std_dev":{"confidence_interval":{"confidence_level":0.95,"lower_bound":83655.078408743,"upper_bound":135179.97418961322},"point_estimate":111166.01735791516,"standard_error":13141.51756586556}}