{"mean":{"confidence_interval":{"confidence_level":0.95,"lower_bound":4798261.924431819,"upper_bound":4965420.948772726},"point_estimate":4876304.973636363,"standard_error":42695.33595319116},"median":{"confidence_interval":{"confidence_level":0.95,"lower_bound":4717589.454545454,"upper_bound":4803786.2727272725},"point_estimate":4767928.954545455,"standard_error":18964.195495480933},"median_abs_dev":{"confidence_interval":{"confidence_level":0.95,"lower_bound":137965.29488698958,"upper_bound":253030.21579872404},"point_estimate":193499.85079196387,"standard_error":28573.484523207633},"slope":null,"std_dev":{"confidence_interval":{"confidence_level":0.95,"lower_bound":278915.8044464299,"upper_bound":564335.3507186989},"point_estimate":430259.6484824448,"standard_error":73213.45963844414}}