{"mean":{"confidence_interval":{"confidence_level":0.95,"lower_bound":3888347.6681964286,"upper_bound":4005150.288142854},"point_estimate":3936824.0121428557,"standard_error":30095.864094279248},"median":{"confidence_interval":{"confidence_level":0.95,"lower_bound":3878732.6071428573,"upper_bound":3955915.285714286},"point_estimate":3936975.8571428573,"standard_error":22631.985328250048},"median_abs_dev":{"confidence_interval":{"confidence_level":0.95,"lower_bound":92414.26875931866,"upper_bound":170288.41482677634},"point_estimate":146095.4014062885,"standard_error":20390.25940196283},"slope":null,"std_dev":{"confidence_interval":{"confidence_level":0.95,"lower_bound":130740.10096798169,"upper_bound":473470.84458006686},"point_estimate":300830.38527068426,"standard_error":108685.1851177976}}