{"mean":{"confidence_interval":{"confidence_level":0.95,"lower_bound":3779333.4685178567,"upper_bound":3909611.284410716},"point_estimate":3836298.479285715,"standard_error":33459.919244935816},"median":{"confidence_interval":{"confidence_level":0.95,"lower_bound":3760458.9285714286,"upper_bound":3850024.571428572},"point_estimate":3793176.8571428573,"standard_error":19602.216229045647},"median_abs_dev":{"confidence_interval":{"confidence_level":0.95,"lower_bound":142527.73636962665,"upper_bound":244354.44991184122},"point_estimate":185494.17195682,"standard_error":26296.647477515704},"slope":null,"std_dev":{"confidence_interval":{"confidence_level":0.95,"lower_bound":176460.4338757424,"upper_bound":509087.8801701523},"point_estimate":336267.70545408933,"standard_error":102583.64829354666}}