{"mean":{"confidence_interval":{"confidence_level":0.95,"lower_bound":4017161.864230771,"upper_bound":4081608.285307693},"point_estimate":4049266.1869230797,"standard_error":16429.556424363986},"median":{"confidence_interval":{"confidence_level":0.95,"lower_bound":4007655.6153846155,"upper_bound":4091572.153846154},"point_estimate":4042729.192307692,"standard_error":17883.236680691858},"median_abs_dev":{"confidence_interval":{"confidence_level":0.95,"lower_bound":128531.7808181051,"upper_bound":214535.18139123917},"point_estimate":170102.23041085046,"standard_error":22213.73019254806},"slope":null,"std_dev":{"confidence_interval":{"confidence_level":0.95,"lower_bound":142557.07427854414,"upper_bound":184812.7806514581},"point_estimate":164723.970186198,"standard_error":10801.846239262217}}