{"mean":{"confidence_interval":{"confidence_level":0.95,"lower_bound":5173597.955275002,"upper_bound":5330380.895400001},"point_estimate":5248593.585000001,"standard_error":40184.98720070737},"median":{"confidence_interval":{"confidence_level":0.95,"lower_bound":5105409.4,"upper_bound":5252439.5},"point_estimate":5175899.5,"standard_error":39417.83413874142},"median_abs_dev":{"confidence_interval":{"confidence_level":0.95,"lower_bound":211819.354759455,"upper_bound":351435.72015076864},"point_estimate":273717.829530537,"standard_error":34978.16665779453},"slope":null,"std_dev":{"confidence_interval":{"confidence_level":0.95,"lower_bound":296967.9914657398,"upper_bound":501312.26314498356},"point_estimate":405266.47120435076,"standard_error":52389.232123239846}}