{"mean":{"confidence_interval":{"confidence_level":0.95,"lower_bound":3840981.775857144,"upper_bound":3927645.9815000007},"point_estimate":3874736.4707142855,"standard_error":22900.50876488858},"median":{"confidence_interval":{"confidence_level":0.95,"lower_bound":3854972.3571428573,"upper_bound":3888025.5357142854},"point_estimate":3867754.5357142854,"standard_error":7587.256706779697},"median_abs_dev":{"confidence_interval":{"confidence_level":0.95,"lower_bound":42563.32724434979,"upper_bound":73050.24230309865},"point_estimate":57452.07273002162,"standard_error":7722.812604253389},"slope":null,"std_dev":{"confidence_interval":{"confidence_level":0.95,"lower_bound":71408.39668195705,"upper_bound":380547.15159355133},"point_estimate":230410.96342067255,"standard_error":104081.49204266678}}