{"mean":{"confidence_interval":{"confidence_level":0.95,"lower_bound":2645945.1857352923,"upper_bound":2776425.327102941},"point_estimate":2710797.6758823525,"standard_error":33278.452096809335},"median":{"confidence_interval":{"confidence_level":0.95,"lower_bound":2597707.6470588236,"upper_bound":2809547.294117647},"point_estimate":2681758.176470588,"standard_error":57365.02020114322},"median_abs_dev":{"confidence_interval":{"confidence_level":0.95,"lower_bound":251815.811817611,"upper_bound":386941.4124127695},"point_estimate":300062.66737282206,"standard_error":34364.08426564384},"slope":null,"std_dev":{"confidence_interval":{"confidence_level":0.95,"lower_bound":285420.5836060575,"upper_bound":379233.17710732576},"point_estimate":334993.887553151,"standard_error":23911.102680346703}}