{"mean":{"confidence_interval":{"confidence_level":0.95,"lower_bound":94080.77164433488,"upper_bound":102589.6571734735},"point_estimate":98138.24655775196,"standard_error":2172.1390181834354},"median":{"confidence_interval":{"confidence_level":0.95,"lower_bound":89594.80915713508,"upper_bound":94300.54736842106},"point_estimate":90745.41683336365,"standard_error":1392.9263714683188},"median_abs_dev":{"confidence_interval":{"confidence_level":0.95,"lower_bound":6314.244800724846,"upper_bound":9633.706840926085},"point_estimate":7471.111094129357,"standard_error":819.8123997890435},"slope":{"confidence_interval":{"confidence_level":0.95,"lower_bound":95528.57662496678,"upper_bound":106950.68594228016},"point_estimate":100824.26217033644,"standard_error":2925.1828764105812},"std_dev":{"confidence_interval":{"confidence_level":0.95,"lower_bound":16270.043967140062,"upper_bound":26071.291537553927},"point_estimate":21850.64063386087,"standard_error":2502.4965587554557}}