{"mean":{"confidence_interval":{"confidence_level":0.95,"lower_bound":80458.69414638302,"upper_bound":83103.6616071235},"point_estimate":81683.51907871495,"standard_error":675.8812096189355},"median":{"confidence_interval":{"confidence_level":0.95,"lower_bound":79555.66239316239,"upper_bound":81839.98679098679},"point_estimate":80607.6514041514,"standard_error":537.9984038806663},"median_abs_dev":{"confidence_interval":{"confidence_level":0.95,"lower_bound":3295.45887486495,"upper_bound":5033.805917827035},"point_estimate":4339.958662543094,"standard_error":454.47659997497755},"slope":{"confidence_interval":{"confidence_level":0.95,"lower_bound":80309.7335439804,"upper_bound":82142.29811310548},"point_estimate":81203.22364256403,"standard_error":466.62547617154445},"std_dev":{"confidence_interval":{"confidence_level":0.95,"lower_bound":4130.850461393055,"upper_bound":9313.103952350173},"point_estimate":6827.49323847379,"standard_error":1347.079516506288}}