{"mean":{"confidence_interval":{"confidence_level":0.95,"lower_bound":81563.5125774639,"upper_bound":83432.24291991343},"point_estimate":82429.31935339744,"standard_error":477.60899770205305},"median":{"confidence_interval":{"confidence_level":0.95,"lower_bound":81274.2686584249,"upper_bound":82563.11538461539},"point_estimate":81901.10992942657,"standard_error":318.69025722449226},"median_abs_dev":{"confidence_interval":{"confidence_level":0.95,"lower_bound":2692.44064712863,"upper_bound":4400.776239203222},"point_estimate":3667.925090522344,"standard_error":432.38402235148186},"slope":{"confidence_interval":{"confidence_level":0.95,"lower_bound":81631.47820183255,"upper_bound":83007.51461988685},"point_estimate":82302.30857941821,"standard_error":350.3231836787792},"std_dev":{"confidence_interval":{"confidence_level":0.95,"lower_bound":3090.888889639357,"upper_bound":6791.084916396201},"point_estimate":4808.545859684423,"standard_error":1080.9836855569106}}