{"mean":{"confidence_interval":{"confidence_level":0.95,"lower_bound":137281.69596809527,"upper_bound":141232.08137974358},"point_estimate":139149.74077795082,"standard_error":1009.1704065222244},"median":{"confidence_interval":{"confidence_level":0.95,"lower_bound":135132.95904446937,"upper_bound":138640.99014778325},"point_estimate":137611.18940071558,"standard_error":995.1868544170561},"median_abs_dev":{"confidence_interval":{"confidence_level":0.95,"lower_bound":5126.432406228557,"upper_bound":8644.32078777944},"point_estimate":7052.5450382932195,"standard_error":896.2470457919102},"slope":{"confidence_interval":{"confidence_level":0.95,"lower_bound":141172.71688123688,"upper_bound":145325.592336076},"point_estimate":143140.42911693302,"standard_error":1058.5118839315992},"std_dev":{"confidence_interval":{"confidence_level":0.95,"lower_bound":7166.647891951289,"upper_bound":12948.954428414385},"point_estimate":10137.638331288787,"standard_error":1493.2431031044025}}