{"mean":{"confidence_interval":{"confidence_level":0.95,"lower_bound":128480.859270738,"upper_bound":131525.41383494428},"point_estimate":129914.05841797005,"standard_error":775.8947470745317},"median":{"confidence_interval":{"confidence_level":0.95,"lower_bound":127998.67979691876,"upper_bound":132065.13035714286},"point_estimate":129884.9040988736,"standard_error":1185.8584808221296},"median_abs_dev":{"confidence_interval":{"confidence_level":0.95,"lower_bound":5277.440511365365,"upper_bound":8570.721849351903},"point_estimate":7042.001448912412,"standard_error":843.3306638351861},"slope":{"confidence_interval":{"confidence_level":0.95,"lower_bound":132428.57913075783,"upper_bound":134154.10377627867},"point_estimate":133364.5714371213,"standard_error":439.16956305844224},"std_dev":{"confidence_interval":{"confidence_level":0.95,"lower_bound":5592.463301377339,"upper_bound":10479.056217819472},"point_estimate":7793.127817717012,"standard_error":1387.9621645041145}}