{"mean":{"confidence_interval":{"confidence_level":0.95,"lower_bound":191781.60540929498,"upper_bound":200615.14335438886},"point_estimate":195926.27701949913,"standard_error":2252.990411157965},"median":{"confidence_interval":{"confidence_level":0.95,"lower_bound":188567.2125,"upper_bound":192826.6622727273},"point_estimate":191126.53195187164,"standard_error":1161.6618939555278},"median_abs_dev":{"confidence_interval":{"confidence_level":0.95,"lower_bound":6893.8150228487275,"upper_bound":12644.251461276644},"point_estimate":9184.04025931369,"standard_error":1428.9662932699666},"slope":{"confidence_interval":{"confidence_level":0.95,"lower_bound":195084.6708422216,"upper_bound":206329.1429053425},"point_estimate":200163.3940245308,"standard_error":2891.750191468557},"std_dev":{"confidence_interval":{"confidence_level":0.95,"lower_bound":15302.009392019358,"upper_bound":29015.278680447544},"point_estimate":22585.725457513658,"standard_error":3506.8747992220706}}