{"mean":{"confidence_interval":{"confidence_level":0.95,"lower_bound":183904.26759292587,"upper_bound":203416.79312767563},"point_estimate":192404.2167592318,"standard_error":5004.016501797483},"median":{"confidence_interval":{"confidence_level":0.95,"lower_bound":176003.34567901236,"upper_bound":187050.65652173912},"point_estimate":180118.8876883117,"standard_error":2844.7103582032096},"median_abs_dev":{"confidence_interval":{"confidence_level":0.95,"lower_bound":12172.716859446624,"upper_bound":21202.933644503097},"point_estimate":16484.970877309017,"standard_error":2333.0575901497573},"slope":{"confidence_interval":{"confidence_level":0.95,"lower_bound":182978.39456610236,"upper_bound":191841.08329561527},"point_estimate":187181.92811703857,"standard_error":2265.8210184380478},"std_dev":{"confidence_interval":{"confidence_level":0.95,"lower_bound":22330.010180157584,"upper_bound":76098.1821281026},"point_estimate":50258.455053202,"standard_error":14717.490743957282}}