{"mean":{"confidence_interval":{"confidence_level":0.95,"lower_bound":161621.54348723902,"upper_bound":163416.67254795792},"point_estimate":162507.75627058878,"standard_error":458.86407397426757},"median":{"confidence_interval":{"confidence_level":0.95,"lower_bound":161942.21511627908,"upper_bound":163363.7214611872},"point_estimate":162710.63082315694,"standard_error":350.58224266431125},"median_abs_dev":{"confidence_interval":{"confidence_level":0.95,"lower_bound":2372.514317583144,"upper_bound":3908.48890533775},"point_estimate":3180.3266743712556,"standard_error":391.91311509643805},"slope":{"confidence_interval":{"confidence_level":0.95,"lower_bound":162404.52248269506,"upper_bound":163691.226666471},"point_estimate":163024.06001576278,"standard_error":328.9882510222753},"std_dev":{"confidence_interval":{"confidence_level":0.95,"lower_bound":3597.1403601008697,"upper_bound":5559.909452516562},"point_estimate":4634.101860805487,"standard_error":502.18004026365736}}