{"mean":{"confidence_interval":{"confidence_level":0.95,"lower_bound":132164.68345596275,"upper_bound":134680.6050249021},"point_estimate":133288.8353978431,"standard_error":648.0031378498329},"median":{"confidence_interval":{"confidence_level":0.95,"lower_bound":131339.65479922376,"upper_bound":133898.13743218806},"point_estimate":132382.83125,"standard_error":611.7394175008607},"median_abs_dev":{"confidence_interval":{"confidence_level":0.95,"lower_bound":3516.274065828974,"upper_bound":5800.06615789781},"point_estimate":4423.348199803218,"standard_error":592.32315800651},"slope":{"confidence_interval":{"confidence_level":0.95,"lower_bound":134888.44910043804,"upper_bound":136211.1212017081},"point_estimate":135603.61463024342,"standard_error":336.7226222131803},"std_dev":{"confidence_interval":{"confidence_level":0.95,"lower_bound":3730.745872472557,"upper_bound":9510.669780865695},"point_estimate":6489.934467648972,"standard_error":1681.4796061396694}}