{"mean":{"confidence_interval":{"confidence_level":0.95,"lower_bound":160649.88704700244,"upper_bound":165015.35108036877},"point_estimate":162606.5118099518,"standard_error":1118.8528167600577},"median":{"confidence_interval":{"confidence_level":0.95,"lower_bound":159069.4213836478,"upper_bound":161848.345410628},"point_estimate":160623.96550799935,"standard_error":704.0720061297254},"median_abs_dev":{"confidence_interval":{"confidence_level":0.95,"lower_bound":3835.77735690137,"upper_bound":6831.877511709924},"point_estimate":5410.941624429746,"standard_error":793.1304969968186},"slope":{"confidence_interval":{"confidence_level":0.95,"lower_bound":163382.88307399303,"upper_bound":166655.14742766856},"point_estimate":164959.3939076893,"standard_error":837.2182676118808},"std_dev":{"confidence_interval":{"confidence_level":0.95,"lower_bound":6437.916221568903,"upper_bound":16222.981330278275},"point_estimate":11214.11326590533,"standard_error":2795.4508590585087}}