{"mean":{"confidence_interval":{"confidence_level":0.95,"lower_bound":7701628.02257143,"upper_bound":7867236.751035712},"point_estimate":7764952.197142856,"standard_error":45053.91687279107},"median":{"confidence_interval":{"confidence_level":0.95,"lower_bound":7691844.142857143,"upper_bound":7746193.714285715},"point_estimate":7713700.5,"standard_error":14376.918069167596},"median_abs_dev":{"confidence_interval":{"confidence_level":0.95,"lower_bound":76502.57165180746,"upper_bound":150252.46611998513},"point_estimate":98466.55955186872,"standard_error":19332.791691132516},"slope":null,"std_dev":{"confidence_interval":{"confidence_level":0.95,"lower_bound":118361.26572083104,"upper_bound":757550.0487785082},"point_estimate":453651.96777422307,"standard_error":219112.74441128148}}