{"mean":{"confidence_interval":{"confidence_level":0.95,"lower_bound":9102863.4404,"upper_bound":9380804.452799998},"point_estimate":9242103.138000004,"standard_error":71187.9254449314},"median":{"confidence_interval":{"confidence_level":0.95,"lower_bound":9091571.6,"upper_bound":9414701.7},"point_estimate":9280031.6,"standard_error":90167.80511590306},"median_abs_dev":{"confidence_interval":{"confidence_level":0.95,"lower_bound":652418.433469759,"upper_bound":942637.3597848418},"point_estimate":825541.6138637082,"standard_error":73489.28573509664},"slope":null,"std_dev":{"confidence_interval":{"confidence_level":0.95,"lower_bound":627552.0745363706,"upper_bound":790654.8143921288},"point_estimate":713502.1516987003,"standard_error":41767.09234774279}}