{"mean":{"confidence_interval":{"confidence_level":0.95,"lower_bound":9400004.639083331,"upper_bound":9578801.658791663},"point_estimate":9488012.38833333,"standard_error":45636.42096177293},"median":{"confidence_interval":{"confidence_level":0.95,"lower_bound":9328779.5,"upper_bound":9557927.583333332},"point_estimate":9416460.75,"standard_error":59216.94587713058},"median_abs_dev":{"confidence_interval":{"confidence_level":0.95,"lower_bound":325922.7938637142,"upper_bound":510902.3447796707},"point_estimate":408521.77424728917,"standard_error":46077.420011978174},"slope":null,"std_dev":{"confidence_interval":{"confidence_level":0.95,"lower_bound":384762.1630279818,"upper_bound":523782.5563912506},"point_estimate":457987.80718354665,"standard_error":35479.30665887979}}