{"mean":{"confidence_interval":{"confidence_level":0.95,"lower_bound":7198129.5269642845,"upper_bound":7334359.478392856},"point_estimate":7264770.2214285685,"standard_error":34958.998276093116},"median":{"confidence_interval":{"confidence_level":0.95,"lower_bound":7118991.571428571,"upper_bound":7333122.285714285},"point_estimate":7218927.785714285,"standard_error":47599.44033662496},"median_abs_dev":{"confidence_interval":{"confidence_level":0.95,"lower_bound":282838.56217861315,"upper_bound":427339.3214132099},"point_estimate":360744.3193955085,"standard_error":37742.480743021595},"slope":null,"std_dev":{"confidence_interval":{"confidence_level":0.95,"lower_bound":295754.4130507773,"upper_bound":402724.22182654106},"point_estimate":350989.9910243177,"standard_error":27324.471038181713}}