{"mean":{"confidence_interval":{"confidence_level":0.95,"lower_bound":8213828.478083332,"upper_bound":8427584.759958332},"point_estimate":8301230.649999998,"standard_error":55782.0225960154},"median":{"confidence_interval":{"confidence_level":0.95,"lower_bound":8202911.333333333,"upper_bound":8266737.0},"point_estimate":8230411.666666666,"standard_error":17925.92178415293},"median_abs_dev":{"confidence_interval":{"confidence_level":0.95,"lower_bound":148631.88286125683,"upper_bound":246459.75952446554},"point_estimate":205255.46460598824,"standard_error":24993.597253865377},"slope":null,"std_dev":{"confidence_interval":{"confidence_level":0.95,"lower_bound":188211.61142185194,"upper_bound":902596.2750255759},"point_estimate":560740.5827951707,"standard_error":219436.70841652923}}