{"mean":{"confidence_interval":{"confidence_level":0.95,"lower_bound":6174685.374277777,"upper_bound":6298537.365166666},"point_estimate":6231019.567777775,"standard_error":31624.911055407974},"median":{"confidence_interval":{"confidence_level":0.95,"lower_bound":6143245.166666667,"upper_bound":6245216.444444444},"point_estimate":6196650.277777778,"standard_error":24914.204225269146},"median_abs_dev":{"confidence_interval":{"confidence_level":0.95,"lower_bound":140359.63394145132,"upper_bound":227552.28766930627},"point_estimate":175043.90719234943,"standard_error":21711.86136204925},"slope":null,"std_dev":{"confidence_interval":{"confidence_level":0.95,"lower_bound":170935.3324075758,"upper_bound":451926.1085711785},"point_estimate":317972.11470343993,"standard_error":74622.31527785948}}