{"mean":{"confidence_interval":{"confidence_level":0.95,"lower_bound":2909791.0668125,"upper_bound":3072491.8140000002},"point_estimate":2983041.675,"standard_error":41829.62946048241},"median":{"confidence_interval":{"confidence_level":0.95,"lower_bound":2835219.25,"upper_bound":2907894.625},"point_estimate":2863456.875,"standard_error":18652.33113704779},"median_abs_dev":{"confidence_interval":{"confidence_level":0.95,"lower_bound":104913.4072624147,"upper_bound":194462.81632259488},"point_estimate":134769.26423236728,"standard_error":24508.276351533794},"slope":null,"std_dev":{"confidence_interval":{"confidence_level":0.95,"lower_bound":222488.3592789352,"upper_bound":605622.6788813747},"point_estimate":420484.4767933124,"standard_error":102259.35365347262}}