{"mean":{"confidence_interval":{"confidence_level":0.95,"lower_bound":3209198.761,"upper_bound":3466949.8700625},"point_estimate":3317844.1475,"standard_error":66544.23180016008},"median":{"confidence_interval":{"confidence_level":0.95,"lower_bound":3150142.625,"upper_bound":3277466.375},"point_estimate":3212542.0,"standard_error":37729.79821247161},"median_abs_dev":{"confidence_interval":{"confidence_level":0.95,"lower_bound":229096.35170772672,"upper_bound":391995.541215688},"point_estimate":323685.48872843385,"standard_error":42032.0148350594},"slope":null,"std_dev":{"confidence_interval":{"confidence_level":0.95,"lower_bound":290335.736037576,"upper_bound":1050100.972402535},"point_estimate":668802.1644781366,"standard_error":240253.20407812882}}