{"mean":{"confidence_interval":{"confidence_level":0.95,"lower_bound":2570391.9074375,"upper_bound":2761726.6286874996},"point_estimate":2661131.86,"standard_error":48756.31707851372},"median":{"confidence_interval":{"confidence_level":0.95,"lower_bound":2420440.125,"upper_bound":2503316.0},"point_estimate":2455778.0,"standard_error":20603.775882890255},"median_abs_dev":{"confidence_interval":{"confidence_level":0.95,"lower_bound":115921.43871260811,"upper_bound":225320.72554975748},"point_estimate":160697.15789705515,"standard_error":27885.071688246953},"slope":null,"std_dev":{"confidence_interval":{"confidence_level":0.95,"lower_bound":375958.01835877047,"upper_bound":587381.4163781067},"point_estimate":491062.5527653205,"standard_error":53876.83838625733}}