{"mean":{"confidence_interval":{"confidence_level":0.95,"lower_bound":10258.996122522518,"upper_bound":11195.458847966365},"point_estimate":10661.370382978916,"standard_error":241.46576815808575},"median":{"confidence_interval":{"confidence_level":0.95,"lower_bound":9980.37728937729,"upper_bound":10286.095252403846},"point_estimate":10177.575431265162,"standard_error":81.30093474461495},"median_abs_dev":{"confidence_interval":{"confidence_level":0.95,"lower_bound":508.13101781880783,"upper_bound":867.7257854200114},"point_estimate":636.8955061311696,"standard_error":92.05346508112504},"slope":{"confidence_interval":{"confidence_level":0.95,"lower_bound":9895.794732789767,"upper_bound":10111.1952484233},"point_estimate":10003.84454334383,"standard_error":55.13651804341927},"std_dev":{"confidence_interval":{"confidence_level":0.95,"lower_bound":994.980506636112,"upper_bound":3736.185860096408},"point_estimate":2429.8934769107764,"standard_error":769.7176520932757}}