{"mean":{"confidence_interval":{"confidence_level":0.95,"lower_bound":13690128.222875,"upper_bound":13914163.295062501},"point_estimate":13794781.205,"standard_error":57192.332504640945},"median":{"confidence_interval":{"confidence_level":0.95,"lower_bound":13593779.75,"upper_bound":13710998.25},"point_estimate":13676921.125,"standard_error":27355.688674150206},"median_abs_dev":{"confidence_interval":{"confidence_level":0.95,"lower_bound":208611.45319640636,"upper_bound":372172.80891761184},"point_estimate":304356.8328715861,"standard_error":44264.052017737515},"slope":null,"std_dev":{"confidence_interval":{"confidence_level":0.95,"lower_bound":399969.0783054224,"upper_bound":748822.9181448059},"point_estimate":576323.4630323827,"standard_error":90662.27041375374}}