{"mean":{"confidence_interval":{"confidence_level":0.95,"lower_bound":12247171.97265,"upper_bound":12553222.918999994},"point_estimate":12394541.554000003,"standard_error":77701.4139352651},"median":{"confidence_interval":{"confidence_level":0.95,"lower_bound":12138560.0,"upper_bound":12434056.5},"point_estimate":12298071.8,"standard_error":74466.35116241929},"median_abs_dev":{"confidence_interval":{"confidence_level":0.95,"lower_bound":442710.579060315,"upper_bound":751018.8744467495},"point_estimate":599586.706175207,"standard_error":78593.41535237918},"slope":null,"std_dev":{"confidence_interval":{"confidence_level":0.95,"lower_bound":588674.7759233175,"upper_bound":959178.6341308673},"point_estimate":778853.0307792148,"standard_error":95065.41134908437}}