{"mean":{"confidence_interval":{"confidence_level":0.95,"lower_bound":13853957.5036875,"upper_bound":14118100.398937501},"point_estimate":13983076.0025,"standard_error":67530.1249413728},"median":{"confidence_interval":{"confidence_level":0.95,"lower_bound":13669457.0,"upper_bound":13892808.5},"point_estimate":13768289.125,"standard_error":58439.106308259376},"median_abs_dev":{"confidence_interval":{"confidence_level":0.95,"lower_bound":381417.7463784814,"upper_bound":684849.8075164855},"point_estimate":519791.396471858,"standard_error":78292.56392628074},"slope":null,"std_dev":{"confidence_interval":{"confidence_level":0.95,"lower_bound":559151.3809579175,"upper_bound":783256.562316731},"point_estimate":680511.9417363293,"standard_error":57309.42020368623}}