{"mean":{"confidence_interval":{"confidence_level":0.95,"lower_bound":12969507.004749998,"upper_bound":13128641.6895},"point_estimate":13046650.7625,"standard_error":40556.02948995496},"median":{"confidence_interval":{"confidence_level":0.95,"lower_bound":12906655.0,"upper_bound":13080682.25},"point_estimate":13008392.25,"standard_error":44905.85357265867},"median_abs_dev":{"confidence_interval":{"confidence_level":0.95,"lower_bound":290521.3952422142,"upper_bound":466803.273412585},"point_estimate":383515.99599123,"standard_error":44609.04287863519},"slope":null,"std_dev":{"confidence_interval":{"confidence_level":0.95,"lower_bound":319113.1277267581,"upper_bound":504222.5195353761},"point_estimate":407810.9129578073,"standard_error":48506.52774942992}}