{"mean":{"confidence_interval":{"confidence_level":0.95,"lower_bound":1082519.667198896,"upper_bound":1117807.3769920184},"point_estimate":1099582.7061804936,"standard_error":8960.703040067949},"median":{"confidence_interval":{"confidence_level":0.95,"lower_bound":1077891.3789473684,"upper_bound":1109830.9375},"point_estimate":1091963.3571428573,"standard_error":8513.65485181841},"median_abs_dev":{"confidence_interval":{"confidence_level":0.95,"lower_bound":44115.7742187849,"upper_bound":80836.16197806953},"point_estimate":61018.63005270255,"standard_error":9337.829004436531},"slope":{"confidence_interval":{"confidence_level":0.95,"lower_bound":1092919.1843965955,"upper_bound":1121469.2432645545},"point_estimate":1106541.271624058,"standard_error":7281.308126333352},"std_dev":{"confidence_interval":{"confidence_level":0.95,"lower_bound":70511.29504391139,"upper_bound":109824.19168857703},"point_estimate":90457.95679343346,"standard_error":10134.136569701048}}