{"mean":{"confidence_interval":{"confidence_level":0.95,"lower_bound":119201.64761132891,"upper_bound":122763.35204378706},"point_estimate":120968.54475682262,"standard_error":910.7154563512906},"median":{"confidence_interval":{"confidence_level":0.95,"lower_bound":118907.20833333333,"upper_bound":122746.05547930743},"point_estimate":120541.43105158731,"standard_error":1005.647118988422},"median_abs_dev":{"confidence_interval":{"confidence_level":0.95,"lower_bound":6005.322019100163,"upper_bound":9660.411372623486},"point_estimate":8099.729800140437,"standard_error":917.7943461814284},"slope":{"confidence_interval":{"confidence_level":0.95,"lower_bound":122791.77686039412,"upper_bound":126850.24036698404},"point_estimate":124821.14738510418,"standard_error":1036.88254091355},"std_dev":{"confidence_interval":{"confidence_level":0.95,"lower_bound":7498.6570199174785,"upper_bound":10667.068056703405},"point_estimate":9162.86770558968,"standard_error":809.638846963219}}