{"mean":{"confidence_interval":{"confidence_level":0.95,"lower_bound":123482.84126506379,"upper_bound":128619.95347340332},"point_estimate":125856.12493413898,"standard_error":1306.662605234155},"median":{"confidence_interval":{"confidence_level":0.95,"lower_bound":122928.86149068322,"upper_bound":126228.30294291629},"point_estimate":124720.92717086835,"standard_error":866.843855697582},"median_abs_dev":{"confidence_interval":{"confidence_level":0.95,"lower_bound":4262.245593206301,"upper_bound":7866.886812080874},"point_estimate":5824.292647707887,"standard_error":993.3450577057026},"slope":{"confidence_interval":{"confidence_level":0.95,"lower_bound":127780.48056644935,"upper_bound":134327.54158656232},"point_estimate":130674.53199898668,"standard_error":1675.8808628868298},"std_dev":{"confidence_interval":{"confidence_level":0.95,"lower_bound":7429.560895937553,"upper_bound":18410.980068713783},"point_estimate":13163.438323513039,"standard_error":2861.4688759802634}}