{"mean":{"confidence_interval":{"confidence_level":0.95,"lower_bound":124719.68320563989,"upper_bound":127763.36586443649},"point_estimate":126265.14454146204,"standard_error":773.4199544806061},"median":{"confidence_interval":{"confidence_level":0.95,"lower_bound":124994.1607553366,"upper_bound":127712.70308694271},"point_estimate":126005.93891625616,"standard_error":761.2295487821316},"median_abs_dev":{"confidence_interval":{"confidence_level":0.95,"lower_bound":5615.303692136891,"upper_bound":8505.746064471701},"point_estimate":6963.045184544508,"standard_error":729.8301356376836},"slope":{"confidence_interval":{"confidence_level":0.95,"lower_bound":128617.19370603554,"upper_bound":130965.96710537397},"point_estimate":129777.60599168233,"standard_error":599.5694212205963},"std_dev":{"confidence_interval":{"confidence_level":0.95,"lower_bound":6185.692170526787,"upper_bound":9500.134951234888},"point_estimate":7762.451875455802,"standard_error":864.2854797052012}}