{"mean":{"confidence_interval":{"confidence_level":0.95,"lower_bound":105347.87397829255,"upper_bound":107170.56360065908},"point_estimate":106273.7686387965,"standard_error":465.32144958142084},"median":{"confidence_interval":{"confidence_level":0.95,"lower_bound":105761.95202020202,"upper_bound":108172.5685461581},"point_estimate":106927.08479532163,"standard_error":647.6747115425043},"median_abs_dev":{"confidence_interval":{"confidence_level":0.95,"lower_bound":3202.141684380064,"upper_bound":5447.105271026864},"point_estimate":4602.464907178796,"standard_error":574.3788939256295},"slope":{"confidence_interval":{"confidence_level":0.95,"lower_bound":107071.492482882,"upper_bound":109613.18134141725},"point_estimate":108511.33691345254,"standard_error":654.509868416214},"std_dev":{"confidence_interval":{"confidence_level":0.95,"lower_bound":3787.85004887709,"upper_bound":5627.447899508336},"point_estimate":4677.195910653476,"standard_error":478.48343663986356}}