{"mean":{"confidence_interval":{"confidence_level":0.95,"lower_bound":119248.049570577,"upper_bound":121481.81030881648},"point_estimate":120409.48874620703,"standard_error":567.9599290879461},"median":{"confidence_interval":{"confidence_level":0.95,"lower_bound":118814.5424528302,"upper_bound":122370.55133928571},"point_estimate":120946.60158079624,"standard_error":871.7026169368069},"median_abs_dev":{"confidence_interval":{"confidence_level":0.95,"lower_bound":4062.7486309967862,"upper_bound":5969.23109743406},"point_estimate":4844.9837577296585,"standard_error":477.43636366571786},"slope":{"confidence_interval":{"confidence_level":0.95,"lower_bound":122642.05039771891,"upper_bound":123977.70201497134},"point_estimate":123336.15971331461,"standard_error":339.90305973401735},"std_dev":{"confidence_interval":{"confidence_level":0.95,"lower_bound":4147.415971128901,"upper_bound":7557.795425581594},"point_estimate":5700.420007032581,"standard_error":945.4145678916298}}