{"mean":{"confidence_interval":{"confidence_level":0.95,"lower_bound":161406.4176045212,"upper_bound":168800.88593958522},"point_estimate":165001.47008731015,"standard_error":1885.479588748478},"median":{"confidence_interval":{"confidence_level":0.95,"lower_bound":162928.33405923346,"upper_bound":169695.69417173136},"point_estimate":166567.30352564104,"standard_error":1984.4108562019894},"median_abs_dev":{"confidence_interval":{"confidence_level":0.95,"lower_bound":9275.46728057434,"upper_bound":18605.699794624365},"point_estimate":13154.022398650535,"standard_error":2415.4136512018413},"slope":{"confidence_interval":{"confidence_level":0.95,"lower_bound":169728.10094079573,"upper_bound":174819.72418961104},"point_estimate":172230.79989901977,"standard_error":1302.97020405711},"std_dev":{"confidence_interval":{"confidence_level":0.95,"lower_bound":14657.250155150577,"upper_bound":23818.88071057968},"point_estimate":19002.392422845227,"standard_error":2394.2965784735}}