{"mean":{"confidence_interval":{"confidence_level":0.95,"lower_bound":109798.2099209621,"upper_bound":112442.88033454701},"point_estimate":111053.68113786374,"standard_error":673.9728007628778},"median":{"confidence_interval":{"confidence_level":0.95,"lower_bound":109293.609375,"upper_bound":111152.75914634146},"point_estimate":110418.32452063818,"standard_error":578.8965510186667},"median_abs_dev":{"confidence_interval":{"confidence_level":0.95,"lower_bound":2863.293672485355,"upper_bound":5107.88596279551},"point_estimate":4034.5178417963957,"standard_error":565.2896487150412},"slope":{"confidence_interval":{"confidence_level":0.95,"lower_bound":112740.11827452654,"upper_bound":116288.26743464555},"point_estimate":114455.54478683315,"standard_error":907.4698513074167},"std_dev":{"confidence_interval":{"confidence_level":0.95,"lower_bound":4900.432349007782,"upper_bound":8469.593528015188},"point_estimate":6771.880926670571,"standard_error":912.9195553981309}}