{"mean":{"confidence_interval":{"confidence_level":0.95,"lower_bound":113801.6051919551,"upper_bound":116229.57523880001},"point_estimate":114937.6076517568,"standard_error":618.4641587911674},"median":{"confidence_interval":{"confidence_level":0.95,"lower_bound":114097.86666666667,"upper_bound":115724.0640625},"point_estimate":115107.5652782717,"standard_error":460.0692941372581},"median_abs_dev":{"confidence_interval":{"confidence_level":0.95,"lower_bound":2804.575004641276,"upper_bound":5647.56430298853},"point_estimate":4322.298759888867,"standard_error":750.4879754786856},"slope":{"confidence_interval":{"confidence_level":0.95,"lower_bound":115946.79005515989,"upper_bound":117733.03871213175},"point_estimate":116807.60254359391,"standard_error":456.1895316975113},"std_dev":{"confidence_interval":{"confidence_level":0.95,"lower_bound":4205.273228163347,"upper_bound":8510.608680530177},"point_estimate":6214.956640643607,"standard_error":1197.6339367832538}}