{"mean":{"confidence_interval":{"confidence_level":0.95,"lower_bound":2427898.44886842,"upper_bound":2521782.3864342105},"point_estimate":2474539.6147368415,"standard_error":24068.102677185478},"median":{"confidence_interval":{"confidence_level":0.95,"lower_bound":2395469.210526316,"upper_bound":2542485.0},"point_estimate":2461850.736842105,"standard_error":38177.227869834336},"median_abs_dev":{"confidence_interval":{"confidence_level":0.95,"lower_bound":205137.3313001895,"upper_bound":312485.37255227566},"point_estimate":258725.51719091446,"standard_error":27502.835129916315},"slope":null,"std_dev":{"confidence_interval":{"confidence_level":0.95,"lower_bound":206308.95542530413,"upper_bound":275826.6626177495},"point_estimate":242237.61743613344,"standard_error":17744.3823999014}}