{"mean":{"confidence_interval":{"confidence_level":0.95,"lower_bound":2618638.2087058825,"upper_bound":2751077.744529411},"point_estimate":2684402.3947058828,"standard_error":33818.46918701055},"median":{"confidence_interval":{"confidence_level":0.95,"lower_bound":2565909.411764706,"upper_bound":2765957.588235294},"point_estimate":2662496.176470588,"standard_error":60317.16611218999},"median_abs_dev":{"confidence_interval":{"confidence_level":0.95,"lower_bound":277962.988559288,"upper_bound":466536.62344673113},"point_estimate":364304.6835617109,"standard_error":47488.34224384395},"slope":null,"std_dev":{"confidence_interval":{"confidence_level":0.95,"lower_bound":294408.14411804,"upper_bound":385266.55082702305},"point_estimate":341441.13094138965,"standard_error":23229.38323265041}}