{"mean":{"confidence_interval":{"confidence_level":0.95,"lower_bound":1359542.3347848174,"upper_bound":1439647.4030524825},"point_estimate":1397532.0714232323,"standard_error":20379.11564048373},"median":{"confidence_interval":{"confidence_level":0.95,"lower_bound":1346155.7368421052,"upper_bound":1414516.5970149254},"point_estimate":1379234.9359909156,"standard_error":16291.102413556764},"median_abs_dev":{"confidence_interval":{"confidence_level":0.95,"lower_bound":106316.01447815272,"upper_bound":165628.3217490256},"point_estimate":137058.94610182857,"standard_error":14419.55228494357},"slope":{"confidence_interval":{"confidence_level":0.95,"lower_bound":1400191.4654034888,"upper_bound":1490741.3141301745},"point_estimate":1442725.4778631595,"standard_error":23194.068092344616},"std_dev":{"confidence_interval":{"confidence_level":0.95,"lower_bound":140159.409199589,"upper_bound":274472.1246448213},"point_estimate":204143.89107728712,"standard_error":36292.87701956266}}