{"mean":{"confidence_interval":{"confidence_level":0.95,"lower_bound":1169020.2431182628,"upper_bound":1204042.282670682},"point_estimate":1186645.81508474,"standard_error":8923.45854105071},"median":{"confidence_interval":{"confidence_level":0.95,"lower_bound":1184628.5595360824,"upper_bound":1212701.882232463},"point_estimate":1196096.7759562843,"standard_error":7815.4118305710645},"median_abs_dev":{"confidence_interval":{"confidence_level":0.95,"lower_bound":56951.82663334755,"upper_bound":102844.35847102261},"point_estimate":76520.04079573246,"standard_error":11861.308952222334},"slope":{"confidence_interval":{"confidence_level":0.95,"lower_bound":1208263.4983062411,"upper_bound":1243172.32974085},"point_estimate":1225615.2462568346,"standard_error":8912.606761113433},"std_dev":{"confidence_interval":{"confidence_level":0.95,"lower_bound":75486.98968975668,"upper_bound":102384.1740141809},"point_estimate":89629.9383080678,"standard_error":6868.707976980534}}