{"mean":{"confidence_interval":{"confidence_level":0.95,"lower_bound":1796082.3049500005,"upper_bound":1898983.0203700007},"point_estimate":1843120.7584000009,"standard_error":26325.556989442182},"median":{"confidence_interval":{"confidence_level":0.95,"lower_bound":1767561.96,"upper_bound":1840275.02},"point_estimate":1791960.82,"standard_error":17461.977424247838},"median_abs_dev":{"confidence_interval":{"confidence_level":0.95,"lower_bound":128005.87295544152,"upper_bound":199461.08337485796},"point_estimate":171513.12500703338,"standard_error":18365.71971101004},"slope":null,"std_dev":{"confidence_interval":{"confidence_level":0.95,"lower_bound":165850.60491876953,"upper_bound":369946.9377546315},"point_estimate":264631.4010593472,"standard_error":55960.07689590552}}