{"mean":{"confidence_interval":{"confidence_level":0.95,"lower_bound":2259134.700388891,"upper_bound":2422645.8965972234},"point_estimate":2338184.0894444454,"standard_error":41758.61787871579},"median":{"confidence_interval":{"confidence_level":0.95,"lower_bound":2171716.277777778,"upper_bound":2382135.5},"point_estimate":2280096.3333333335,"standard_error":48984.7294117814},"median_abs_dev":{"confidence_interval":{"confidence_level":0.95,"lower_bound":284309.136619171,"upper_bound":422181.8738381064},"point_estimate":358892.06959505857,"standard_error":35256.22982538734},"slope":null,"std_dev":{"confidence_interval":{"confidence_level":0.95,"lower_bound":326060.6114543619,"upper_bound":521114.07051820087},"point_estimate":420273.9624746634,"standard_error":50652.93307235122}}