{"mean":{"confidence_interval":{"confidence_level":0.95,"lower_bound":2018645.8334270846,"upper_bound":2092511.7237291667},"point_estimate":2054496.5683333331,"standard_error":18873.748192762956},"median":{"confidence_interval":{"confidence_level":0.95,"lower_bound":1972451.375,"upper_bound":2052376.0833333333},"point_estimate":2010157.4583333335,"standard_error":17739.289698633293},"median_abs_dev":{"confidence_interval":{"confidence_level":0.95,"lower_bound":108393.10028813803,"upper_bound":194130.31239099812},"point_estimate":147323.55015948432,"standard_error":24221.021125609826},"slope":null,"std_dev":{"confidence_interval":{"confidence_level":0.95,"lower_bound":152639.80423950835,"upper_bound":224706.44475737461},"point_estimate":189689.6178370141,"standard_error":18469.07994271333}}