{"mean":{"confidence_interval":{"confidence_level":0.95,"lower_bound":113925.90265010792,"upper_bound":116242.92671706014},"point_estimate":114954.61383265203,"standard_error":593.4448058606052},"median":{"confidence_interval":{"confidence_level":0.95,"lower_bound":114052.39038150173,"upper_bound":115800.16977611941},"point_estimate":114829.26602564103,"standard_error":441.5486731295486},"median_abs_dev":{"confidence_interval":{"confidence_level":0.95,"lower_bound":2489.0242160382654,"upper_bound":4423.15689308644},"point_estimate":3662.4869133205625,"standard_error":508.9054657629341},"slope":{"confidence_interval":{"confidence_level":0.95,"lower_bound":114326.31888948557,"upper_bound":115868.32332875836},"point_estimate":115101.25801019654,"standard_error":391.623572100893},"std_dev":{"confidence_interval":{"confidence_level":0.95,"lower_bound":3133.689297413108,"upper_bound":9069.502365334583},"point_estimate":5982.028442231471,"standard_error":1786.8749381880693}}