{"mean":{"confidence_interval":{"confidence_level":0.95,"lower_bound":9476192.710791662,"upper_bound":9633062.225625},"point_estimate":9552924.961666668,"standard_error":39978.03113503393},"median":{"confidence_interval":{"confidence_level":0.95,"lower_bound":9355185.833333334,"upper_bound":9552880.583333332},"point_estimate":9442746.666666668,"standard_error":65863.72177771818},"median_abs_dev":{"confidence_interval":{"confidence_level":0.95,"lower_bound":249918.78881305503,"upper_bound":490811.26188635593},"point_estimate":364711.9334250698,"standard_error":69440.58617967594},"slope":null,"std_dev":{"confidence_interval":{"confidence_level":0.95,"lower_bound":337740.4904316855,"upper_bound":466370.4696407713},"point_estimate":401838.39963188756,"standard_error":33041.338303481345}}