{"mean":{"confidence_interval":{"confidence_level":0.95,"lower_bound":9774322.98895833,"upper_bound":9909513.246166665},"point_estimate":9834473.806666667,"standard_error":34683.78067585721},"median":{"confidence_interval":{"confidence_level":0.95,"lower_bound":9756235.75,"upper_bound":9823420.5},"point_estimate":9789228.166666668,"standard_error":17336.97268372565},"median_abs_dev":{"confidence_interval":{"confidence_level":0.95,"lower_bound":123688.12670409541,"upper_bound":207802.81846076343},"point_estimate":161841.23087674563,"standard_error":21402.789912832275},"slope":null,"std_dev":{"confidence_interval":{"confidence_level":0.95,"lower_bound":166545.86528763725,"upper_bound":509745.64938678435},"point_estimate":348881.19529588294,"standard_error":91784.94434425732}}