{"mean":{"confidence_interval":{"confidence_level":0.95,"lower_bound":14233485.05375,"upper_bound":14508768.302625},"point_estimate":14367280.0475,"standard_error":70398.13145817647},"median":{"confidence_interval":{"confidence_level":0.95,"lower_bound":14133042.75,"upper_bound":14417694.5},"point_estimate":14267656.25,"standard_error":72393.98347108245},"median_abs_dev":{"confidence_interval":{"confidence_level":0.95,"lower_bound":386145.5723695457,"upper_bound":670305.6870996952},"point_estimate":502178.4794345498,"standard_error":75214.28528823113},"slope":null,"std_dev":{"confidence_interval":{"confidence_level":0.95,"lower_bound":562894.8790374744,"upper_bound":840879.8337108201},"point_estimate":707143.710167928,"standard_error":71343.81218647039}}