{"mean":{"confidence_interval":{"confidence_level":0.95,"lower_bound":9738897.58645833,"upper_bound":9884939.350958334},"point_estimate":9805908.934999999,"standard_error":37412.230331579885},"median":{"confidence_interval":{"confidence_level":0.95,"lower_bound":9693423.416666668,"upper_bound":9773291.0},"point_estimate":9730590.416666668,"standard_error":19041.955151891776},"median_abs_dev":{"confidence_interval":{"confidence_level":0.95,"lower_bound":130963.7976611779,"upper_bound":249104.597416262},"point_estimate":188527.2891029734,"standard_error":31668.19632749028},"slope":null,"std_dev":{"confidence_interval":{"confidence_level":0.95,"lower_bound":229152.04033160125,"upper_bound":528187.1360333818},"point_estimate":375594.23859149613,"standard_error":80853.53586419142}}