{"mean":{"confidence_interval":{"confidence_level":0.95,"lower_bound":11223791.962850008,"upper_bound":11347752.87565},"point_estimate":11285902.747999998,"standard_error":31596.881052160916},"median":{"confidence_interval":{"confidence_level":0.95,"lower_bound":11193652.2,"upper_bound":11383276.0},"point_estimate":11271513.8,"standard_error":53759.78607806188},"median_abs_dev":{"confidence_interval":{"confidence_level":0.95,"lower_bound":232342.54141509588,"upper_bound":389768.1200802326},"point_estimate":297518.9705979821,"standard_error":40963.24381168752},"slope":null,"std_dev":{"confidence_interval":{"confidence_level":0.95,"lower_bound":270979.61590892344,"upper_bound":359942.30701832566},"point_estimate":317478.4589942692,"standard_error":22791.7409620331}}