{"mean":{"confidence_interval":{"confidence_level":0.95,"lower_bound":12928465.6456875,"upper_bound":13143229.7954375},"point_estimate":13028086.925,"standard_error":54980.56127822232},"median":{"confidence_interval":{"confidence_level":0.95,"lower_bound":12884622.0,"upper_bound":13041404.75},"point_estimate":12964714.25,"standard_error":39969.91933446962},"median_abs_dev":{"confidence_interval":{"confidence_level":0.95,"lower_bound":304056.23572692275,"upper_bound":491222.72816592816},"point_estimate":402522.5570037961,"standard_error":47824.28568617347},"slope":null,"std_dev":{"confidence_interval":{"confidence_level":0.95,"lower_bound":358428.88050439797,"upper_bound":770833.1544942346},"point_estimate":553207.7691324714,"standard_error":116544.56970834684}}