{"mean":{"confidence_interval":{"confidence_level":0.95,"lower_bound":12943125.519937498,"upper_bound":13320786.6208125},"point_estimate":13120213.75,"standard_error":96447.59046289399},"median":{"confidence_interval":{"confidence_level":0.95,"lower_bound":12802076.0,"upper_bound":13250938.5},"point_estimate":13115188.5,"standard_error":110236.97742721527},"median_abs_dev":{"confidence_interval":{"confidence_level":0.95,"lower_bound":569207.1948945522,"upper_bound":902680.9939742088},"point_estimate":668837.9131257534,"standard_error":86782.55286707151},"slope":null,"std_dev":{"confidence_interval":{"confidence_level":0.95,"lower_bound":662897.9861332052,"upper_bound":1330490.0600950178},"point_estimate":967930.4024268327,"standard_error":189598.6431184205}}