{"mean":{"confidence_interval":{"confidence_level":0.95,"lower_bound":9695396.448900001,"upper_bound":9828124.145350005},"point_estimate":9760039.578000002,"standard_error":33888.61750825413},"median":{"confidence_interval":{"confidence_level":0.95,"lower_bound":9589059.7,"upper_bound":9801052.8},"point_estimate":9685681.1,"standard_error":55835.83218255702},"median_abs_dev":{"confidence_interval":{"confidence_level":0.95,"lower_bound":225538.44535589163,"upper_bound":382234.2883139849},"point_estimate":294982.0937830226,"standard_error":40230.5826850951},"slope":null,"std_dev":{"confidence_interval":{"confidence_level":0.95,"lower_bound":280029.73914293566,"upper_bound":390267.64185288275},"point_estimate":339083.27872051974,"standard_error":28043.142047842823}}