{"mean":{"confidence_interval":{"confidence_level":0.95,"lower_bound":194737.97849894577,"upper_bound":221829.4859342662},"point_estimate":204364.75744572363,"standard_error":8118.136572311002},"median":{"confidence_interval":{"confidence_level":0.95,"lower_bound":192855.0340425532,"upper_bound":195170.2},"point_estimate":193633.4250273224,"standard_error":639.2482424207537},"median_abs_dev":{"confidence_interval":{"confidence_level":0.95,"lower_bound":3132.4122166777056,"upper_bound":5947.54430317898},"point_estimate":4671.354422827696,"standard_error":751.1851651302363},"slope":{"confidence_interval":{"confidence_level":0.95,"lower_bound":196956.49389368205,"upper_bound":200835.19050764514},"point_estimate":198850.53960218708,"standard_error":990.4989922048849},"std_dev":{"confidence_interval":{"confidence_level":0.95,"lower_bound":5733.651634042048,"upper_bound":139515.657188576},"point_estimate":81775.36142835554,"standard_error":46396.50481218934}}