{"mean":{"confidence_interval":{"confidence_level":0.95,"lower_bound":12323555.242625,"upper_bound":12514033.037625},"point_estimate":12417790.54,"standard_error":48943.515853605524},"median":{"confidence_interval":{"confidence_level":0.95,"lower_bound":12193527.5,"upper_bound":12506483.25},"point_estimate":12370005.5,"standard_error":78476.5643793794},"median_abs_dev":{"confidence_interval":{"confidence_level":0.95,"lower_bound":391339.3054023385,"upper_bound":644757.5243532658},"point_estimate":527741.0975307226,"standard_error":65798.98499660383},"slope":null,"std_dev":{"confidence_interval":{"confidence_level":0.95,"lower_bound":426957.7563042863,"upper_bound":546711.8718807094},"point_estimate":490221.3024292114,"standard_error":30545.89627601866}}