{"mean":{"confidence_interval":{"confidence_level":0.95,"lower_bound":16040811.467625001,"upper_bound":16537668.768875},"point_estimate":16278288.78,"standard_error":127046.31847061946},"median":{"confidence_interval":{"confidence_level":0.95,"lower_bound":15755922.5,"upper_bound":16092227.25},"point_estimate":15916672.75,"standard_error":86941.83061255625},"median_abs_dev":{"confidence_interval":{"confidence_level":0.95,"lower_bound":589415.7738357782,"upper_bound":956962.6855105162},"point_estimate":741755.8863312006,"standard_error":92077.53686824965},"slope":null,"std_dev":{"confidence_interval":{"confidence_level":0.95,"lower_bound":984586.1745747129,"upper_bound":1531767.8647148702},"point_estimate":1279058.6113373851,"standard_error":140403.81851828337}}