{"mean":{"confidence_interval":{"confidence_level":0.95,"lower_bound":13172414.05075,"upper_bound":13527545.098375},"point_estimate":13349927.97,"standard_error":90965.32916435771},"median":{"confidence_interval":{"confidence_level":0.95,"lower_bound":13164005.0,"upper_bound":13505525.75},"point_estimate":13284453.5,"standard_error":78145.18250135836},"median_abs_dev":{"confidence_interval":{"confidence_level":0.95,"lower_bound":695851.2552961707,"upper_bound":1122317.783342376},"point_estimate":994257.8584983945,"standard_error":112865.13341863196},"slope":null,"std_dev":{"confidence_interval":{"confidence_level":0.95,"lower_bound":799938.917863312,"upper_bound":1015179.2768721168},"point_estimate":914503.1617170516,"standard_error":55129.40539134028}}