{"mean":{"confidence_interval":{"confidence_level":0.95,"lower_bound":12976381.625625,"upper_bound":13184704.594625},"point_estimate":13082273.955,"standard_error":53139.59175332899},"median":{"confidence_interval":{"confidence_level":0.95,"lower_bound":13075685.25,"upper_bound":13252987.0},"point_estimate":13153336.0,"standard_error":48428.60457058446},"median_abs_dev":{"confidence_interval":{"confidence_level":0.95,"lower_bound":334477.8899118304,"upper_bound":658911.5356519818},"point_estimate":472064.65006917715,"standard_error":86879.30283244746},"slope":null,"std_dev":{"confidence_interval":{"confidence_level":0.95,"lower_bound":459054.3039063281,"upper_bound":595964.2126361842},"point_estimate":533640.3835814149,"standard_error":34983.324359102575}}