{"mean":{"confidence_interval":{"confidence_level":0.95,"lower_bound":15621836.605,"upper_bound":16081639.17825},"point_estimate":15836655.655,"standard_error":117571.67415653291},"median":{"confidence_interval":{"confidence_level":0.95,"lower_bound":15433383.75,"upper_bound":15750535.0},"point_estimate":15535709.0,"standard_error":87775.5587045496},"median_abs_dev":{"confidence_interval":{"confidence_level":0.95,"lower_bound":490409.60084348917,"upper_bound":746344.5332497358},"point_estimate":616135.1905614138,"standard_error":65420.07733176181},"slope":null,"std_dev":{"confidence_interval":{"confidence_level":0.95,"lower_bound":809967.8005183894,"upper_bound":1497715.0099017036},"point_estimate":1187749.4040132528,"standard_error":175351.67301660514}}