{"mean":{"confidence_interval":{"confidence_level":0.95,"lower_bound":14938273.632749999,"upper_bound":15159832.161249999},"point_estimate":15036174.395,"standard_error":56835.85955693142},"median":{"confidence_interval":{"confidence_level":0.95,"lower_bound":14896021.5,"upper_bound":15030247.0},"point_estimate":14970696.75,"standard_error":35228.69567230465},"median_abs_dev":{"confidence_interval":{"confidence_level":0.95,"lower_bound":248187.59697753936,"upper_bound":411681.688991189},"point_estimate":312124.73010867834,"standard_error":41529.778257421334},"slope":null,"std_dev":{"confidence_interval":{"confidence_level":0.95,"lower_bound":309396.15096308535,"upper_bound":859036.013605035},"point_estimate":571209.4239091139,"standard_error":169554.26396230108}}