{"mean":{"confidence_interval":{"confidence_level":0.95,"lower_bound":14481061.755625,"upper_bound":14749012.22225},"point_estimate":14608677.2,"standard_error":68357.7495056629},"median":{"confidence_interval":{"confidence_level":0.95,"lower_bound":14363952.5,"upper_bound":14597326.25},"point_estimate":14512651.75,"standard_error":64849.48647554424},"median_abs_dev":{"confidence_interval":{"confidence_level":0.95,"lower_bound":417720.3186839819,"upper_bound":668834.5772758126},"point_estimate":566610.0503906608,"standard_error":65950.98735461487},"slope":null,"std_dev":{"confidence_interval":{"confidence_level":0.95,"lower_bound":491590.7799536638,"upper_bound":863459.8825511708},"point_estimate":686305.78957268,"standard_error":94731.33493053426}}