{"mean":{"confidence_interval":{"confidence_level":0.95,"lower_bound":82279016.57474999,"upper_bound":83424199.845},"point_estimate":82826382.84,"standard_error":292004.9679551042},"median":{"confidence_interval":{"confidence_level":0.95,"lower_bound":81982107.0,"upper_bound":82995158.0},"point_estimate":82449357.5,"standard_error":244764.47285380415},"median_abs_dev":{"confidence_interval":{"confidence_level":0.95,"lower_bound":1911295.9799677134,"upper_bound":3083219.3530619144},"point_estimate":2553855.5498600006,"standard_error":300840.075022358},"slope":null,"std_dev":{"confidence_interval":{"confidence_level":0.95,"lower_bound":2082071.7470850418,"upper_bound":3768852.3238769653},"point_estimate":2930954.291227725,"standard_error":437181.19470978837}}