{"mean":{"confidence_interval":{"confidence_level":0.95,"lower_bound":75200440.942,"upper_bound":77833457.40425},"point_estimate":76503639.65,"standard_error":672667.5842595113},"median":{"confidence_interval":{"confidence_level":0.95,"lower_bound":73313517.0,"upper_bound":77700226.0},"point_estimate":75641899.5,"standard_error":969268.6337086706},"median_abs_dev":{"confidence_interval":{"confidence_level":0.95,"lower_bound":6097872.163841128,"upper_bound":9482842.124345899},"point_estimate":7814514.628064632,"standard_error":868758.3614576161},"slope":null,"std_dev":{"confidence_interval":{"confidence_level":0.95,"lower_bound":6039792.359777558,"upper_bound":7446939.314485294},"point_estimate":6795300.831056613,"standard_error":357953.8413473584}}