{"mean":{"confidence_interval":{"confidence_level":0.95,"lower_bound":65401981.34475,"upper_bound":66839465.35},"point_estimate":66131349.86,"standard_error":367701.0152839872},"median":{"confidence_interval":{"confidence_level":0.95,"lower_bound":67395892.0,"upper_bound":67951003.0},"point_estimate":67769149.0,"standard_error":150772.64807399493},"median_abs_dev":{"confidence_interval":{"confidence_level":0.95,"lower_bound":764443.3724284172,"upper_bound":1987986.4102736851},"point_estimate":1144143.8973873854,"standard_error":330974.4482636651},"slope":null,"std_dev":{"confidence_interval":{"confidence_level":0.95,"lower_bound":3246066.3396930113,"upper_bound":4079793.8301401874},"point_estimate":3699022.8896998204,"standard_error":211085.80301914905}}