{"mean":{"confidence_interval":{"confidence_level":0.95,"lower_bound":78205.22494156111,"upper_bound":79030.50458526473},"point_estimate":78516.5015662458,"standard_error":226.64283806556676},"median":{"confidence_interval":{"confidence_level":0.95,"lower_bound":78210.12443438914,"upper_bound":78410.55630670699},"point_estimate":78292.84478021978,"standard_error":52.193610708775},"median_abs_dev":{"confidence_interval":{"confidence_level":0.95,"lower_bound":388.50426162020864,"upper_bound":682.6067350472964},"point_estimate":538.4618345109117,"standard_error":75.32014797420862},"slope":{"confidence_interval":{"confidence_level":0.95,"lower_bound":78163.33957807338,"upper_bound":78490.68311899493},"point_estimate":78304.71644996647,"standard_error":84.00278684321464},"std_dev":{"confidence_interval":{"confidence_level":0.95,"lower_bound":481.66882222647064,"upper_bound":3822.2651121313406},"point_estimate":2278.1878410606723,"standard_error":1133.1801057798118}}