{"mean":{"confidence_interval":{"confidence_level":0.95,"lower_bound":65906041.86725,"upper_bound":68285656.20674999},"point_estimate":67045301.43,"standard_error":606395.2605086778},"median":{"confidence_interval":{"confidence_level":0.95,"lower_bound":64963474.0,"upper_bound":67265751.5},"point_estimate":66086598.5,"standard_error":584973.4141083426},"median_abs_dev":{"confidence_interval":{"confidence_level":0.95,"lower_bound":2950734.9607139826,"upper_bound":5009325.76546669},"point_estimate":3521374.3471831083,"standard_error":555886.3137624001},"slope":null,"std_dev":{"confidence_interval":{"confidence_level":0.95,"lower_bound":4619625.755240175,"upper_bound":7350429.97136159},"point_estimate":6073896.928768032,"standard_error":700287.5780549092}}