{"mean":{"confidence_interval":{"confidence_level":0.95,"lower_bound":121686496.54675,"upper_bound":123788514.27450001},"point_estimate":122699914.59,"standard_error":536592.1654846818},"median":{"confidence_interval":{"confidence_level":0.95,"lower_bound":122495169.0,"upper_bound":123468108.0},"point_estimate":123110290.0,"standard_error":295124.6092582713},"median_abs_dev":{"confidence_interval":{"confidence_level":0.95,"lower_bound":2880079.435068369,"upper_bound":6906107.09169209},"point_estimate":5057061.778119206,"standard_error":1189988.7673561492},"slope":null,"std_dev":{"confidence_interval":{"confidence_level":0.95,"lower_bound":3959816.533638897,"upper_bound":6861095.694879646},"point_estimate":5391704.2202954395,"standard_error":758696.5968939266}}