{"mean":{"confidence_interval":{"confidence_level":0.95,"lower_bound":126170335.34750001,"upper_bound":128055291.67699999},"point_estimate":127054746.3,"standard_error":479746.24037124007},"median":{"confidence_interval":{"confidence_level":0.95,"lower_bound":124539736.0,"upper_bound":128825047.0},"point_estimate":127411447.0,"standard_error":1091225.3968560603},"median_abs_dev":{"confidence_interval":{"confidence_level":0.95,"lower_bound":2948157.4606597424,"upper_bound":5968579.06793654},"point_estimate":4669714.002496004,"standard_error":668888.950691157},"slope":null,"std_dev":{"confidence_interval":{"confidence_level":0.95,"lower_bound":3460207.224294968,"upper_bound":6520427.5046225665},"point_estimate":4821080.528907896,"standard_error":911981.4209563583}}