{"mean":{"confidence_interval":{"confidence_level":0.95,"lower_bound":42777650.597875,"upper_bound":43901782.008625},"point_estimate":43314880.85,"standard_error":287405.66693408025},"median":{"confidence_interval":{"confidence_level":0.95,"lower_bound":42059764.5,"upper_bound":43238731.0},"point_estimate":42615523.0,"standard_error":297732.0781149905},"median_abs_dev":{"confidence_interval":{"confidence_level":0.95,"lower_bound":1396867.8889006376,"upper_bound":2532590.8593600243},"point_estimate":1807986.9312018156,"standard_error":311520.3959968943},"slope":null,"std_dev":{"confidence_interval":{"confidence_level":0.95,"lower_bound":2163953.0381976585,"upper_bound":3548857.8500782833},"point_estimate":2894163.741061533,"standard_error":355060.9918970483}}