{"mean":{"confidence_interval":{"confidence_level":0.95,"lower_bound":40997951.2265,"upper_bound":42678840.586375},"point_estimate":41774284.125,"standard_error":429908.8640683372},"median":{"confidence_interval":{"confidence_level":0.95,"lower_bound":40412300.5,"upper_bound":41688832.0},"point_estimate":40895528.0,"standard_error":312372.75631717645},"median_abs_dev":{"confidence_interval":{"confidence_level":0.95,"lower_bound":2138815.5217396864,"upper_bound":3464996.2592840195},"point_estimate":2882411.5648269653,"standard_error":342842.54252669547},"slope":null,"std_dev":{"confidence_interval":{"confidence_level":0.95,"lower_bound":2596674.9450849523,"upper_bound":6016071.284608141},"point_estimate":4327868.696103878,"standard_error":912781.3868934715}}