{"mean":{"confidence_interval":{"confidence_level":0.95,"lower_bound":31526747.729375,"upper_bound":32261899.801875003},"point_estimate":31834749.055,"standard_error":191064.91335829525},"median":{"confidence_interval":{"confidence_level":0.95,"lower_bound":31472161.75,"upper_bound":31805714.0},"point_estimate":31665563.25,"standard_error":96152.55223221068},"median_abs_dev":{"confidence_interval":{"confidence_level":0.95,"lower_bound":489743.54280531406,"upper_bound":971295.3501060605},"point_estimate":668369.7821840644,"standard_error":120457.18835337246},"slope":null,"std_dev":{"confidence_interval":{"confidence_level":0.95,"lower_bound":771306.4341465059,"upper_bound":3030240.6058818223},"point_estimate":1918440.7895612107,"standard_error":702524.059278972}}