{"mean":{"confidence_interval":{"confidence_level":0.95,"lower_bound":43528301.1955,"upper_bound":45785553.670375},"point_estimate":44566851.15,"standard_error":577572.4297201355},"median":{"confidence_interval":{"confidence_level":0.95,"lower_bound":42305447.5,"upper_bound":44075979.25},"point_estimate":43034801.5,"standard_error":439454.19659000885},"median_abs_dev":{"confidence_interval":{"confidence_level":0.95,"lower_bound":2082209.3636333942,"upper_bound":3543230.0946950912},"point_estimate":2595168.1981265545,"standard_error":384895.26167456346},"slope":null,"std_dev":{"confidence_interval":{"confidence_level":0.95,"lower_bound":3463725.4646542477,"upper_bound":7945105.153102748},"point_estimate":5823651.799793331,"standard_error":1156792.7077224317}}