{"mean":{"confidence_interval":{"confidence_level":0.95,"lower_bound":4360665.3683125,"upper_bound":4424595.920625},"point_estimate":4391780.256666665,"standard_error":16324.380854776486},"median":{"confidence_interval":{"confidence_level":0.95,"lower_bound":4308109.916666667,"upper_bound":4369902.916666667},"point_estimate":4340948.916666666,"standard_error":20549.06673129859},"median_abs_dev":{"confidence_interval":{"confidence_level":0.95,"lower_bound":90091.91710054921,"upper_bound":184557.75122344494},"point_estimate":139447.29957431462,"standard_error":25792.88933727113},"slope":null,"std_dev":{"confidence_interval":{"confidence_level":0.95,"lower_bound":138606.1330405083,"upper_bound":185878.18691132028},"point_estimate":163921.84279676454,"standard_error":12030.900442155675}}