{"mean":{"confidence_interval":{"confidence_level":0.95,"lower_bound":4069271.547249997,"upper_bound":4178556.327517855},"point_estimate":4123874.1942857145,"standard_error":27844.105015058387},"median":{"confidence_interval":{"confidence_level":0.95,"lower_bound":4086471.3214285714,"upper_bound":4217622.214285715},"point_estimate":4125266.1428571427,"standard_error":37053.53473517804},"median_abs_dev":{"confidence_interval":{"confidence_level":0.95,"lower_bound":221700.64001402713,"upper_bound":364287.6274326016},"point_estimate":310897.93158045865,"standard_error":36161.518491599636},"slope":null,"std_dev":{"confidence_interval":{"confidence_level":0.95,"lower_bound":241233.96629245902,"upper_bound":316664.09524425084},"point_estimate":279537.5706776929,"standard_error":19306.687113377047}}