{"mean":{"confidence_interval":{"confidence_level":0.95,"lower_bound":4055575.400365386,"upper_bound":4165894.182692309},"point_estimate":4109736.2800000007,"standard_error":28205.6858464814},"median":{"confidence_interval":{"confidence_level":0.95,"lower_bound":4004544.346153846,"upper_bound":4186207.769230769},"point_estimate":4111708.5384615385,"standard_error":44870.24330604563},"median_abs_dev":{"confidence_interval":{"confidence_level":0.95,"lower_bound":242186.47492571492,"upper_bound":364527.2546898857},"point_estimate":307789.97843563557,"standard_error":31354.267265804458},"slope":null,"std_dev":{"confidence_interval":{"confidence_level":0.95,"lower_bound":239287.6189735398,"upper_bound":324449.7674010156},"point_estimate":282042.8847591259,"standard_error":21815.272843880244}}