{"mean":{"confidence_interval":{"confidence_level":0.95,"lower_bound":12759954.938874999,"upper_bound":13050695.35675},"point_estimate":12890106.8,"standard_error":74282.60887345804},"median":{"confidence_interval":{"confidence_level":0.95,"lower_bound":12670991.0,"upper_bound":12901571.25},"point_estimate":12781687.0,"standard_error":58115.21625690273},"median_abs_dev":{"confidence_interval":{"confidence_level":0.95,"lower_bound":454578.68065461516,"upper_bound":649892.3240371048},"point_estimate":574803.8244701922,"standard_error":48907.63541216487},"slope":null,"std_dev":{"confidence_interval":{"confidence_level":0.95,"lower_bound":447244.99876575597,"upper_bound":1075449.9546126907},"point_estimate":744567.7179933768,"standard_error":186636.1093296861}}