{"mean":{"confidence_interval":{"confidence_level":0.95,"lower_bound":14092055.8130625,"upper_bound":14293623.2359375},"point_estimate":14181870.7525,"standard_error":51612.66691717372},"median":{"confidence_interval":{"confidence_level":0.95,"lower_bound":14032080.0,"upper_bound":14110506.0},"point_estimate":14066755.125,"standard_error":19317.28575921732},"median_abs_dev":{"confidence_interval":{"confidence_level":0.95,"lower_bound":146169.16075497866,"upper_bound":285199.6026366949},"point_estimate":233845.86072340608,"standard_error":36587.434852604805},"slope":null,"std_dev":{"confidence_interval":{"confidence_level":0.95,"lower_bound":270390.43929767713,"upper_bound":757391.820725016},"point_estimate":516667.37100303965,"standard_error":132231.22857524396}}