{"mean":{"confidence_interval":{"confidence_level":0.95,"lower_bound":15607416.691375,"upper_bound":16291710.3233125},"point_estimate":15948572.2575,"standard_error":175108.45779942637},"median":{"confidence_interval":{"confidence_level":0.95,"lower_bound":14887389.0,"upper_bound":16774203.625},"point_estimate":15463943.5,"standard_error":515077.41955342854},"median_abs_dev":{"confidence_interval":{"confidence_level":0.95,"lower_bound":1415448.7583957613,"upper_bound":2726985.420486331},"point_estimate":2257399.306923151,"standard_error":383431.4565481329},"slope":null,"std_dev":{"confidence_interval":{"confidence_level":0.95,"lower_bound":1628351.6825012765,"upper_bound":1856376.1709909474},"point_estimate":1755310.681541087,"standard_error":58042.734822308084}}