{"mean":{"confidence_interval":{"confidence_level":0.95,"lower_bound":13346729.4584375,"upper_bound":13904494.0059375},"point_estimate":13621113.5425,"standard_error":142216.9680940659},"median":{"confidence_interval":{"confidence_level":0.95,"lower_bound":12631816.0,"upper_bound":12988010.25},"point_estimate":12717080.0,"standard_error":105326.75127733209},"median_abs_dev":{"confidence_interval":{"confidence_level":0.95,"lower_bound":188423.26000481844,"upper_bound":780511.0496431589},"point_estimate":319728.8000486791,"standard_error":166568.6217843209},"slope":null,"std_dev":{"confidence_interval":{"confidence_level":0.95,"lower_bound":1245827.8122129021,"upper_bound":1563975.9801966955},"point_estimate":1429999.6840458615,"standard_error":81377.73169628007}}