{"mean":{"confidence_interval":{"confidence_level":0.95,"lower_bound":10409107.128999997,"upper_bound":10585964.605149997},"point_estimate":10484241.631999996,"standard_error":45761.79015612459},"median":{"confidence_interval":{"confidence_level":0.95,"lower_bound":10346968.2,"upper_bound":10455843.0},"point_estimate":10385483.8,"standard_error":24821.731714657744},"median_abs_dev":{"confidence_interval":{"confidence_level":0.95,"lower_bound":152889.56404566433,"upper_bound":264996.9540953636},"point_estimate":201171.6182684904,"standard_error":28538.097004020245},"slope":null,"std_dev":{"confidence_interval":{"confidence_level":0.95,"lower_bound":193849.2405768572,"upper_bound":720130.6728540049},"point_estimate":460205.69321257866,"standard_error":159730.35935105156}}