{"mean":{"confidence_interval":{"confidence_level":0.95,"lower_bound":8756047.654416667,"upper_bound":8948562.000333333},"point_estimate":8848216.525,"standard_error":49195.13050612212},"median":{"confidence_interval":{"confidence_level":0.95,"lower_bound":8671793.166666666,"upper_bound":8822081.833333334},"point_estimate":8723153.666666668,"standard_error":44978.238439755296},"median_abs_dev":{"confidence_interval":{"confidence_level":0.95,"lower_bound":261614.15515542123,"upper_bound":457595.83337605186},"point_estimate":340120.171211659,"standard_error":49912.25108416096},"slope":null,"std_dev":{"confidence_interval":{"confidence_level":0.95,"lower_bound":369036.5223322404,"upper_bound":618848.0661693417},"point_estimate":495239.4030876721,"standard_error":64352.780164261116}}