{"mean":{"confidence_interval":{"confidence_level":0.95,"lower_bound":9069227.817791669,"upper_bound":9318945.004666664},"point_estimate":9184028.026666665,"standard_error":63840.14772273372},"median":{"confidence_interval":{"confidence_level":0.95,"lower_bound":8938629.166666666,"upper_bound":9072271.333333334},"point_estimate":8965539.0,"standard_error":37058.87741260002},"median_abs_dev":{"confidence_interval":{"confidence_level":0.95,"lower_bound":196839.60940539974,"upper_bound":367036.8972837925},"point_estimate":251154.4123411174,"standard_error":44327.82812585568},"slope":null,"std_dev":{"confidence_interval":{"confidence_level":0.95,"lower_bound":386741.5007062887,"upper_bound":870144.9655645371},"point_estimate":639134.5104392436,"standard_error":125250.31564607324}}