{"mean":{"confidence_interval":{"confidence_level":0.95,"lower_bound":7982381.631928569,"upper_bound":8162909.284250002},"point_estimate":8054009.810000001,"standard_error":47610.28588248753},"median":{"confidence_interval":{"confidence_level":0.95,"lower_bound":7957494.428571429,"upper_bound":8040345.0},"point_estimate":7998773.285714285,"standard_error":21654.939258411396},"median_abs_dev":{"confidence_interval":{"confidence_level":0.95,"lower_bound":121521.09504256949,"upper_bound":217192.0005440719},"point_estimate":160651.56794786383,"standard_error":24363.651871327576},"slope":null,"std_dev":{"confidence_interval":{"confidence_level":0.95,"lower_bound":163613.77603720865,"upper_bound":782104.8421061146},"point_estimate":478494.6901285206,"standard_error":207375.84325881835}}