{"mean":{"confidence_interval":{"confidence_level":0.95,"lower_bound":155687.07411405092,"upper_bound":161277.873191583},"point_estimate":158336.3733666671,"standard_error":1432.7094907789372},"median":{"confidence_interval":{"confidence_level":0.95,"lower_bound":152617.83333333334,"upper_bound":158049.15527210885},"point_estimate":156165.19629870128,"standard_error":1300.307097175224},"median_abs_dev":{"confidence_interval":{"confidence_level":0.95,"lower_bound":7508.508022330419,"upper_bound":12132.713844183027},"point_estimate":9097.494060451214,"standard_error":1148.3686133154429},"slope":{"confidence_interval":{"confidence_level":0.95,"lower_bound":154315.13555220916,"upper_bound":160504.90301003278},"point_estimate":157274.35047647194,"standard_error":1585.715751482912},"std_dev":{"confidence_interval":{"confidence_level":0.95,"lower_bound":10218.827344506131,"upper_bound":18400.373155043173},"point_estimate":14375.812867576515,"standard_error":2121.480984128207}}