{"mean":{"confidence_interval":{"confidence_level":0.95,"lower_bound":9607585.271666666,"upper_bound":9776580.886833336},"point_estimate":9687132.301666668,"standard_error":43093.474237641654},"median":{"confidence_interval":{"confidence_level":0.95,"lower_bound":9501255.25,"upper_bound":9677149.25},"point_estimate":9579789.583333334,"standard_error":44082.29998055775},"median_abs_dev":{"confidence_interval":{"confidence_level":0.95,"lower_bound":225617.61619448662,"upper_bound":376364.057268202},"point_estimate":318503.61649543187,"standard_error":40276.61812683283},"slope":null,"std_dev":{"confidence_interval":{"confidence_level":0.95,"lower_bound":301783.12123471865,"upper_bound":555497.7490398815},"point_estimate":432007.863262127,"standard_error":65365.86678984668}}