{"mean":{"confidence_interval":{"confidence_level":0.95,"lower_bound":9517029.967500001,"upper_bound":10067430.193375003},"point_estimate":9776633.535,"standard_error":140955.56224617962},"median":{"confidence_interval":{"confidence_level":0.95,"lower_bound":9140462.75,"upper_bound":9675678.166666666},"point_estimate":9328773.583333332,"standard_error":135780.41449152556},"median_abs_dev":{"confidence_interval":{"confidence_level":0.95,"lower_bound":621575.8382648234,"upper_bound":1053265.3374508023},"point_estimate":919298.3451291919,"standard_error":110505.40223095752},"slope":null,"std_dev":{"confidence_interval":{"confidence_level":0.95,"lower_bound":988031.5535447625,"upper_bound":1805540.3398909434},"point_estimate":1419912.0987272107,"standard_error":209143.0768362691}}