{"mean":{"confidence_interval":{"confidence_level":0.95,"lower_bound":9250473.37204167,"upper_bound":9473973.928583331},"point_estimate":9357665.73,"standard_error":57217.668099061695},"median":{"confidence_interval":{"confidence_level":0.95,"lower_bound":9155907.916666666,"upper_bound":9343436.833333334},"point_estimate":9239215.75,"standard_error":49119.57610900311},"median_abs_dev":{"confidence_interval":{"confidence_level":0.95,"lower_bound":291939.74921703525,"upper_bound":486702.1125093112},"point_estimate":358051.8472433081,"standard_error":47297.975314783034},"slope":null,"std_dev":{"confidence_interval":{"confidence_level":0.95,"lower_bound":442653.4114935165,"upper_bound":693615.4666703679},"point_estimate":577262.6857416162,"standard_error":64059.97004496799}}