{"mean":{"confidence_interval":{"confidence_level":0.95,"lower_bound":7357619.752964283,"upper_bound":7424959.232750003},"point_estimate":7390343.158571426,"standard_error":17208.679701255613},"median":{"confidence_interval":{"confidence_level":0.95,"lower_bound":7324906.857142857,"upper_bound":7401593.142857143},"point_estimate":7352664.142857143,"standard_error":20516.027979621766},"median_abs_dev":{"confidence_interval":{"confidence_level":0.95,"lower_bound":112953.78519467043,"upper_bound":197218.94319866406},"point_estimate":150739.11632384552,"standard_error":21840.97547144046},"slope":null,"std_dev":{"confidence_interval":{"confidence_level":0.95,"lower_bound":141116.15221864285,"upper_bound":200916.7361938338},"point_estimate":172645.68741413025,"standard_error":15281.505401661425}}