{"mean":{"confidence_interval":{"confidence_level":0.95,"lower_bound":9105166.482625,"upper_bound":9257924.871041669},"point_estimate":9172960.366666669,"standard_error":39294.426544980204},"median":{"confidence_interval":{"confidence_level":0.95,"lower_bound":9074840.916666666,"upper_bound":9173613.833333334},"point_estimate":9118143.583333334,"standard_error":25885.451419358633},"median_abs_dev":{"confidence_interval":{"confidence_level":0.95,"lower_bound":147553.78558039572,"upper_bound":238318.803068995},"point_estimate":186164.51894492048,"standard_error":24039.406144020722},"slope":null,"std_dev":{"confidence_interval":{"confidence_level":0.95,"lower_bound":176470.03812573443,"upper_bound":576631.4419831228},"point_estimate":395899.051736166,"standard_error":108264.56811529922}}