{"mean":{"confidence_interval":{"confidence_level":0.95,"lower_bound":1531918.2864355813,"upper_bound":1590538.3157198904},"point_estimate":1559794.4102446465,"standard_error":14972.12993391053},"median":{"confidence_interval":{"confidence_level":0.95,"lower_bound":1489525.111111111,"upper_bound":1530252.3043478262},"point_estimate":1515158.5551659653,"standard_error":9900.683835830074},"median_abs_dev":{"confidence_interval":{"confidence_level":0.95,"lower_bound":49288.69265595058,"upper_bound":93593.01347928737},"point_estimate":68137.08763085587,"standard_error":11164.929557432431},"slope":{"confidence_interval":{"confidence_level":0.95,"lower_bound":1546815.470492163,"upper_bound":1615892.4182496478},"point_estimate":1579706.588996601,"standard_error":17659.110397119715},"std_dev":{"confidence_interval":{"confidence_level":0.95,"lower_bound":107675.01453539038,"upper_bound":185908.78249318342},"point_estimate":150328.51034613478,"standard_error":19994.7035295474}}