{"mean":{"confidence_interval":{"confidence_level":0.95,"lower_bound":75570.71741417951,"upper_bound":76153.13837910487},"point_estimate":75825.56488732208,"standard_error":150.21671210832912},"median":{"confidence_interval":{"confidence_level":0.95,"lower_bound":75485.33215676728,"upper_bound":75727.4571843251},"point_estimate":75598.73144478473,"standard_error":56.64575277399371},"median_abs_dev":{"confidence_interval":{"confidence_level":0.95,"lower_bound":350.3400884324507,"upper_bound":669.2646942956935},"point_estimate":456.52366007690426,"standard_error":87.56096195901954},"slope":{"confidence_interval":{"confidence_level":0.95,"lower_bound":75561.8975147975,"upper_bound":75878.73323221477},"point_estimate":75708.48604926624,"standard_error":81.1786789724036},"std_dev":{"confidence_interval":{"confidence_level":0.95,"lower_bound":635.5874136524594,"upper_bound":2277.946223050362},"point_estimate":1504.3366217659448,"standard_error":440.13416171688476}}