{"mean":{"confidence_interval":{"confidence_level":0.95,"lower_bound":116113.15351068151,"upper_bound":120987.41515398589},"point_estimate":118415.84704530872,"standard_error":1243.4601445018147},"median":{"confidence_interval":{"confidence_level":0.95,"lower_bound":114568.42809215465,"upper_bound":118359.0361757106},"point_estimate":117194.70507686643,"standard_error":966.0456878020675},"median_abs_dev":{"confidence_interval":{"confidence_level":0.95,"lower_bound":7197.8828488786985,"upper_bound":10935.665554780613},"point_estimate":9171.141735832683,"standard_error":951.468463089137},"slope":{"confidence_interval":{"confidence_level":0.95,"lower_bound":118147.65960753162,"upper_bound":125250.62524925201},"point_estimate":121363.66068042626,"standard_error":1818.9396069257511},"std_dev":{"confidence_interval":{"confidence_level":0.95,"lower_bound":8582.08778331024,"upper_bound":16196.371655232659},"point_estimate":12525.75165078041,"standard_error":1962.610119449649}}