{"mean":{"confidence_interval":{"confidence_level":0.95,"lower_bound":11009350.197700003,"upper_bound":11049246.409299998},"point_estimate":11029141.025999999,"standard_error":10165.917178157784},"median":{"confidence_interval":{"confidence_level":0.95,"lower_bound":10977117.8,"upper_bound":11045104.2},"point_estimate":11008531.0,"standard_error":17361.444088739023},"median_abs_dev":{"confidence_interval":{"confidence_level":0.95,"lower_bound":73990.25622341144,"upper_bound":131390.94892184544},"point_estimate":107071.59097910038,"standard_error":14189.047265858415},"slope":null,"std_dev":{"confidence_interval":{"confidence_level":0.95,"lower_bound":89670.98786288897,"upper_bound":113384.61078544107},"point_estimate":102479.10559604921,"standard_error":6021.57398841817}}