{"mean":{"confidence_interval":{"confidence_level":0.95,"lower_bound":13394732.5079375,"upper_bound":13759932.53675},"point_estimate":13563000.945,"standard_error":93513.44209513169},"median":{"confidence_interval":{"confidence_level":0.95,"lower_bound":13357387.25,"upper_bound":13626339.25},"point_estimate":13522201.0,"standard_error":74270.11752252822},"median_abs_dev":{"confidence_interval":{"confidence_level":0.95,"lower_bound":415631.14999607205,"upper_bound":713580.1857814193},"point_estimate":531700.9367354214,"standard_error":74223.3740239557},"slope":null,"std_dev":{"confidence_interval":{"confidence_level":0.95,"lower_bound":588376.60818773,"upper_bound":1336422.7023387582},"point_estimate":941106.7543251725,"standard_error":212749.99181575785}}