{"mean":{"confidence_interval":{"confidence_level":0.95,"lower_bound":12255405.34925,"upper_bound":12579467.858624998},"point_estimate":12408181.805,"standard_error":82693.78090160164},"median":{"confidence_interval":{"confidence_level":0.95,"lower_bound":12098198.25,"upper_bound":12431110.75},"point_estimate":12290960.75,"standard_error":77419.87830422928},"median_abs_dev":{"confidence_interval":{"confidence_level":0.95,"lower_bound":486237.1938675642,"upper_bound":758850.2640277147},"point_estimate":635479.2283929884,"standard_error":72145.33486000697},"slope":null,"std_dev":{"confidence_interval":{"confidence_level":0.95,"lower_bound":570211.2594005478,"upper_bound":1118424.0411855418},"point_estimate":832034.0153302803,"standard_error":147683.59113643054}}