{"mean":{"confidence_interval":{"confidence_level":0.95,"lower_bound":10607035.190800006,"upper_bound":10842334.141200006},"point_estimate":10725046.380000003,"standard_error":60316.339434251946},"median":{"confidence_interval":{"confidence_level":0.95,"lower_bound":10902492.6,"upper_bound":10972153.2},"point_estimate":10930153.0,"standard_error":16842.433859233704},"median_abs_dev":{"confidence_interval":{"confidence_level":0.95,"lower_bound":190486.0754781956,"upper_bound":621844.5348000518},"point_estimate":327331.53564870305,"standard_error":100965.27744447989},"slope":null,"std_dev":{"confidence_interval":{"confidence_level":0.95,"lower_bound":529102.3310102875,"upper_bound":689419.6726881104},"point_estimate":609634.7140840308,"standard_error":40961.32096725167}}