{"mean":{"confidence_interval":{"confidence_level":0.95,"lower_bound":10993762.501150003,"upper_bound":11037342.2694},"point_estimate":11015222.392,"standard_error":11117.534389945713},"median":{"confidence_interval":{"confidence_level":0.95,"lower_bound":10971027.6,"upper_bound":11011308.0},"point_estimate":10997987.8,"standard_error":11315.094760941094},"median_abs_dev":{"confidence_interval":{"confidence_level":0.95,"lower_bound":75049.65544760338,"upper_bound":127030.35182476154},"point_estimate":109031.43988430666,"standard_error":13092.04210434424},"slope":null,"std_dev":{"confidence_interval":{"confidence_level":0.95,"lower_bound":95552.10653963701,"upper_bound":125486.74565691521},"point_estimate":111782.7507516287,"standard_error":7630.391970102834}}