{"mean":{"confidence_interval":{"confidence_level":0.95,"lower_bound":12554751.166,"upper_bound":12812513.372750001},"point_estimate":12679247.992000002,"standard_error":65623.0499569548},"median":{"confidence_interval":{"confidence_level":0.95,"lower_bound":12410698.6,"upper_bound":12657781.8},"point_estimate":12518590.0,"standard_error":68233.49311449534},"median_abs_dev":{"confidence_interval":{"confidence_level":0.95,"lower_bound":350817.25357174873,"upper_bound":640120.8411955842},"point_estimate":500250.4322987792,"standard_error":76028.02260840619},"slope":null,"std_dev":{"confidence_interval":{"confidence_level":0.95,"lower_bound":517313.44825390144,"upper_bound":792822.1467693242},"point_estimate":656265.1197111321,"standard_error":70694.32128303133}}