{"mean":{"confidence_interval":{"confidence_level":0.95,"lower_bound":13666344.494125,"upper_bound":13872209.688312499},"point_estimate":13765051.81,"standard_error":52663.507848621164},"median":{"confidence_interval":{"confidence_level":0.95,"lower_bound":13531883.0,"upper_bound":13703044.75},"point_estimate":13616838.875,"standard_error":45074.26186551997},"median_abs_dev":{"confidence_interval":{"confidence_level":0.95,"lower_bound":218439.0524469316,"upper_bound":428445.4468935728},"point_estimate":296132.66549259424,"standard_error":55362.46607754394},"slope":null,"std_dev":{"confidence_interval":{"confidence_level":0.95,"lower_bound":404909.9386925351,"upper_bound":641784.6968170538},"point_estimate":529765.505292516,"standard_error":60528.69983341574}}