{"mean":{"confidence_interval":{"confidence_level":0.95,"lower_bound":10188758.722899994,"upper_bound":10418742.1218},"point_estimate":10299726.787999997,"standard_error":58670.86460952041},"median":{"confidence_interval":{"confidence_level":0.95,"lower_bound":10009716.2,"upper_bound":10107187.0},"point_estimate":10057536.5,"standard_error":23515.268775691988},"median_abs_dev":{"confidence_interval":{"confidence_level":0.95,"lower_bound":180848.73086929155,"upper_bound":341017.19732223294},"point_estimate":238344.69914853683,"standard_error":40291.71801847511},"slope":null,"std_dev":{"confidence_interval":{"confidence_level":0.95,"lower_bound":483715.299712585,"upper_bound":678351.7794785541},"point_estimate":589665.3352057263,"standard_error":49615.26538446982}}