{"mean":{"confidence_interval":{"confidence_level":0.95,"lower_bound":12997762.3195625,"upper_bound":13173283.4855},"point_estimate":13083781.8,"standard_error":44657.10020862103},"median":{"confidence_interval":{"confidence_level":0.95,"lower_bound":12923082.75,"upper_bound":13111840.0},"point_estimate":13011552.375,"standard_error":49303.72214937555},"median_abs_dev":{"confidence_interval":{"confidence_level":0.95,"lower_bound":321631.7171148956,"upper_bound":524137.8236196935},"point_estimate":434214.7993661463,"standard_error":48247.321809715046},"slope":null,"std_dev":{"confidence_interval":{"confidence_level":0.95,"lower_bound":379888.0903922792,"upper_bound":511133.2035534115},"point_estimate":449022.9556630627,"standard_error":33490.00584000048}}