{"mean":{"confidence_interval":{"confidence_level":0.95,"lower_bound":12583144.2961875,"upper_bound":12687288.328875},"point_estimate":12626698.79,"standard_error":27207.654295764136},"median":{"confidence_interval":{"confidence_level":0.95,"lower_bound":12567006.0,"upper_bound":12598518.0},"point_estimate":12584655.5,"standard_error":8894.1646934923},"median_abs_dev":{"confidence_interval":{"confidence_level":0.95,"lower_bound":48517.52816364169,"upper_bound":85470.77653259039},"point_estimate":63454.352248460054,"standard_error":9683.36022602948},"slope":null,"std_dev":{"confidence_interval":{"confidence_level":0.95,"lower_bound":70924.69187232696,"upper_bound":433519.8871033153},"point_estimate":273098.44214669283,"standard_error":99203.45341667616}}