{"mean":{"confidence_interval":{"confidence_level":0.95,"lower_bound":11315505.046900006,"upper_bound":11427478.905850004},"point_estimate":11361372.030000003,"standard_error":29202.02249674038},"median":{"confidence_interval":{"confidence_level":0.95,"lower_bound":11303888.399999999,"upper_bound":11372598.2},"point_estimate":11337788.1,"standard_error":17432.20534261254},"median_abs_dev":{"confidence_interval":{"confidence_level":0.95,"lower_bound":101261.42994224942,"upper_bound":178045.87561905204},"point_estimate":137007.3600876334,"standard_error":20988.292322799156},"slope":null,"std_dev":{"confidence_interval":{"confidence_level":0.95,"lower_bound":119963.34984968796,"upper_bound":470056.14152193157},"point_estimate":293150.91260849836,"standard_error":116143.13104204259}}