{"mean":{"confidence_interval":{"confidence_level":0.95,"lower_bound":136267196.04575,"upper_bound":137214483.307},"point_estimate":136732707.84,"standard_error":241115.76576381852},"median":{"confidence_interval":{"confidence_level":0.95,"lower_bound":136157875.0,"upper_bound":136997376.0},"point_estimate":136510276.0,"standard_error":249824.94395814903},"median_abs_dev":{"confidence_interval":{"confidence_level":0.95,"lower_bound":1582085.3971123695,"upper_bound":2614198.110088706},"point_estimate":2193508.143657446,"standard_error":268439.20632976043},"slope":null,"std_dev":{"confidence_interval":{"confidence_level":0.95,"lower_bound":2013105.2107513025,"upper_bound":2809758.27613011},"point_estimate":2427475.9566120477,"standard_error":203704.77576715307}}