{"mean":{"confidence_interval":{"confidence_level":0.95,"lower_bound":112401419.351,"upper_bound":115079483.96124999},"point_estimate":113699822.54,"standard_error":686263.0912240793},"median":{"confidence_interval":{"confidence_level":0.95,"lower_bound":110210651.5,"upper_bound":113799044.0},"point_estimate":111896723.5,"standard_error":1052835.5895621013},"median_abs_dev":{"confidence_interval":{"confidence_level":0.95,"lower_bound":4172739.0783190727,"upper_bound":7593246.218892932},"point_estimate":5777958.224120736,"standard_error":939293.6725313008},"slope":null,"std_dev":{"confidence_interval":{"confidence_level":0.95,"lower_bound":5657213.232578502,"upper_bound":7975244.684683746},"point_estimate":6876491.307332231,"standard_error":592725.0551812915}}