{"mean":{"confidence_interval":{"confidence_level":0.95,"lower_bound":107771293.49374999,"upper_bound":108990573.46975},"point_estimate":108371783.7,"standard_error":312276.5623268318},"median":{"confidence_interval":{"confidence_level":0.95,"lower_bound":106927517.0,"upper_bound":109084440.5},"point_estimate":108191030.5,"standard_error":628951.5780343949},"median_abs_dev":{"confidence_interval":{"confidence_level":0.95,"lower_bound":2545708.032899649,"upper_bound":4255952.967041731},"point_estimate":3474976.381006837,"standard_error":464840.3619871027},"slope":null,"std_dev":{"confidence_interval":{"confidence_level":0.95,"lower_bound":2730545.1010503853,"upper_bound":3511296.3836040082},"point_estimate":3146615.464063466,"standard_error":199700.2527819442}}