{"mean":{"confidence_interval":{"confidence_level":0.95,"lower_bound":244214.69675654898,"upper_bound":256047.024737031},"point_estimate":249626.5349938348,"standard_error":3032.6970151523},"median":{"confidence_interval":{"confidence_level":0.95,"lower_bound":240032.96745923912,"upper_bound":248803.3025},"point_estimate":244306.6,"standard_error":2115.5101935875728},"median_abs_dev":{"confidence_interval":{"confidence_level":0.95,"lower_bound":13401.885819849398,"upper_bound":20413.941995097826},"point_estimate":17691.253049895957,"standard_error":1861.60526298686},"slope":{"confidence_interval":{"confidence_level":0.95,"lower_bound":243099.8017463044,"upper_bound":252361.23273045893},"point_estimate":247667.1263684055,"standard_error":2368.5160540369025},"std_dev":{"confidence_interval":{"confidence_level":0.95,"lower_bound":17006.14138345178,"upper_bound":43591.049761368246},"point_estimate":30580.561283412473,"standard_error":7107.754417396926}}