{"mean":{"confidence_interval":{"confidence_level":0.95,"lower_bound":93706.5781753507,"upper_bound":96920.39151785456},"point_estimate":95199.14627950474,"standard_error":821.4765764082924},"median":{"confidence_interval":{"confidence_level":0.95,"lower_bound":92717.11363636363,"upper_bound":94718.31118881119},"point_estimate":93488.75390266298,"standard_error":547.8862365664443},"median_abs_dev":{"confidence_interval":{"confidence_level":0.95,"lower_bound":3843.4840119808987,"upper_bound":6638.906513509366},"point_estimate":5633.09982043845,"standard_error":714.0436892958965},"slope":{"confidence_interval":{"confidence_level":0.95,"lower_bound":92808.59660055318,"upper_bound":96483.13485946602},"point_estimate":94344.77652941414,"standard_error":952.2768507981382},"std_dev":{"confidence_interval":{"confidence_level":0.95,"lower_bound":5227.217529329866,"upper_bound":11018.311357897439},"point_estimate":8264.345749299411,"standard_error":1502.4489081295644}}