{"mean":{"confidence_interval":{"confidence_level":0.95,"lower_bound":1083488.868686274,"upper_bound":1122164.199463594},"point_estimate":1101860.5904807544,"standard_error":9875.103688014518},"median":{"confidence_interval":{"confidence_level":0.95,"lower_bound":1056902.2899159663,"upper_bound":1083638.9021842354},"point_estimate":1065639.351551957,"standard_error":7157.94677836261},"median_abs_dev":{"confidence_interval":{"confidence_level":0.95,"lower_bound":28251.501159305208,"upper_bound":64727.9726898396},"point_estimate":42501.7397766932,"standard_error":8804.912821316648},"slope":{"confidence_interval":{"confidence_level":0.95,"lower_bound":1089641.3054294859,"upper_bound":1144270.7991631269},"point_estimate":1116164.494121472,"standard_error":13990.989739262903},"std_dev":{"confidence_interval":{"confidence_level":0.95,"lower_bound":73484.38571756918,"upper_bound":122210.91874681253},"point_estimate":99376.94543508676,"standard_error":12450.349413359992}}