{"mean":{"confidence_interval":{"confidence_level":0.95,"lower_bound":1264882.4491296825,"upper_bound":1298797.948478475},"point_estimate":1281157.9906574774,"standard_error":8614.70144897377},"median":{"confidence_interval":{"confidence_level":0.95,"lower_bound":1254908.4264705882,"upper_bound":1287040.8410447761},"point_estimate":1271996.1482213438,"standard_error":8128.241627604125},"median_abs_dev":{"confidence_interval":{"confidence_level":0.95,"lower_bound":52073.5468789171,"upper_bound":91495.92088194293},"point_estimate":78288.93366723649,"standard_error":10026.587482826062},"slope":{"confidence_interval":{"confidence_level":0.95,"lower_bound":1273147.7784511505,"upper_bound":1301823.4482526935},"point_estimate":1286932.2321678735,"standard_error":7272.454416644088},"std_dev":{"confidence_interval":{"confidence_level":0.95,"lower_bound":63569.69917276592,"upper_bound":109031.93446035593},"point_estimate":86340.99128622106,"standard_error":11744.531832947763}}