{"mean":{"confidence_interval":{"confidence_level":0.95,"lower_bound":911496.4444090092,"upper_bound":921926.0173911157},"point_estimate":916030.0753204845,"standard_error":2686.8255217304068},"median":{"confidence_interval":{"confidence_level":0.95,"lower_bound":908487.5500852515,"upper_bound":915060.89},"point_estimate":910597.9136961722,"standard_error":1526.333521032597},"median_abs_dev":{"confidence_interval":{"confidence_level":0.95,"lower_bound":8639.476484686687,"upper_bound":13270.252082434305},"point_estimate":10416.398064113087,"standard_error":1175.0741902731922},"slope":{"confidence_interval":{"confidence_level":0.95,"lower_bound":910220.1587240798,"upper_bound":929621.1430656839},"point_estimate":917918.4986123836,"standard_error":5205.589151324849},"std_dev":{"confidence_interval":{"confidence_level":0.95,"lower_bound":11178.029822283243,"upper_bound":39300.767418759846},"point_estimate":26837.472472046862,"standard_error":7563.875627956864}}