{"mean":{"confidence_interval":{"confidence_level":0.95,"lower_bound":133690.00976951316,"upper_bound":139916.31536261123},"point_estimate":136629.08266770458,"standard_error":1589.3428214237306},"median":{"confidence_interval":{"confidence_level":0.95,"lower_bound":130350.9955882353,"upper_bound":133185.43214285714},"point_estimate":131588.8518026005,"standard_error":608.1234297693998},"median_abs_dev":{"confidence_interval":{"confidence_level":0.95,"lower_bound":4767.94391991022,"upper_bound":9108.668399593967},"point_estimate":6866.577233245349,"standard_error":1105.8670980349414},"slope":{"confidence_interval":{"confidence_level":0.95,"lower_bound":132336.16069628406,"upper_bound":136369.07810169572},"point_estimate":134145.02281956555,"standard_error":1032.2561011719622},"std_dev":{"confidence_interval":{"confidence_level":0.95,"lower_bound":11151.53502793656,"upper_bound":20613.939149151236},"point_estimate":15910.828371989477,"standard_error":2464.1473549905804}}