{"mean":{"confidence_interval":{"confidence_level":0.95,"lower_bound":1400908.6569173979,"upper_bound":1464382.00104819},"point_estimate":1430326.0393901097,"standard_error":16278.21644330975},"median":{"confidence_interval":{"confidence_level":0.95,"lower_bound":1375471.55,"upper_bound":1410599.0526315789},"point_estimate":1385044.4828840392,"standard_error":8545.88157560421},"median_abs_dev":{"confidence_interval":{"confidence_level":0.95,"lower_bound":53490.23251658835,"upper_bound":102264.13274400991},"point_estimate":75396.66438407682,"standard_error":12507.0728316658},"slope":{"confidence_interval":{"confidence_level":0.95,"lower_bound":1379004.1296965247,"upper_bound":1412785.199426314},"point_estimate":1395067.4917304567,"standard_error":8647.878081777619},"std_dev":{"confidence_interval":{"confidence_level":0.95,"lower_bound":102978.59141549874,"upper_bound":220290.75406414203},"point_estimate":163627.3994491592,"standard_error":30369.8505871215}}