{"mean":{"confidence_interval":{"confidence_level":0.95,"lower_bound":10128467.291000001,"upper_bound":10918616.37825},"point_estimate":10498674.46,"standard_error":201651.71047203106},"median":{"confidence_interval":{"confidence_level":0.95,"lower_bound":9609409.0,"upper_bound":10090915.0},"point_estimate":9859362.5,"standard_error":110124.25545065133},"median_abs_dev":{"confidence_interval":{"confidence_level":0.95,"lower_bound":578368.9214318991,"upper_bound":1048580.6921839714},"point_estimate":767551.6432732344,"standard_error":114652.4778783238},"slope":null,"std_dev":{"confidence_interval":{"confidence_level":0.95,"lower_bound":1354292.7678347311,"upper_bound":2618463.121186089},"point_estimate":2029202.6292652532,"standard_error":323133.0580916463}}