{"mean":{"confidence_interval":{"confidence_level":0.95,"lower_bound":9450260.2855,"upper_bound":9784724.504999999},"point_estimate":9610542.43,"standard_error":85194.67295242047},"median":{"confidence_interval":{"confidence_level":0.95,"lower_bound":9236046.0,"upper_bound":9498844.0},"point_estimate":9346945.0,"standard_error":58559.84182286271},"median_abs_dev":{"confidence_interval":{"confidence_level":0.95,"lower_bound":363308.8996499777,"upper_bound":671761.6002738476},"point_estimate":504822.32583761215,"standard_error":76629.98529907799},"slope":null,"std_dev":{"confidence_interval":{"confidence_level":0.95,"lower_bound":657053.931392034,"upper_bound":1031875.7057784875},"point_estimate":856695.6271159558,"standard_error":96036.42127731098}}