{"mean":{"confidence_interval":{"confidence_level":0.95,"lower_bound":11553631.7475,"upper_bound":12309763.8475},"point_estimate":11900210.68,"standard_error":193566.74371539193},"median":{"confidence_interval":{"confidence_level":0.95,"lower_bound":11173955.0,"upper_bound":11458358.0},"point_estimate":11306106.5,"standard_error":79619.97007097861},"median_abs_dev":{"confidence_interval":{"confidence_level":0.95,"lower_bound":534040.6092213839,"upper_bound":916556.6471278667},"point_estimate":737455.6051075459,"standard_error":96156.47899542989},"slope":null,"std_dev":{"confidence_interval":{"confidence_level":0.95,"lower_bound":1177869.660428217,"upper_bound":2564194.84272065},"point_estimate":1940845.5832640606,"standard_error":353018.5177868374}}