{"mean":{"confidence_interval":{"confidence_level":0.95,"lower_bound":10835154.26475,"upper_bound":11230525.96625},"point_estimate":11015448.56,"standard_error":101049.86321608009},"median":{"confidence_interval":{"confidence_level":0.95,"lower_bound":10665269.0,"upper_bound":10861770.0},"point_estimate":10730469.0,"standard_error":54032.57117428519},"median_abs_dev":{"confidence_interval":{"confidence_level":0.95,"lower_bound":240109.28963720798,"upper_bound":461167.1696126461},"point_estimate":343668.8977986574,"standard_error":56651.17473431974},"slope":null,"std_dev":{"confidence_interval":{"confidence_level":0.95,"lower_bound":582700.4447032304,"upper_bound":1353325.415571991},"point_estimate":1012125.9801997672,"standard_error":196345.1871478672}}